mode: set
github.com/scttfrdmn/cargoship/pkg/tui/comprehensive_views.go:13.54,33.2 6 0
github.com/scttfrdmn/cargoship/pkg/tui/comprehensive_views.go:36.54,57.2 6 0
github.com/scttfrdmn/cargoship/pkg/tui/comprehensive_views.go:60.55,79.2 6 0
github.com/scttfrdmn/cargoship/pkg/tui/comprehensive_views.go:82.51,101.2 6 0
github.com/scttfrdmn/cargoship/pkg/tui/comprehensive_views.go:104.52,109.20 3 0
github.com/scttfrdmn/cargoship/pkg/tui/comprehensive_views.go:109.20,111.3 1 0
github.com/scttfrdmn/cargoship/pkg/tui/comprehensive_views.go:112.2,119.20 3 0
github.com/scttfrdmn/cargoship/pkg/tui/comprehensive_views.go:119.20,121.3 1 0
github.com/scttfrdmn/cargoship/pkg/tui/comprehensive_views.go:122.2,133.16 3 0
github.com/scttfrdmn/cargoship/pkg/tui/comprehensive_views.go:137.52,152.2 5 0
github.com/scttfrdmn/cargoship/pkg/tui/comprehensive_views.go:155.50,167.2 4 0
github.com/scttfrdmn/cargoship/pkg/tui/comprehensive_views.go:170.51,181.2 2 0
github.com/scttfrdmn/cargoship/pkg/tui/comprehensive_views.go:184.51,187.2 1 0
github.com/scttfrdmn/cargoship/pkg/tui/comprehensive_views.go:190.47,199.2 2 0
github.com/scttfrdmn/cargoship/pkg/tui/comprehensive_views.go:202.45,212.2 3 0
github.com/scttfrdmn/cargoship/pkg/tui/comprehensive_views.go:216.40,233.2 3 0
github.com/scttfrdmn/cargoship/pkg/tui/comprehensive_views.go:235.40,250.2 3 0
github.com/scttfrdmn/cargoship/pkg/tui/comprehensive_views.go:252.38,267.2 3 0
github.com/scttfrdmn/cargoship/pkg/tui/comprehensive_views.go:269.41,285.2 3 0
github.com/scttfrdmn/cargoship/pkg/tui/comprehensive_views.go:287.38,301.2 3 0
github.com/scttfrdmn/cargoship/pkg/tui/comprehensive_views.go:303.39,318.2 3 0
github.com/scttfrdmn/cargoship/pkg/tui/comprehensive_views.go:320.45,334.2 3 0
github.com/scttfrdmn/cargoship/pkg/tui/comprehensive_views.go:336.44,350.2 3 0
github.com/scttfrdmn/cargoship/pkg/tui/comprehensive_views.go:352.38,367.2 3 0
github.com/scttfrdmn/cargoship/pkg/tui/comprehensive_views.go:369.38,384.2 3 0
github.com/scttfrdmn/cargoship/pkg/tui/comprehensive_views.go:386.40,400.2 3 0
github.com/scttfrdmn/cargoship/pkg/tui/comprehensive_views.go:403.46,404.23 1 0
github.com/scttfrdmn/cargoship/pkg/tui/comprehensive_views.go:405.25,407.33 1 0
github.com/scttfrdmn/cargoship/pkg/tui/comprehensive_views.go:407.33,409.4 1 0
github.com/scttfrdmn/cargoship/pkg/tui/comprehensive_views.go:410.26,412.33 1 0
github.com/scttfrdmn/cargoship/pkg/tui/comprehensive_views.go:412.33,414.4 1 0
github.com/scttfrdmn/cargoship/pkg/tui/comprehensive_views.go:415.22,417.33 1 0
github.com/scttfrdmn/cargoship/pkg/tui/comprehensive_views.go:417.33,419.4 1 0
github.com/scttfrdmn/cargoship/pkg/tui/comprehensive_views.go:420.10,421.13 1 0
github.com/scttfrdmn/cargoship/pkg/tui/dashboard.go:195.80,260.2 10 0
github.com/scttfrdmn/cargoship/pkg/tui/dashboard.go:263.33,271.16 4 0
github.com/scttfrdmn/cargoship/pkg/tui/dashboard.go:271.16,273.3 1 0
github.com/scttfrdmn/cargoship/pkg/tui/dashboard.go:275.2,276.12 2 0
github.com/scttfrdmn/cargoship/pkg/tui/dashboard.go:280.36,285.2 1 0
github.com/scttfrdmn/cargoship/pkg/tui/dashboard.go:288.62,291.27 2 0
github.com/scttfrdmn/cargoship/pkg/tui/dashboard.go:292.18,293.23 1 0
github.com/scttfrdmn/cargoship/pkg/tui/dashboard.go:294.22,295.22 1 0
github.com/scttfrdmn/cargoship/pkg/tui/dashboard.go:297.23,299.48 2 0
github.com/scttfrdmn/cargoship/pkg/tui/dashboard.go:301.28,303.48 2 0
github.com/scttfrdmn/cargoship/pkg/tui/dashboard.go:305.13,306.21 1 0
github.com/scttfrdmn/cargoship/pkg/tui/dashboard.go:306.21,308.5 1 0
github.com/scttfrdmn/cargoship/pkg/tui/dashboard.go:310.15,311.35 1 0
github.com/scttfrdmn/cargoship/pkg/tui/dashboard.go:313.12,315.41 1 0
github.com/scttfrdmn/cargoship/pkg/tui/dashboard.go:317.16,319.43 1 0
github.com/scttfrdmn/cargoship/pkg/tui/dashboard.go:321.42,323.80 1 0
github.com/scttfrdmn/cargoship/pkg/tui/dashboard.go:323.80,326.5 2 0
github.com/scttfrdmn/cargoship/pkg/tui/dashboard.go:329.15,331.51 2 0
github.com/scttfrdmn/cargoship/pkg/tui/dashboard.go:331.51,333.4 1 0
github.com/scttfrdmn/cargoship/pkg/tui/dashboard.go:335.21,337.28 2 0
github.com/scttfrdmn/cargoship/pkg/tui/dashboard.go:340.2,340.30 1 0
github.com/scttfrdmn/cargoship/pkg/tui/dashboard.go:344.35,347.39 2 0
github.com/scttfrdmn/cargoship/pkg/tui/dashboard.go:347.39,348.25 1 0
github.com/scttfrdmn/cargoship/pkg/tui/dashboard.go:348.25,350.4 1 0
github.com/scttfrdmn/cargoship/pkg/tui/dashboard.go:350.9,352.4 1 0
github.com/scttfrdmn/cargoship/pkg/tui/dashboard.go:355.2,359.23 3 0
github.com/scttfrdmn/cargoship/pkg/tui/dashboard.go:360.25,361.40 1 0
github.com/scttfrdmn/cargoship/pkg/tui/dashboard.go:362.25,363.40 1 0
github.com/scttfrdmn/cargoship/pkg/tui/dashboard.go:364.26,365.41 1 0
github.com/scttfrdmn/cargoship/pkg/tui/dashboard.go:366.22,367.37 1 0
github.com/scttfrdmn/cargoship/pkg/tui/dashboard.go:368.23,369.38 1 0
github.com/scttfrdmn/cargoship/pkg/tui/dashboard.go:370.23,371.38 1 0
github.com/scttfrdmn/cargoship/pkg/tui/dashboard.go:372.21,373.36 1 0
github.com/scttfrdmn/cargoship/pkg/tui/dashboard.go:374.10,375.40 1 0
github.com/scttfrdmn/cargoship/pkg/tui/dashboard.go:379.2,381.72 2 0
github.com/scttfrdmn/cargoship/pkg/tui/essential_functions.go:24.39,25.57 1 0
github.com/scttfrdmn/cargoship/pkg/tui/essential_functions.go:25.57,27.3 1 0
github.com/scttfrdmn/cargoship/pkg/tui/essential_functions.go:31.44,32.24 1 0
github.com/scttfrdmn/cargoship/pkg/tui/essential_functions.go:32.24,44.3 1 0
github.com/scttfrdmn/cargoship/pkg/tui/essential_functions.go:48.51,49.25 1 0
github.com/scttfrdmn/cargoship/pkg/tui/essential_functions.go:49.25,51.3 1 0
github.com/scttfrdmn/cargoship/pkg/tui/essential_functions.go:52.2,52.23 1 0
github.com/scttfrdmn/cargoship/pkg/tui/essential_functions.go:52.23,54.3 1 0
github.com/scttfrdmn/cargoship/pkg/tui/essential_functions.go:55.2,55.34 1 0
github.com/scttfrdmn/cargoship/pkg/tui/essential_functions.go:55.34,57.3 1 0
github.com/scttfrdmn/cargoship/pkg/tui/essential_functions.go:58.2,58.31 1 0
github.com/scttfrdmn/cargoship/pkg/tui/essential_functions.go:58.31,60.3 1 0
github.com/scttfrdmn/cargoship/pkg/tui/essential_functions.go:61.2,61.33 1 0
github.com/scttfrdmn/cargoship/pkg/tui/essential_functions.go:61.33,63.3 1 0
github.com/scttfrdmn/cargoship/pkg/tui/essential_functions.go:64.2,64.33 1 0
github.com/scttfrdmn/cargoship/pkg/tui/essential_functions.go:64.33,66.3 1 0
github.com/scttfrdmn/cargoship/pkg/tui/essential_functions.go:69.2,69.23 1 0
github.com/scttfrdmn/cargoship/pkg/tui/essential_functions.go:70.23,72.22 2 0
github.com/scttfrdmn/cargoship/pkg/tui/essential_functions.go:73.25,74.27 1 0
github.com/scttfrdmn/cargoship/pkg/tui/essential_functions.go:75.26,76.28 1 0
github.com/scttfrdmn/cargoship/pkg/tui/essential_functions.go:77.22,78.23 1 0
github.com/scttfrdmn/cargoship/pkg/tui/essential_functions.go:79.23,80.25 1 0
github.com/scttfrdmn/cargoship/pkg/tui/essential_functions.go:85.37,102.2 3 0
github.com/scttfrdmn/cargoship/pkg/tui/essential_functions.go:104.36,122.2 3 0
github.com/scttfrdmn/cargoship/pkg/tui/essential_functions.go:125.40,127.33 2 0
github.com/scttfrdmn/cargoship/pkg/tui/essential_functions.go:127.33,137.3 2 0
github.com/scttfrdmn/cargoship/pkg/tui/essential_functions.go:138.2,138.28 1 0
github.com/scttfrdmn/cargoship/pkg/tui/essential_functions.go:141.39,143.29 2 0
github.com/scttfrdmn/cargoship/pkg/tui/essential_functions.go:143.29,155.3 2 0
github.com/scttfrdmn/cargoship/pkg/tui/essential_functions.go:156.2,156.27 1 0
github.com/scttfrdmn/cargoship/pkg/tui/essential_functions.go:160.51,179.2 1 0
github.com/scttfrdmn/cargoship/pkg/tui/essential_functions.go:181.47,194.2 1 0
github.com/scttfrdmn/cargoship/pkg/tui/essential_functions.go:196.54,210.2 1 0
github.com/scttfrdmn/cargoship/pkg/tui/table_updates.go:11.44,15.2 3 0
github.com/scttfrdmn/cargoship/pkg/tui/table_updates.go:18.45,22.2 3 0
github.com/scttfrdmn/cargoship/pkg/tui/table_updates.go:25.40,29.2 3 0
github.com/scttfrdmn/cargoship/pkg/tui/table_updates.go:32.42,35.2 2 0
github.com/scttfrdmn/cargoship/pkg/tui/table_updates.go:38.43,40.37 2 0
github.com/scttfrdmn/cargoship/pkg/tui/table_updates.go:40.37,50.3 2 0
github.com/scttfrdmn/cargoship/pkg/tui/table_updates.go:51.2,51.31 1 0
github.com/scttfrdmn/cargoship/pkg/tui/table_updates.go:55.43,64.2 2 0
github.com/scttfrdmn/cargoship/pkg/tui/table_updates.go:67.41,76.2 2 0
github.com/scttfrdmn/cargoship/pkg/tui/table_updates.go:79.43,81.40 2 0
github.com/scttfrdmn/cargoship/pkg/tui/table_updates.go:81.40,89.3 1 0
github.com/scttfrdmn/cargoship/pkg/tui/table_updates.go:92.2,92.20 1 0
github.com/scttfrdmn/cargoship/pkg/tui/table_updates.go:92.20,99.3 1 0
github.com/scttfrdmn/cargoship/pkg/tui/table_updates.go:101.2,101.31 1 0
github.com/scttfrdmn/cargoship/pkg/tui/table_updates.go:105.43,114.2 2 0
github.com/scttfrdmn/cargoship/pkg/tui/table_updates.go:117.42,125.2 2 0
github.com/scttfrdmn/cargoship/pkg/tui/table_updates.go:128.43,138.2 2 0
github.com/scttfrdmn/cargoship/pkg/tui/table_updates.go:141.48,150.2 2 0
github.com/scttfrdmn/cargoship/pkg/tui/table_updates.go:153.41,162.2 2 0
github.com/scttfrdmn/cargoship/pkg/tui/table_updates.go:165.41,167.42 2 0
github.com/scttfrdmn/cargoship/pkg/tui/table_updates.go:167.42,174.3 1 0
github.com/scttfrdmn/cargoship/pkg/tui/table_updates.go:177.2,177.20 1 0
github.com/scttfrdmn/cargoship/pkg/tui/table_updates.go:177.20,185.3 1 0
github.com/scttfrdmn/cargoship/pkg/tui/table_updates.go:187.2,187.29 1 0
github.com/scttfrdmn/cargoship/pkg/tui/table_updates.go:191.42,200.2 2 0
github.com/scttfrdmn/cargoship/pkg/tui/table_updates.go:204.59,231.2 1 0
github.com/scttfrdmn/cargoship/pkg/tui/table_updates.go:233.63,254.2 1 0
github.com/scttfrdmn/cargoship/pkg/tui/table_updates.go:256.60,275.2 1 0
github.com/scttfrdmn/cargoship/cmd/cargoship/main.go:22.32,24.25 2 1
github.com/scttfrdmn/cargoship/cmd/cargoship/main.go:24.25,26.3 1 1
github.com/scttfrdmn/cargoship/cmd/cargoship/main.go:27.2,27.23 1 1
github.com/scttfrdmn/cargoship/cmd/cargoship/main.go:27.23,29.3 1 1
github.com/scttfrdmn/cargoship/cmd/cargoship/main.go:30.2,30.20 1 1
github.com/scttfrdmn/cargoship/cmd/cargoship/main.go:33.13,40.16 2 0
github.com/scttfrdmn/cargoship/cmd/cargoship/main.go:40.16,43.3 2 0
github.com/scttfrdmn/cargoship/cmd/cargoship-launch/main.go:32.13,36.14 2 0
github.com/scttfrdmn/cargoship/cmd/cargoship-launch/main.go:36.14,39.3 2 0
github.com/scttfrdmn/cargoship/cmd/cargoship-launch/main.go:42.2,47.16 4 0
github.com/scttfrdmn/cargoship/cmd/cargoship-launch/main.go:47.16,50.3 2 0
github.com/scttfrdmn/cargoship/cmd/cargoship-launch/main.go:53.2,53.15 1 0
github.com/scttfrdmn/cargoship/cmd/cargoship-launch/main.go:53.15,56.3 2 0
github.com/scttfrdmn/cargoship/cmd/cargoship-launch/main.go:59.2,60.16 2 0
github.com/scttfrdmn/cargoship/cmd/cargoship-launch/main.go:60.16,63.3 2 0
github.com/scttfrdmn/cargoship/cmd/cargoship-launch/main.go:66.2,66.38 1 0
github.com/scttfrdmn/cargoship/cmd/cargoship-launch/main.go:66.38,69.3 2 0
github.com/scttfrdmn/cargoship/cmd/cargoship-launch/main.go:71.2,80.9 6 0
github.com/scttfrdmn/cargoship/cmd/cargoship-launch/main.go:81.24,82.57 1 0
github.com/scttfrdmn/cargoship/cmd/cargoship-launch/main.go:83.20,84.35 1 0
github.com/scttfrdmn/cargoship/cmd/cargoship-launch/main.go:88.2,89.37 2 0
github.com/scttfrdmn/cargoship/cmd/cargoship-launch/main.go:89.37,92.3 2 0
github.com/scttfrdmn/cargoship/cmd/cargoship-launch/main.go:94.2,94.47 1 0
github.com/scttfrdmn/cargoship/cmd/cargoship-launch/main.go:98.65,102.47 2 0
github.com/scttfrdmn/cargoship/cmd/cargoship-launch/main.go:102.47,104.17 2 0
github.com/scttfrdmn/cargoship/cmd/cargoship-launch/main.go:104.17,106.4 1 0
github.com/scttfrdmn/cargoship/cmd/cargoship-launch/main.go:108.3,108.54 1 0
github.com/scttfrdmn/cargoship/cmd/cargoship-launch/main.go:108.54,110.4 1 0
github.com/scttfrdmn/cargoship/cmd/cargoship-launch/main.go:114.2,114.50 1 0
github.com/scttfrdmn/cargoship/cmd/cargoship-launch/main.go:114.50,116.3 1 0
github.com/scttfrdmn/cargoship/cmd/cargoship-launch/main.go:119.2,122.47 2 0
github.com/scttfrdmn/cargoship/cmd/cargoship-launch/main.go:122.47,124.3 1 0
github.com/scttfrdmn/cargoship/cmd/cargoship-launch/main.go:126.2,126.20 1 0
github.com/scttfrdmn/cargoship/cmd/cargoship-launch/main.go:130.58,132.53 1 1
github.com/scttfrdmn/cargoship/cmd/cargoship-launch/main.go:132.53,134.3 1 1
github.com/scttfrdmn/cargoship/cmd/cargoship-launch/main.go:135.2,135.59 1 1
github.com/scttfrdmn/cargoship/cmd/cargoship-launch/main.go:135.59,137.3 1 1
github.com/scttfrdmn/cargoship/cmd/cargoship-launch/main.go:138.2,138.66 1 1
github.com/scttfrdmn/cargoship/cmd/cargoship-launch/main.go:138.66,140.3 1 0
github.com/scttfrdmn/cargoship/cmd/cargoship-launch/main.go:143.2,143.61 1 1
github.com/scttfrdmn/cargoship/cmd/cargoship-launch/main.go:143.61,145.3 1 1
github.com/scttfrdmn/cargoship/cmd/cargoship-launch/main.go:146.2,146.61 1 1
github.com/scttfrdmn/cargoship/cmd/cargoship-launch/main.go:146.61,148.3 1 1
github.com/scttfrdmn/cargoship/cmd/cargoship-launch/main.go:151.2,151.62 1 1
github.com/scttfrdmn/cargoship/cmd/cargoship-launch/main.go:151.62,154.33 3 1
github.com/scttfrdmn/cargoship/cmd/cargoship-launch/main.go:154.33,160.4 1 1
github.com/scttfrdmn/cargoship/cmd/cargoship-launch/main.go:164.2,164.60 1 1
github.com/scttfrdmn/cargoship/cmd/cargoship-launch/main.go:164.60,166.3 1 1
github.com/scttfrdmn/cargoship/cmd/cargoship-launch/main.go:167.2,167.64 1 1
github.com/scttfrdmn/cargoship/cmd/cargoship-launch/main.go:167.64,169.3 1 1
github.com/scttfrdmn/cargoship/cmd/cargoship-launch/main.go:170.2,170.60 1 1
github.com/scttfrdmn/cargoship/cmd/cargoship-launch/main.go:170.60,172.3 1 1
github.com/scttfrdmn/cargoship/cmd/cargoship-launch/main.go:175.2,175.65 1 1
github.com/scttfrdmn/cargoship/cmd/cargoship-launch/main.go:175.65,177.36 2 1
github.com/scttfrdmn/cargoship/cmd/cargoship-launch/main.go:177.36,179.4 1 1
github.com/scttfrdmn/cargoship/cmd/cargoship-launch/main.go:181.2,181.87 1 1
github.com/scttfrdmn/cargoship/cmd/cargoship-launch/main.go:181.87,183.36 2 1
github.com/scttfrdmn/cargoship/cmd/cargoship-launch/main.go:183.36,185.4 1 1
github.com/scttfrdmn/cargoship/cmd/cargoship-launch/main.go:189.2,189.71 1 1
github.com/scttfrdmn/cargoship/cmd/cargoship-launch/main.go:189.71,190.70 1 1
github.com/scttfrdmn/cargoship/cmd/cargoship-launch/main.go:190.70,192.4 1 1
github.com/scttfrdmn/cargoship/cmd/cargoship-launch/main.go:194.2,194.65 1 1
github.com/scttfrdmn/cargoship/cmd/cargoship-launch/main.go:194.65,195.64 1 1
github.com/scttfrdmn/cargoship/cmd/cargoship-launch/main.go:195.64,196.37 1 0
github.com/scttfrdmn/cargoship/cmd/cargoship-launch/main.go:196.37,198.5 1 0
github.com/scttfrdmn/cargoship/cmd/cargoship-launch/main.go:202.2,202.12 1 1
github.com/scttfrdmn/cargoship/cmd/cargoship-launch/main.go:206.52,208.21 1 1
github.com/scttfrdmn/cargoship/cmd/cargoship-launch/main.go:208.21,211.3 2 0
github.com/scttfrdmn/cargoship/cmd/cargoship-launch/main.go:214.2,214.23 1 1
github.com/scttfrdmn/cargoship/cmd/cargoship-launch/main.go:214.23,216.3 1 1
github.com/scttfrdmn/cargoship/cmd/cargoship-launch/main.go:219.2,219.30 1 1
github.com/scttfrdmn/cargoship/cmd/cargoship-launch/main.go:219.30,221.3 1 1
github.com/scttfrdmn/cargoship/cmd/cargoship-launch/main.go:224.2,224.39 1 1
github.com/scttfrdmn/cargoship/cmd/cargoship-launch/main.go:224.39,226.3 1 1
github.com/scttfrdmn/cargoship/cmd/cargoship-launch/main.go:227.2,227.38 1 1
github.com/scttfrdmn/cargoship/cmd/cargoship-launch/main.go:227.38,229.3 1 1
github.com/scttfrdmn/cargoship/cmd/cargoship-launch/main.go:230.2,230.39 1 1
github.com/scttfrdmn/cargoship/cmd/cargoship-launch/main.go:230.39,232.3 1 1
github.com/scttfrdmn/cargoship/cmd/cargoship-launch/main.go:233.2,233.39 1 1
github.com/scttfrdmn/cargoship/cmd/cargoship-launch/main.go:233.39,235.3 1 1
github.com/scttfrdmn/cargoship/cmd/cargoship-launch/main.go:236.2,236.36 1 1
github.com/scttfrdmn/cargoship/cmd/cargoship-launch/main.go:236.36,238.3 1 1
github.com/scttfrdmn/cargoship/cmd/cargoship-launch/main.go:241.2,241.33 1 1
github.com/scttfrdmn/cargoship/cmd/cargoship-launch/main.go:241.33,245.3 3 1
github.com/scttfrdmn/cargoship/cmd/cargoship-launch/main.go:248.2,248.29 1 1
github.com/scttfrdmn/cargoship/cmd/cargoship-launch/main.go:248.29,252.3 1 1
github.com/scttfrdmn/cargoship/cmd/cargoship-launch/main.go:255.2,255.35 1 1
github.com/scttfrdmn/cargoship/cmd/cargoship-launch/main.go:255.35,256.53 1 0
github.com/scttfrdmn/cargoship/cmd/cargoship-launch/main.go:256.53,258.4 1 0
github.com/scttfrdmn/cargoship/cmd/cargoship-launch/main.go:259.3,259.53 1 0
github.com/scttfrdmn/cargoship/cmd/cargoship-launch/main.go:259.53,264.4 1 0
github.com/scttfrdmn/cargoship/cmd/cargoship-launch/main.go:265.3,265.39 1 0
github.com/scttfrdmn/cargoship/cmd/cargoship-launch/main.go:265.39,267.4 1 0
github.com/scttfrdmn/cargoship/cmd/cargoship-launch/main.go:268.3,268.46 1 0
github.com/scttfrdmn/cargoship/cmd/cargoship-launch/main.go:268.46,270.4 1 0
github.com/scttfrdmn/cargoship/cmd/cargoship-launch/main.go:275.55,276.21 1 1
github.com/scttfrdmn/cargoship/cmd/cargoship-launch/main.go:276.21,278.3 1 1
github.com/scttfrdmn/cargoship/cmd/cargoship-launch/main.go:280.2,280.32 1 1
github.com/scttfrdmn/cargoship/cmd/cargoship-launch/main.go:280.32,282.3 1 1
github.com/scttfrdmn/cargoship/cmd/cargoship-launch/main.go:284.2,284.28 1 1
github.com/scttfrdmn/cargoship/cmd/cargoship-launch/main.go:284.28,286.3 1 1
github.com/scttfrdmn/cargoship/cmd/cargoship-launch/main.go:288.2,288.33 1 1
github.com/scttfrdmn/cargoship/cmd/cargoship-launch/main.go:288.33,290.3 1 1
github.com/scttfrdmn/cargoship/cmd/cargoship-launch/main.go:292.2,292.38 1 1
github.com/scttfrdmn/cargoship/cmd/cargoship-launch/main.go:292.38,294.3 1 1
github.com/scttfrdmn/cargoship/cmd/cargoship-launch/main.go:297.2,297.46 1 1
github.com/scttfrdmn/cargoship/cmd/cargoship-launch/main.go:297.46,298.60 1 1
github.com/scttfrdmn/cargoship/cmd/cargoship-launch/main.go:298.60,300.4 1 0
github.com/scttfrdmn/cargoship/cmd/cargoship-launch/main.go:303.2,303.12 1 1
github.com/scttfrdmn/cargoship/cmd/cargoship-launch/main.go:307.46,309.32 2 0
github.com/scttfrdmn/cargoship/cmd/cargoship-launch/main.go:310.15,311.29 1 0
github.com/scttfrdmn/cargoship/cmd/cargoship-launch/main.go:312.14,313.28 1 0
github.com/scttfrdmn/cargoship/cmd/cargoship-launch/main.go:314.14,315.28 1 0
github.com/scttfrdmn/cargoship/cmd/cargoship-launch/main.go:316.15,317.29 1 0
github.com/scttfrdmn/cargoship/cmd/cargoship-launch/main.go:318.10,319.28 1 0
github.com/scttfrdmn/cargoship/cmd/cargoship-launch/main.go:322.2,324.61 1 0
github.com/scttfrdmn/cargoship/cmd/cargoship-launch/main.go:324.61,326.29 1 0
github.com/scttfrdmn/cargoship/cmd/cargoship-launch/main.go:326.29,328.5 1 0
github.com/scttfrdmn/cargoship/cmd/cargoship-launch/main.go:329.4,329.12 1 0
github.com/scttfrdmn/cargoship/cmd/cargoship-launch/main.go:333.2,333.55 1 0
github.com/scttfrdmn/cargoship/cmd/cargoship-launch/main.go:337.26,339.2 1 1
github.com/scttfrdmn/cargoship/pkg/controller/agent_registry.go:78.77,88.2 2 1
github.com/scttfrdmn/cargoship/pkg/controller/agent_registry.go:91.40,99.2 4 1
github.com/scttfrdmn/cargoship/pkg/controller/agent_registry.go:102.39,112.34 6 1
github.com/scttfrdmn/cargoship/pkg/controller/agent_registry.go:112.34,113.30 1 1
github.com/scttfrdmn/cargoship/pkg/controller/agent_registry.go:113.30,115.4 1 1
github.com/scttfrdmn/cargoship/pkg/controller/agent_registry.go:118.2,119.12 2 1
github.com/scttfrdmn/cargoship/pkg/controller/agent_registry.go:131.142,138.56 4 1
github.com/scttfrdmn/cargoship/pkg/controller/agent_registry.go:138.56,140.33 1 0
github.com/scttfrdmn/cargoship/pkg/controller/agent_registry.go:140.33,142.4 1 0
github.com/scttfrdmn/cargoship/pkg/controller/agent_registry.go:143.3,143.64 1 0
github.com/scttfrdmn/cargoship/pkg/controller/agent_registry.go:147.2,170.22 4 1
github.com/scttfrdmn/cargoship/pkg/controller/agent_registry.go:170.22,172.3 1 0
github.com/scttfrdmn/cargoship/pkg/controller/agent_registry.go:174.2,190.8 2 1
github.com/scttfrdmn/cargoship/pkg/controller/agent_registry.go:194.75,199.13 4 1
github.com/scttfrdmn/cargoship/pkg/controller/agent_registry.go:199.13,201.3 1 1
github.com/scttfrdmn/cargoship/pkg/controller/agent_registry.go:204.2,206.31 3 1
github.com/scttfrdmn/cargoship/pkg/controller/agent_registry.go:206.31,209.3 2 1
github.com/scttfrdmn/cargoship/pkg/controller/agent_registry.go:211.2,211.25 1 1
github.com/scttfrdmn/cargoship/pkg/controller/agent_registry.go:215.59,220.34 4 1
github.com/scttfrdmn/cargoship/pkg/controller/agent_registry.go:220.34,223.32 3 1
github.com/scttfrdmn/cargoship/pkg/controller/agent_registry.go:223.32,226.4 2 0
github.com/scttfrdmn/cargoship/pkg/controller/agent_registry.go:227.3,227.38 1 1
github.com/scttfrdmn/cargoship/pkg/controller/agent_registry.go:230.2,230.15 1 1
github.com/scttfrdmn/cargoship/pkg/controller/agent_registry.go:234.95,239.13 4 1
github.com/scttfrdmn/cargoship/pkg/controller/agent_registry.go:239.13,241.3 1 1
github.com/scttfrdmn/cargoship/pkg/controller/agent_registry.go:243.2,243.29 1 1
github.com/scttfrdmn/cargoship/pkg/controller/agent_registry.go:243.29,245.3 1 0
github.com/scttfrdmn/cargoship/pkg/controller/agent_registry.go:248.2,266.16 4 1
github.com/scttfrdmn/cargoship/pkg/controller/agent_registry.go:266.16,269.3 2 0
github.com/scttfrdmn/cargoship/pkg/controller/agent_registry.go:271.2,276.12 2 1
github.com/scttfrdmn/cargoship/pkg/controller/agent_registry.go:280.95,285.13 4 1
github.com/scttfrdmn/cargoship/pkg/controller/agent_registry.go:285.13,287.3 1 1
github.com/scttfrdmn/cargoship/pkg/controller/agent_registry.go:290.2,304.12 10 1
github.com/scttfrdmn/cargoship/pkg/controller/agent_registry.go:308.46,313.2 3 0
github.com/scttfrdmn/cargoship/pkg/controller/agent_registry.go:316.67,321.13 4 0
github.com/scttfrdmn/cargoship/pkg/controller/agent_registry.go:321.13,323.3 1 0
github.com/scttfrdmn/cargoship/pkg/controller/agent_registry.go:325.2,332.33 4 0
github.com/scttfrdmn/cargoship/pkg/controller/agent_registry.go:332.33,333.72 1 0
github.com/scttfrdmn/cargoship/pkg/controller/agent_registry.go:333.72,336.4 2 0
github.com/scttfrdmn/cargoship/pkg/controller/agent_registry.go:341.45,347.6 4 1
github.com/scttfrdmn/cargoship/pkg/controller/agent_registry.go:347.6,348.10 1 1
github.com/scttfrdmn/cargoship/pkg/controller/agent_registry.go:349.24,350.10 1 1
github.com/scttfrdmn/cargoship/pkg/controller/agent_registry.go:351.19,352.25 1 0
github.com/scttfrdmn/cargoship/pkg/controller/agent_registry.go:358.45,365.40 5 0
github.com/scttfrdmn/cargoship/pkg/controller/agent_registry.go:365.40,366.74 1 0
github.com/scttfrdmn/cargoship/pkg/controller/agent_registry.go:366.74,374.4 4 0
github.com/scttfrdmn/cargoship/pkg/controller/agent_registry.go:379.33,381.2 1 1
github.com/scttfrdmn/cargoship/pkg/controller/auth.go:93.84,94.19 1 1
github.com/scttfrdmn/cargoship/pkg/controller/auth.go:94.19,101.3 1 1
github.com/scttfrdmn/cargoship/pkg/controller/auth.go:104.2,105.25 2 1
github.com/scttfrdmn/cargoship/pkg/controller/auth.go:105.25,107.49 2 1
github.com/scttfrdmn/cargoship/pkg/controller/auth.go:107.49,109.4 1 0
github.com/scttfrdmn/cargoship/pkg/controller/auth.go:110.3,110.57 1 1
github.com/scttfrdmn/cargoship/pkg/controller/auth.go:113.2,123.29 2 1
github.com/scttfrdmn/cargoship/pkg/controller/auth.go:123.29,124.46 1 1
github.com/scttfrdmn/cargoship/pkg/controller/auth.go:124.46,126.4 1 0
github.com/scttfrdmn/cargoship/pkg/controller/auth.go:130.2,137.16 3 1
github.com/scttfrdmn/cargoship/pkg/controller/auth.go:141.48,143.16 2 1
github.com/scttfrdmn/cargoship/pkg/controller/auth.go:143.16,145.3 1 0
github.com/scttfrdmn/cargoship/pkg/controller/auth.go:147.2,151.12 4 1
github.com/scttfrdmn/cargoship/pkg/controller/auth.go:155.49,219.2 7 1
github.com/scttfrdmn/cargoship/pkg/controller/auth.go:222.129,227.42 3 0
github.com/scttfrdmn/cargoship/pkg/controller/auth.go:227.42,229.3 1 0
github.com/scttfrdmn/cargoship/pkg/controller/auth.go:232.2,232.40 1 0
github.com/scttfrdmn/cargoship/pkg/controller/auth.go:232.40,234.3 1 0
github.com/scttfrdmn/cargoship/pkg/controller/auth.go:237.2,237.21 1 0
github.com/scttfrdmn/cargoship/pkg/controller/auth.go:237.21,238.57 1 0
github.com/scttfrdmn/cargoship/pkg/controller/auth.go:238.57,240.4 1 0
github.com/scttfrdmn/cargoship/pkg/controller/auth.go:243.2,262.12 4 0
github.com/scttfrdmn/cargoship/pkg/controller/auth.go:266.85,271.13 4 0
github.com/scttfrdmn/cargoship/pkg/controller/auth.go:271.13,273.3 1 0
github.com/scttfrdmn/cargoship/pkg/controller/auth.go:275.2,275.20 1 0
github.com/scttfrdmn/cargoship/pkg/controller/auth.go:275.20,277.3 1 0
github.com/scttfrdmn/cargoship/pkg/controller/auth.go:280.2,280.27 1 0
github.com/scttfrdmn/cargoship/pkg/controller/auth.go:280.27,281.81 1 0
github.com/scttfrdmn/cargoship/pkg/controller/auth.go:281.81,283.4 1 0
github.com/scttfrdmn/cargoship/pkg/controller/auth.go:287.2,288.13 2 0
github.com/scttfrdmn/cargoship/pkg/controller/auth.go:288.13,290.3 1 0
github.com/scttfrdmn/cargoship/pkg/controller/auth.go:293.2,316.26 5 0
github.com/scttfrdmn/cargoship/pkg/controller/auth.go:316.26,320.3 2 0
github.com/scttfrdmn/cargoship/pkg/controller/auth.go:320.8,324.3 2 0
github.com/scttfrdmn/cargoship/pkg/controller/auth.go:326.2,326.16 1 0
github.com/scttfrdmn/cargoship/pkg/controller/auth.go:326.16,328.3 1 0
github.com/scttfrdmn/cargoship/pkg/controller/auth.go:331.2,340.19 5 0
github.com/scttfrdmn/cargoship/pkg/controller/auth.go:344.75,346.104 1 0
github.com/scttfrdmn/cargoship/pkg/controller/auth.go:346.104,348.30 1 0
github.com/scttfrdmn/cargoship/pkg/controller/auth.go:349.30,350.27 1 0
github.com/scttfrdmn/cargoship/pkg/controller/auth.go:350.27,352.5 1 0
github.com/scttfrdmn/cargoship/pkg/controller/auth.go:353.4,353.28 1 0
github.com/scttfrdmn/cargoship/pkg/controller/auth.go:354.31,355.28 1 0
github.com/scttfrdmn/cargoship/pkg/controller/auth.go:356.11,357.80 1 0
github.com/scttfrdmn/cargoship/pkg/controller/auth.go:361.2,361.16 1 0
github.com/scttfrdmn/cargoship/pkg/controller/auth.go:361.16,363.3 1 0
github.com/scttfrdmn/cargoship/pkg/controller/auth.go:366.2,366.61 1 0
github.com/scttfrdmn/cargoship/pkg/controller/auth.go:366.61,372.14 4 0
github.com/scttfrdmn/cargoship/pkg/controller/auth.go:372.14,374.4 1 0
github.com/scttfrdmn/cargoship/pkg/controller/auth.go:376.3,376.21 1 0
github.com/scttfrdmn/cargoship/pkg/controller/auth.go:376.21,378.4 1 0
github.com/scttfrdmn/cargoship/pkg/controller/auth.go:380.3,380.21 1 0
github.com/scttfrdmn/cargoship/pkg/controller/auth.go:383.2,383.41 1 0
github.com/scttfrdmn/cargoship/pkg/controller/auth.go:387.82,392.13 4 0
github.com/scttfrdmn/cargoship/pkg/controller/auth.go:392.13,394.3 1 0
github.com/scttfrdmn/cargoship/pkg/controller/auth.go:396.2,396.37 1 0
github.com/scttfrdmn/cargoship/pkg/controller/auth.go:396.37,397.54 1 0
github.com/scttfrdmn/cargoship/pkg/controller/auth.go:397.54,399.4 1 0
github.com/scttfrdmn/cargoship/pkg/controller/auth.go:402.2,402.14 1 0
github.com/scttfrdmn/cargoship/pkg/controller/auth.go:406.84,411.13 4 0
github.com/scttfrdmn/cargoship/pkg/controller/auth.go:411.13,413.3 1 0
github.com/scttfrdmn/cargoship/pkg/controller/auth.go:415.2,415.26 1 0
github.com/scttfrdmn/cargoship/pkg/controller/auth.go:420.66,423.16 2 0
github.com/scttfrdmn/cargoship/pkg/controller/auth.go:423.16,425.3 1 0
github.com/scttfrdmn/cargoship/pkg/controller/auth.go:428.2,429.18 2 0
github.com/scttfrdmn/cargoship/pkg/controller/auth.go:429.18,431.3 1 0
github.com/scttfrdmn/cargoship/pkg/controller/auth.go:434.2,435.16 2 0
github.com/scttfrdmn/cargoship/pkg/controller/auth.go:435.16,437.3 1 0
github.com/scttfrdmn/cargoship/pkg/controller/auth.go:439.2,439.12 1 0
github.com/scttfrdmn/cargoship/pkg/controller/auth.go:442.84,445.21 1 0
github.com/scttfrdmn/cargoship/pkg/controller/auth.go:445.21,447.3 1 0
github.com/scttfrdmn/cargoship/pkg/controller/auth.go:448.2,448.12 1 0
github.com/scttfrdmn/cargoship/pkg/controller/auth.go:451.51,455.2 3 0
github.com/scttfrdmn/cargoship/pkg/controller/auth.go:457.80,459.32 2 0
github.com/scttfrdmn/cargoship/pkg/controller/auth.go:459.32,461.3 1 0
github.com/scttfrdmn/cargoship/pkg/controller/auth.go:462.2,462.15 1 0
github.com/scttfrdmn/cargoship/pkg/controller/auth.go:466.74,471.30 4 0
github.com/scttfrdmn/cargoship/pkg/controller/auth.go:471.30,473.3 1 0
github.com/scttfrdmn/cargoship/pkg/controller/auth.go:474.2,474.15 1 0
github.com/scttfrdmn/cargoship/pkg/controller/auth.go:478.57,483.29 4 0
github.com/scttfrdmn/cargoship/pkg/controller/auth.go:483.29,485.3 1 0
github.com/scttfrdmn/cargoship/pkg/controller/auth.go:486.2,486.15 1 0
github.com/scttfrdmn/cargoship/pkg/controller/controller.go:48.78,49.19 1 1
github.com/scttfrdmn/cargoship/pkg/controller/controller.go:49.19,51.3 1 1
github.com/scttfrdmn/cargoship/pkg/controller/controller.go:53.2,53.47 1 1
github.com/scttfrdmn/cargoship/pkg/controller/controller.go:53.47,55.3 1 1
github.com/scttfrdmn/cargoship/pkg/controller/controller.go:57.2,68.16 4 1
github.com/scttfrdmn/cargoship/pkg/controller/controller.go:68.16,71.3 2 0
github.com/scttfrdmn/cargoship/pkg/controller/controller.go:72.2,83.24 6 1
github.com/scttfrdmn/cargoship/pkg/controller/controller.go:83.24,85.3 1 1
github.com/scttfrdmn/cargoship/pkg/controller/controller.go:86.2,89.23 2 1
github.com/scttfrdmn/cargoship/pkg/controller/controller.go:89.23,91.17 2 0
github.com/scttfrdmn/cargoship/pkg/controller/controller.go:91.17,94.4 2 0
github.com/scttfrdmn/cargoship/pkg/controller/controller.go:95.3,95.44 1 0
github.com/scttfrdmn/cargoship/pkg/controller/controller.go:98.2,102.24 2 1
github.com/scttfrdmn/cargoship/pkg/controller/controller.go:106.36,110.43 2 0
github.com/scttfrdmn/cargoship/pkg/controller/controller.go:110.43,112.3 1 0
github.com/scttfrdmn/cargoship/pkg/controller/controller.go:115.2,115.43 1 0
github.com/scttfrdmn/cargoship/pkg/controller/controller.go:115.43,118.3 2 0
github.com/scttfrdmn/cargoship/pkg/controller/controller.go:121.2,122.12 2 0
github.com/scttfrdmn/cargoship/pkg/controller/controller.go:122.12,124.45 2 0
github.com/scttfrdmn/cargoship/pkg/controller/controller.go:124.45,126.4 1 0
github.com/scttfrdmn/cargoship/pkg/controller/controller.go:129.2,131.29 1 0
github.com/scttfrdmn/cargoship/pkg/controller/controller.go:131.29,132.27 1 0
github.com/scttfrdmn/cargoship/pkg/controller/controller.go:132.27,134.5 1 0
github.com/scttfrdmn/cargoship/pkg/controller/controller.go:135.4,135.15 1 0
github.com/scttfrdmn/cargoship/pkg/controller/controller.go:138.2,138.12 1 0
github.com/scttfrdmn/cargoship/pkg/controller/controller.go:142.35,149.24 3 1
github.com/scttfrdmn/cargoship/pkg/controller/controller.go:149.24,151.3 1 1
github.com/scttfrdmn/cargoship/pkg/controller/controller.go:154.2,154.23 1 1
github.com/scttfrdmn/cargoship/pkg/controller/controller.go:154.23,156.3 1 1
github.com/scttfrdmn/cargoship/pkg/controller/controller.go:159.2,159.23 1 1
github.com/scttfrdmn/cargoship/pkg/controller/controller.go:159.23,161.3 1 1
github.com/scttfrdmn/cargoship/pkg/controller/controller.go:164.2,167.12 3 1
github.com/scttfrdmn/cargoship/pkg/controller/controller.go:171.51,173.2 1 1
github.com/scttfrdmn/cargoship/pkg/controller/controller.go:176.60,178.2 1 1
github.com/scttfrdmn/cargoship/pkg/controller/controller.go:181.48,183.2 1 0
github.com/scttfrdmn/cargoship/pkg/controller/controller.go:186.52,188.2 1 0
github.com/scttfrdmn/cargoship/pkg/controller/controller.go:191.43,192.29 1 1
github.com/scttfrdmn/cargoship/pkg/controller/controller.go:192.29,194.3 1 1
github.com/scttfrdmn/cargoship/pkg/controller/controller.go:196.2,196.28 1 1
github.com/scttfrdmn/cargoship/pkg/controller/controller.go:196.28,198.3 1 1
github.com/scttfrdmn/cargoship/pkg/controller/controller.go:200.2,200.23 1 1
github.com/scttfrdmn/cargoship/pkg/controller/controller.go:200.23,201.31 1 1
github.com/scttfrdmn/cargoship/pkg/controller/controller.go:201.31,203.4 1 1
github.com/scttfrdmn/cargoship/pkg/controller/controller.go:204.3,204.30 1 1
github.com/scttfrdmn/cargoship/pkg/controller/controller.go:204.30,206.4 1 1
github.com/scttfrdmn/cargoship/pkg/controller/controller.go:209.2,209.12 1 1
github.com/scttfrdmn/cargoship/pkg/controller/controller.go:213.58,214.24 1 1
github.com/scttfrdmn/cargoship/pkg/controller/controller.go:214.24,216.3 1 1
github.com/scttfrdmn/cargoship/pkg/controller/controller.go:218.2,219.16 2 1
github.com/scttfrdmn/cargoship/pkg/controller/controller.go:219.16,221.3 1 1
github.com/scttfrdmn/cargoship/pkg/controller/controller.go:223.2,226.8 1 0
github.com/scttfrdmn/cargoship/pkg/controller/web_server.go:83.100,93.44 2 1
github.com/scttfrdmn/cargoship/pkg/controller/web_server.go:93.44,95.5 1 0
github.com/scttfrdmn/cargoship/pkg/controller/web_server.go:102.2,104.11 2 1
github.com/scttfrdmn/cargoship/pkg/controller/web_server.go:108.36,132.2 12 1
github.com/scttfrdmn/cargoship/pkg/controller/web_server.go:135.69,136.71 1 0
github.com/scttfrdmn/cargoship/pkg/controller/web_server.go:136.71,138.60 2 0
github.com/scttfrdmn/cargoship/pkg/controller/web_server.go:138.60,141.4 2 0
github.com/scttfrdmn/cargoship/pkg/controller/web_server.go:142.3,142.23 1 0
github.com/scttfrdmn/cargoship/pkg/controller/web_server.go:147.78,151.31 3 0
github.com/scttfrdmn/cargoship/pkg/controller/web_server.go:151.31,164.3 1 0
github.com/scttfrdmn/cargoship/pkg/controller/web_server.go:166.2,167.42 2 0
github.com/scttfrdmn/cargoship/pkg/controller/web_server.go:171.77,176.13 4 0
github.com/scttfrdmn/cargoship/pkg/controller/web_server.go:176.13,179.3 2 0
github.com/scttfrdmn/cargoship/pkg/controller/web_server.go:181.2,195.41 3 0
github.com/scttfrdmn/cargoship/pkg/controller/web_server.go:199.81,204.13 4 0
github.com/scttfrdmn/cargoship/pkg/controller/web_server.go:204.13,207.3 2 0
github.com/scttfrdmn/cargoship/pkg/controller/web_server.go:209.2,210.33 2 0
github.com/scttfrdmn/cargoship/pkg/controller/web_server.go:210.33,222.3 1 0
github.com/scttfrdmn/cargoship/pkg/controller/web_server.go:224.2,225.40 2 0
github.com/scttfrdmn/cargoship/pkg/controller/web_server.go:229.84,234.13 4 0
github.com/scttfrdmn/cargoship/pkg/controller/web_server.go:234.13,237.3 2 0
github.com/scttfrdmn/cargoship/pkg/controller/web_server.go:240.2,240.29 1 0
github.com/scttfrdmn/cargoship/pkg/controller/web_server.go:240.29,242.3 1 0
github.com/scttfrdmn/cargoship/pkg/controller/web_server.go:244.2,245.82 2 0
github.com/scttfrdmn/cargoship/pkg/controller/web_server.go:249.76,253.31 3 0
github.com/scttfrdmn/cargoship/pkg/controller/web_server.go:253.31,254.34 1 0
github.com/scttfrdmn/cargoship/pkg/controller/web_server.go:254.34,266.4 1 0
github.com/scttfrdmn/cargoship/pkg/controller/web_server.go:269.2,270.40 2 0
github.com/scttfrdmn/cargoship/pkg/controller/web_server.go:274.75,280.31 4 0
github.com/scttfrdmn/cargoship/pkg/controller/web_server.go:280.31,281.34 1 0
github.com/scttfrdmn/cargoship/pkg/controller/web_server.go:281.34,282.23 1 0
github.com/scttfrdmn/cargoship/pkg/controller/web_server.go:282.23,298.5 4 0
github.com/scttfrdmn/cargoship/pkg/controller/web_server.go:302.2,302.53 1 0
github.com/scttfrdmn/cargoship/pkg/controller/web_server.go:306.78,314.2 4 0
github.com/scttfrdmn/cargoship/pkg/controller/web_server.go:317.79,324.31 5 0
github.com/scttfrdmn/cargoship/pkg/controller/web_server.go:324.31,325.34 1 0
github.com/scttfrdmn/cargoship/pkg/controller/web_server.go:325.34,326.22 1 0
github.com/scttfrdmn/cargoship/pkg/controller/web_server.go:327.45,328.17 1 0
github.com/scttfrdmn/cargoship/pkg/controller/web_server.go:329.28,330.20 1 0
github.com/scttfrdmn/cargoship/pkg/controller/web_server.go:331.25,332.17 1 0
github.com/scttfrdmn/cargoship/pkg/controller/web_server.go:337.2,350.40 3 0
github.com/scttfrdmn/cargoship/pkg/controller/web_server.go:354.78,356.16 2 0
github.com/scttfrdmn/cargoship/pkg/controller/web_server.go:356.16,359.3 2 0
github.com/scttfrdmn/cargoship/pkg/controller/web_server.go:360.2,360.15 1 0
github.com/scttfrdmn/cargoship/pkg/controller/web_server.go:360.15,360.35 1 0
github.com/scttfrdmn/cargoship/pkg/controller/web_server.go:363.2,368.15 4 0
github.com/scttfrdmn/cargoship/pkg/controller/web_server.go:368.15,372.3 3 0
github.com/scttfrdmn/cargoship/pkg/controller/web_server.go:375.2,378.6 3 0
github.com/scttfrdmn/cargoship/pkg/controller/web_server.go:378.6,379.10 1 0
github.com/scttfrdmn/cargoship/pkg/controller/web_server.go:380.19,381.72 1 0
github.com/scttfrdmn/cargoship/pkg/controller/web_server.go:381.72,384.5 2 0
github.com/scttfrdmn/cargoship/pkg/controller/web_server.go:385.24,386.10 1 0
github.com/scttfrdmn/cargoship/pkg/controller/web_server.go:392.74,400.16 3 0
github.com/scttfrdmn/cargoship/pkg/controller/web_server.go:400.16,403.3 2 0
github.com/scttfrdmn/cargoship/pkg/controller/web_server.go:405.2,408.33 3 0
github.com/scttfrdmn/cargoship/pkg/controller/web_server.go:408.33,409.80 1 0
github.com/scttfrdmn/cargoship/pkg/controller/web_server.go:409.80,413.4 3 0
github.com/scttfrdmn/cargoship/pkg/controller/web_server.go:418.36,426.82 3 0
github.com/scttfrdmn/cargoship/pkg/controller/web_server.go:426.82,428.3 1 0
github.com/scttfrdmn/cargoship/pkg/controller/web_server.go:430.2,430.12 1 0
github.com/scttfrdmn/cargoship/pkg/controller/web_server.go:434.35,437.22 2 1
github.com/scttfrdmn/cargoship/pkg/controller/web_server.go:437.22,441.3 3 0
github.com/scttfrdmn/cargoship/pkg/controller/web_server.go:443.2,443.12 1 1
github.com/scttfrdmn/cargoship/pkg/controller/websocket_server.go:60.112,71.44 2 1
github.com/scttfrdmn/cargoship/pkg/controller/websocket_server.go:71.44,73.5 1 0
github.com/scttfrdmn/cargoship/pkg/controller/websocket_server.go:81.69,83.2 1 1
github.com/scttfrdmn/cargoship/pkg/controller/websocket_server.go:86.42,111.12 12 0
github.com/scttfrdmn/cargoship/pkg/controller/websocket_server.go:111.12,115.26 3 0
github.com/scttfrdmn/cargoship/pkg/controller/websocket_server.go:115.26,117.4 1 0
github.com/scttfrdmn/cargoship/pkg/controller/websocket_server.go:117.9,119.4 1 0
github.com/scttfrdmn/cargoship/pkg/controller/websocket_server.go:121.3,121.48 1 0
github.com/scttfrdmn/cargoship/pkg/controller/websocket_server.go:121.48,123.4 1 0
github.com/scttfrdmn/cargoship/pkg/controller/websocket_server.go:126.2,127.12 2 0
github.com/scttfrdmn/cargoship/pkg/controller/websocket_server.go:131.41,141.22 5 1
github.com/scttfrdmn/cargoship/pkg/controller/websocket_server.go:141.22,143.3 1 0
github.com/scttfrdmn/cargoship/pkg/controller/websocket_server.go:146.2,149.12 3 1
github.com/scttfrdmn/cargoship/pkg/controller/websocket_server.go:153.90,160.76 4 0
github.com/scttfrdmn/cargoship/pkg/controller/websocket_server.go:160.76,164.79 2 0
github.com/scttfrdmn/cargoship/pkg/controller/websocket_server.go:164.79,167.18 2 0
github.com/scttfrdmn/cargoship/pkg/controller/websocket_server.go:167.18,171.5 3 0
github.com/scttfrdmn/cargoship/pkg/controller/websocket_server.go:175.3,175.46 1 0
github.com/scttfrdmn/cargoship/pkg/controller/websocket_server.go:175.46,180.4 4 0
github.com/scttfrdmn/cargoship/pkg/controller/websocket_server.go:183.2,183.20 1 0
github.com/scttfrdmn/cargoship/pkg/controller/websocket_server.go:183.20,187.3 3 0
github.com/scttfrdmn/cargoship/pkg/controller/websocket_server.go:190.2,190.19 1 0
github.com/scttfrdmn/cargoship/pkg/controller/websocket_server.go:190.19,192.3 1 0
github.com/scttfrdmn/cargoship/pkg/controller/websocket_server.go:193.2,193.24 1 0
github.com/scttfrdmn/cargoship/pkg/controller/websocket_server.go:193.24,195.3 1 0
github.com/scttfrdmn/cargoship/pkg/controller/websocket_server.go:197.2,197.19 1 0
github.com/scttfrdmn/cargoship/pkg/controller/websocket_server.go:197.19,201.3 3 0
github.com/scttfrdmn/cargoship/pkg/controller/websocket_server.go:204.2,205.16 2 0
github.com/scttfrdmn/cargoship/pkg/controller/websocket_server.go:205.16,208.3 2 0
github.com/scttfrdmn/cargoship/pkg/controller/websocket_server.go:210.2,219.38 3 0
github.com/scttfrdmn/cargoship/pkg/controller/websocket_server.go:223.76,224.15 1 0
github.com/scttfrdmn/cargoship/pkg/controller/websocket_server.go:224.15,226.3 1 0
github.com/scttfrdmn/cargoship/pkg/controller/websocket_server.go:229.2,229.59 1 0
github.com/scttfrdmn/cargoship/pkg/controller/websocket_server.go:229.59,231.3 1 0
github.com/scttfrdmn/cargoship/pkg/controller/websocket_server.go:234.2,239.6 3 0
github.com/scttfrdmn/cargoship/pkg/controller/websocket_server.go:239.6,240.10 1 0
github.com/scttfrdmn/cargoship/pkg/controller/websocket_server.go:241.24,242.10 1 0
github.com/scttfrdmn/cargoship/pkg/controller/websocket_server.go:243.11,249.18 3 0
github.com/scttfrdmn/cargoship/pkg/controller/websocket_server.go:249.18,250.104 1 0
github.com/scttfrdmn/cargoship/pkg/controller/websocket_server.go:250.104,252.6 1 0
github.com/scttfrdmn/cargoship/pkg/controller/websocket_server.go:253.5,253.11 1 0
github.com/scttfrdmn/cargoship/pkg/controller/websocket_server.go:257.4,258.60 2 0
github.com/scttfrdmn/cargoship/pkg/controller/websocket_server.go:258.60,260.13 2 0
github.com/scttfrdmn/cargoship/pkg/controller/websocket_server.go:264.4,264.65 1 0
github.com/scttfrdmn/cargoship/pkg/controller/websocket_server.go:264.65,266.5 1 0
github.com/scttfrdmn/cargoship/pkg/controller/websocket_server.go:272.112,273.18 1 0
github.com/scttfrdmn/cargoship/pkg/controller/websocket_server.go:274.30,275.47 1 0
github.com/scttfrdmn/cargoship/pkg/controller/websocket_server.go:276.31,277.44 1 0
github.com/scttfrdmn/cargoship/pkg/controller/websocket_server.go:278.34,279.47 1 0
github.com/scttfrdmn/cargoship/pkg/controller/websocket_server.go:280.33,281.46 1 0
github.com/scttfrdmn/cargoship/pkg/controller/websocket_server.go:282.33,283.46 1 0
github.com/scttfrdmn/cargoship/pkg/controller/websocket_server.go:284.31,285.44 1 0
github.com/scttfrdmn/cargoship/pkg/controller/websocket_server.go:286.10,288.13 2 0
github.com/scttfrdmn/cargoship/pkg/controller/websocket_server.go:293.112,295.55 2 0
github.com/scttfrdmn/cargoship/pkg/controller/websocket_server.go:295.55,297.3 1 0
github.com/scttfrdmn/cargoship/pkg/controller/websocket_server.go:300.2,301.16 2 0
github.com/scttfrdmn/cargoship/pkg/controller/websocket_server.go:301.16,303.3 1 0
github.com/scttfrdmn/cargoship/pkg/controller/websocket_server.go:306.2,306.62 1 0
github.com/scttfrdmn/cargoship/pkg/controller/websocket_server.go:310.109,311.28 1 0
github.com/scttfrdmn/cargoship/pkg/controller/websocket_server.go:311.28,313.3 1 0
github.com/scttfrdmn/cargoship/pkg/controller/websocket_server.go:316.2,319.12 3 0
github.com/scttfrdmn/cargoship/pkg/controller/websocket_server.go:323.112,324.28 1 0
github.com/scttfrdmn/cargoship/pkg/controller/websocket_server.go:324.28,326.3 1 0
github.com/scttfrdmn/cargoship/pkg/controller/websocket_server.go:328.2,329.58 2 0
github.com/scttfrdmn/cargoship/pkg/controller/websocket_server.go:329.58,331.3 1 0
github.com/scttfrdmn/cargoship/pkg/controller/websocket_server.go:333.2,333.67 1 0
github.com/scttfrdmn/cargoship/pkg/controller/websocket_server.go:337.111,341.2 2 0
github.com/scttfrdmn/cargoship/pkg/controller/websocket_server.go:344.111,348.2 2 0
github.com/scttfrdmn/cargoship/pkg/controller/websocket_server.go:351.109,355.2 2 0
github.com/scttfrdmn/cargoship/pkg/controller/websocket_server.go:358.84,359.23 1 0
github.com/scttfrdmn/cargoship/pkg/controller/websocket_server.go:359.23,362.3 2 0
github.com/scttfrdmn/cargoship/pkg/controller/websocket_server.go:364.2,370.17 3 0
github.com/scttfrdmn/cargoship/pkg/controller/websocket_server.go:370.17,373.3 2 0
github.com/scttfrdmn/cargoship/pkg/controller/websocket_server.go:377.90,380.40 2 0
github.com/scttfrdmn/cargoship/pkg/controller/websocket_server.go:380.40,383.3 2 0
github.com/scttfrdmn/cargoship/pkg/controller/websocket_server.go:385.2,386.19 2 0
github.com/scttfrdmn/cargoship/pkg/controller/websocket_server.go:386.19,389.3 2 0
github.com/scttfrdmn/cargoship/pkg/controller/websocket_server.go:391.2,391.18 1 0
github.com/scttfrdmn/cargoship/pkg/controller/websocket_server.go:392.13,394.14 2 0
github.com/scttfrdmn/cargoship/pkg/controller/websocket_server.go:394.14,397.4 2 0
github.com/scttfrdmn/cargoship/pkg/controller/websocket_server.go:399.3,400.58 2 0
github.com/scttfrdmn/cargoship/pkg/controller/websocket_server.go:400.58,403.4 2 0
github.com/scttfrdmn/cargoship/pkg/controller/websocket_server.go:405.10,406.67 1 0
github.com/scttfrdmn/cargoship/pkg/controller/websocket_server.go:411.81,412.23 1 0
github.com/scttfrdmn/cargoship/pkg/controller/websocket_server.go:412.23,415.3 2 0
github.com/scttfrdmn/cargoship/pkg/controller/websocket_server.go:417.2,424.17 3 0
github.com/scttfrdmn/cargoship/pkg/controller/websocket_server.go:424.17,427.3 2 0
github.com/scttfrdmn/cargoship/pkg/controller/websocket_server.go:431.101,438.2 1 0
github.com/scttfrdmn/cargoship/pkg/controller/websocket_server.go:441.60,443.2 1 0
github.com/scttfrdmn/cargoship/pkg/controller/websocket_server.go:446.53,448.2 1 0
github.com/scttfrdmn/cargoship/pkg/controller/websocket_server.go:451.92,455.15 3 0
github.com/scttfrdmn/cargoship/pkg/controller/websocket_server.go:455.15,457.3 1 0
github.com/scttfrdmn/cargoship/pkg/controller/websocket_server.go:460.2,461.17 2 0
github.com/scttfrdmn/cargoship/pkg/controller/websocket_server.go:461.17,463.17 2 0
github.com/scttfrdmn/cargoship/pkg/controller/websocket_server.go:463.17,465.4 1 0
github.com/scttfrdmn/cargoship/pkg/controller/websocket_server.go:466.3,466.23 1 0
github.com/scttfrdmn/cargoship/pkg/controller/websocket_server.go:470.2,480.16 3 0
github.com/scttfrdmn/cargoship/pkg/controller/websocket_server.go:480.16,482.3 1 0
github.com/scttfrdmn/cargoship/pkg/controller/websocket_server.go:485.2,485.9 1 0
github.com/scttfrdmn/cargoship/pkg/controller/websocket_server.go:486.33,487.13 1 0
github.com/scttfrdmn/cargoship/pkg/controller/websocket_server.go:488.10,489.40 1 0
github.com/scttfrdmn/cargoship/pkg/controller/websocket_server.go:494.42,498.15 3 0
github.com/scttfrdmn/cargoship/pkg/controller/websocket_server.go:498.15,500.3 1 0
github.com/scttfrdmn/cargoship/pkg/controller/websocket_server.go:502.2,505.23 3 0
github.com/scttfrdmn/cargoship/pkg/controller/websocket_server.go:505.23,507.3 1 0
github.com/scttfrdmn/cargoship/pkg/controller/websocket_server.go:509.2,509.24 1 0
github.com/scttfrdmn/cargoship/pkg/controller/websocket_server.go:513.65,517.6 3 0
github.com/scttfrdmn/cargoship/pkg/controller/websocket_server.go:517.6,518.10 1 0
github.com/scttfrdmn/cargoship/pkg/controller/websocket_server.go:519.21,520.10 1 0
github.com/scttfrdmn/cargoship/pkg/controller/websocket_server.go:521.21,522.10 1 0
github.com/scttfrdmn/cargoship/pkg/controller/websocket_server.go:523.19,524.75 1 0
github.com/scttfrdmn/cargoship/pkg/controller/websocket_server.go:524.75,527.5 2 0
github.com/scttfrdmn/cargoship/pkg/controller/websocket_server.go:533.68,534.6 1 0
github.com/scttfrdmn/cargoship/pkg/controller/websocket_server.go:534.6,535.10 1 0
github.com/scttfrdmn/cargoship/pkg/controller/websocket_server.go:536.21,537.10 1 0
github.com/scttfrdmn/cargoship/pkg/controller/websocket_server.go:538.21,539.10 1 0
github.com/scttfrdmn/cargoship/pkg/controller/websocket_server.go:540.31,541.79 1 0
github.com/scttfrdmn/cargoship/pkg/controller/websocket_server.go:541.79,544.5 2 0
github.com/scttfrdmn/cargoship/pkg/controller/websocket_server.go:550.33,552.2 1 0
github.com/scttfrdmn/cargoship/pkg/controller/websocket_server.go:555.92,556.24 1 0
github.com/scttfrdmn/cargoship/pkg/controller/websocket_server.go:556.24,559.3 2 0
github.com/scttfrdmn/cargoship/pkg/controller/websocket_server.go:561.2,561.27 1 0
github.com/scttfrdmn/cargoship/pkg/controller/websocket_server.go:561.27,564.3 2 0
github.com/scttfrdmn/cargoship/pkg/controller/websocket_server.go:567.2,576.61 2 0
github.com/scttfrdmn/cargoship/pkg/controller/websocket_server.go:576.61,580.3 3 0
github.com/scttfrdmn/cargoship/pkg/controller/websocket_server.go:583.2,583.64 1 0
github.com/scttfrdmn/cargoship/pkg/controller/websocket_server.go:583.64,586.3 2 0
github.com/scttfrdmn/cargoship/pkg/controller/websocket_server.go:589.2,590.16 2 0
github.com/scttfrdmn/cargoship/pkg/controller/websocket_server.go:590.16,594.3 3 0
github.com/scttfrdmn/cargoship/pkg/controller/websocket_server.go:596.2,605.4 3 0
github.com/scttfrdmn/cargoship/pkg/controller/websocket_server.go:609.94,610.24 1 0
github.com/scttfrdmn/cargoship/pkg/controller/websocket_server.go:610.24,613.3 2 0
github.com/scttfrdmn/cargoship/pkg/controller/websocket_server.go:615.2,615.27 1 0
github.com/scttfrdmn/cargoship/pkg/controller/websocket_server.go:615.27,618.3 2 0
github.com/scttfrdmn/cargoship/pkg/controller/websocket_server.go:621.2,626.61 2 0
github.com/scttfrdmn/cargoship/pkg/controller/websocket_server.go:626.61,630.3 3 0
github.com/scttfrdmn/cargoship/pkg/controller/websocket_server.go:633.2,633.23 1 0
github.com/scttfrdmn/cargoship/pkg/controller/websocket_server.go:633.23,636.3 2 0
github.com/scttfrdmn/cargoship/pkg/controller/websocket_server.go:639.2,640.16 2 0
github.com/scttfrdmn/cargoship/pkg/controller/websocket_server.go:640.16,644.3 3 0
github.com/scttfrdmn/cargoship/pkg/controller/websocket_server.go:646.2,655.4 3 0
github.com/scttfrdmn/cargoship/pkg/controller/websocket_server.go:659.90,660.24 1 0
github.com/scttfrdmn/cargoship/pkg/controller/websocket_server.go:660.24,663.3 2 0
github.com/scttfrdmn/cargoship/pkg/controller/websocket_server.go:665.2,665.27 1 0
github.com/scttfrdmn/cargoship/pkg/controller/websocket_server.go:665.27,668.3 2 0
github.com/scttfrdmn/cargoship/pkg/controller/websocket_server.go:671.2,675.76 3 0
github.com/scttfrdmn/cargoship/pkg/controller/websocket_server.go:675.76,677.3 1 0
github.com/scttfrdmn/cargoship/pkg/controller/websocket_server.go:677.8,683.62 2 0
github.com/scttfrdmn/cargoship/pkg/controller/websocket_server.go:683.62,686.4 2 0
github.com/scttfrdmn/cargoship/pkg/controller/websocket_server.go:687.3,687.20 1 0
github.com/scttfrdmn/cargoship/pkg/controller/websocket_server.go:690.2,690.17 1 0
github.com/scttfrdmn/cargoship/pkg/controller/websocket_server.go:690.17,693.3 2 0
github.com/scttfrdmn/cargoship/pkg/controller/websocket_server.go:696.2,697.16 2 0
github.com/scttfrdmn/cargoship/pkg/controller/websocket_server.go:697.16,701.3 3 0
github.com/scttfrdmn/cargoship/pkg/controller/websocket_server.go:704.2,718.4 3 0
github.com/scttfrdmn/cargoship/pkg/multiregion/coordinator.go:53.43,58.2 1 1
github.com/scttfrdmn/cargoship/pkg/multiregion/coordinator.go:61.95,65.19 3 1
github.com/scttfrdmn/cargoship/pkg/multiregion/coordinator.go:65.19,67.3 1 1
github.com/scttfrdmn/cargoship/pkg/multiregion/coordinator.go:69.2,69.19 1 1
github.com/scttfrdmn/cargoship/pkg/multiregion/coordinator.go:69.19,71.3 1 1
github.com/scttfrdmn/cargoship/pkg/multiregion/coordinator.go:74.2,74.49 1 1
github.com/scttfrdmn/cargoship/pkg/multiregion/coordinator.go:74.49,76.3 1 1
github.com/scttfrdmn/cargoship/pkg/multiregion/coordinator.go:79.2,82.32 2 1
github.com/scttfrdmn/cargoship/pkg/multiregion/coordinator.go:82.32,85.3 2 1
github.com/scttfrdmn/cargoship/pkg/multiregion/coordinator.go:88.2,91.49 2 1
github.com/scttfrdmn/cargoship/pkg/multiregion/coordinator.go:91.49,93.3 1 0
github.com/scttfrdmn/cargoship/pkg/multiregion/coordinator.go:96.2,104.12 4 1
github.com/scttfrdmn/cargoship/pkg/multiregion/coordinator.go:108.105,109.20 1 1
github.com/scttfrdmn/cargoship/pkg/multiregion/coordinator.go:109.20,111.3 1 1
github.com/scttfrdmn/cargoship/pkg/multiregion/coordinator.go:113.2,113.20 1 1
github.com/scttfrdmn/cargoship/pkg/multiregion/coordinator.go:113.20,115.3 1 1
github.com/scttfrdmn/cargoship/pkg/multiregion/coordinator.go:118.2,118.22 1 1
github.com/scttfrdmn/cargoship/pkg/multiregion/coordinator.go:118.22,120.3 1 1
github.com/scttfrdmn/cargoship/pkg/multiregion/coordinator.go:123.2,133.16 4 1
github.com/scttfrdmn/cargoship/pkg/multiregion/coordinator.go:133.16,135.3 1 0
github.com/scttfrdmn/cargoship/pkg/multiregion/coordinator.go:137.2,144.16 3 1
github.com/scttfrdmn/cargoship/pkg/multiregion/coordinator.go:144.16,146.3 1 0
github.com/scttfrdmn/cargoship/pkg/multiregion/coordinator.go:148.2,154.20 2 1
github.com/scttfrdmn/cargoship/pkg/multiregion/coordinator.go:158.100,159.20 1 1
github.com/scttfrdmn/cargoship/pkg/multiregion/coordinator.go:159.20,161.3 1 1
github.com/scttfrdmn/cargoship/pkg/multiregion/coordinator.go:163.2,167.38 4 1
github.com/scttfrdmn/cargoship/pkg/multiregion/coordinator.go:167.38,169.3 1 1
github.com/scttfrdmn/cargoship/pkg/multiregion/coordinator.go:171.2,171.20 1 1
github.com/scttfrdmn/cargoship/pkg/multiregion/coordinator.go:175.102,176.20 1 1
github.com/scttfrdmn/cargoship/pkg/multiregion/coordinator.go:176.20,178.3 1 1
github.com/scttfrdmn/cargoship/pkg/multiregion/coordinator.go:180.2,184.38 4 1
github.com/scttfrdmn/cargoship/pkg/multiregion/coordinator.go:184.38,186.3 1 1
github.com/scttfrdmn/cargoship/pkg/multiregion/coordinator.go:188.2,188.21 1 1
github.com/scttfrdmn/cargoship/pkg/multiregion/coordinator.go:192.66,196.20 3 1
github.com/scttfrdmn/cargoship/pkg/multiregion/coordinator.go:196.20,198.3 1 1
github.com/scttfrdmn/cargoship/pkg/multiregion/coordinator.go:200.2,203.21 2 1
github.com/scttfrdmn/cargoship/pkg/multiregion/coordinator.go:203.21,205.3 1 1
github.com/scttfrdmn/cargoship/pkg/multiregion/coordinator.go:208.2,209.12 2 1
github.com/scttfrdmn/cargoship/pkg/multiregion/coordinator.go:209.12,212.3 2 1
github.com/scttfrdmn/cargoship/pkg/multiregion/coordinator.go:214.2,214.9 1 1
github.com/scttfrdmn/cargoship/pkg/multiregion/coordinator.go:215.14,216.63 1 1
github.com/scttfrdmn/cargoship/pkg/multiregion/coordinator.go:217.20,219.19 2 0
github.com/scttfrdmn/cargoship/pkg/multiregion/coordinator.go:222.2,223.12 2 1
github.com/scttfrdmn/cargoship/pkg/multiregion/coordinator.go:227.78,228.21 1 1
github.com/scttfrdmn/cargoship/pkg/multiregion/coordinator.go:228.21,230.3 1 1
github.com/scttfrdmn/cargoship/pkg/multiregion/coordinator.go:232.2,232.30 1 1
github.com/scttfrdmn/cargoship/pkg/multiregion/coordinator.go:232.30,234.3 1 1
github.com/scttfrdmn/cargoship/pkg/multiregion/coordinator.go:236.2,236.32 1 1
github.com/scttfrdmn/cargoship/pkg/multiregion/coordinator.go:236.32,238.3 1 1
github.com/scttfrdmn/cargoship/pkg/multiregion/coordinator.go:241.2,242.40 2 1
github.com/scttfrdmn/cargoship/pkg/multiregion/coordinator.go:242.40,243.42 1 1
github.com/scttfrdmn/cargoship/pkg/multiregion/coordinator.go:243.42,245.9 2 1
github.com/scttfrdmn/cargoship/pkg/multiregion/coordinator.go:249.2,249.25 1 1
github.com/scttfrdmn/cargoship/pkg/multiregion/coordinator.go:249.25,251.3 1 1
github.com/scttfrdmn/cargoship/pkg/multiregion/coordinator.go:254.2,254.40 1 1
github.com/scttfrdmn/cargoship/pkg/multiregion/coordinator.go:254.40,255.51 1 1
github.com/scttfrdmn/cargoship/pkg/multiregion/coordinator.go:255.51,257.4 1 1
github.com/scttfrdmn/cargoship/pkg/multiregion/coordinator.go:260.2,260.12 1 1
github.com/scttfrdmn/cargoship/pkg/multiregion/coordinator.go:264.67,265.19 1 1
github.com/scttfrdmn/cargoship/pkg/multiregion/coordinator.go:265.19,267.3 1 1
github.com/scttfrdmn/cargoship/pkg/multiregion/coordinator.go:269.2,269.23 1 1
github.com/scttfrdmn/cargoship/pkg/multiregion/coordinator.go:269.23,271.3 1 1
github.com/scttfrdmn/cargoship/pkg/multiregion/coordinator.go:273.2,273.25 1 1
github.com/scttfrdmn/cargoship/pkg/multiregion/coordinator.go:273.25,275.3 1 1
github.com/scttfrdmn/cargoship/pkg/multiregion/coordinator.go:277.2,277.46 1 1
github.com/scttfrdmn/cargoship/pkg/multiregion/coordinator.go:277.46,279.3 1 1
github.com/scttfrdmn/cargoship/pkg/multiregion/coordinator.go:281.2,281.46 1 1
github.com/scttfrdmn/cargoship/pkg/multiregion/coordinator.go:281.46,283.3 1 1
github.com/scttfrdmn/cargoship/pkg/multiregion/coordinator.go:285.2,285.32 1 1
github.com/scttfrdmn/cargoship/pkg/multiregion/coordinator.go:285.32,286.39 1 1
github.com/scttfrdmn/cargoship/pkg/multiregion/coordinator.go:286.39,288.4 1 1
github.com/scttfrdmn/cargoship/pkg/multiregion/coordinator.go:290.3,290.38 1 1
github.com/scttfrdmn/cargoship/pkg/multiregion/coordinator.go:290.38,292.4 1 0
github.com/scttfrdmn/cargoship/pkg/multiregion/coordinator.go:294.3,294.46 1 1
github.com/scttfrdmn/cargoship/pkg/multiregion/coordinator.go:294.46,296.4 1 0
github.com/scttfrdmn/cargoship/pkg/multiregion/coordinator.go:298.3,298.46 1 1
github.com/scttfrdmn/cargoship/pkg/multiregion/coordinator.go:298.46,300.4 1 0
github.com/scttfrdmn/cargoship/pkg/multiregion/coordinator.go:303.2,303.12 1 1
github.com/scttfrdmn/cargoship/pkg/multiregion/coordinator.go:307.59,318.2 4 1
github.com/scttfrdmn/cargoship/pkg/multiregion/coordinator.go:321.56,323.33 1 1
github.com/scttfrdmn/cargoship/pkg/multiregion/coordinator.go:323.33,326.3 2 1
github.com/scttfrdmn/cargoship/pkg/multiregion/coordinator.go:329.2,329.33 1 1
github.com/scttfrdmn/cargoship/pkg/multiregion/coordinator.go:329.33,332.3 2 1
github.com/scttfrdmn/cargoship/pkg/multiregion/coordinator.go:335.2,335.36 1 1
github.com/scttfrdmn/cargoship/pkg/multiregion/coordinator.go:335.36,338.3 2 1
github.com/scttfrdmn/cargoship/pkg/multiregion/coordinator.go:342.114,345.2 1 1
github.com/scttfrdmn/cargoship/pkg/multiregion/coordinator.go:348.140,353.16 3 1
github.com/scttfrdmn/cargoship/pkg/multiregion/coordinator.go:353.16,355.37 1 1
github.com/scttfrdmn/cargoship/pkg/multiregion/coordinator.go:355.37,366.4 3 1
github.com/scttfrdmn/cargoship/pkg/multiregion/coordinator.go:368.3,368.77 1 1
github.com/scttfrdmn/cargoship/pkg/multiregion/coordinator.go:372.2,374.20 2 1
github.com/scttfrdmn/cargoship/pkg/multiregion/coordinator.go:378.136,380.44 1 1
github.com/scttfrdmn/cargoship/pkg/multiregion/coordinator.go:380.44,382.3 1 1
github.com/scttfrdmn/cargoship/pkg/multiregion/coordinator.go:385.2,386.22 2 1
github.com/scttfrdmn/cargoship/pkg/multiregion/coordinator.go:386.22,387.10 1 1
github.com/scttfrdmn/cargoship/pkg/multiregion/coordinator.go:388.35,388.35 0 1
github.com/scttfrdmn/cargoship/pkg/multiregion/coordinator.go:389.21,390.25 1 1
github.com/scttfrdmn/cargoship/pkg/multiregion/coordinator.go:395.2,398.37 2 1
github.com/scttfrdmn/cargoship/pkg/multiregion/coordinator.go:398.37,400.3 1 0
github.com/scttfrdmn/cargoship/pkg/multiregion/coordinator.go:403.2,403.9 1 1
github.com/scttfrdmn/cargoship/pkg/multiregion/coordinator.go:404.36,404.36 0 1
github.com/scttfrdmn/cargoship/pkg/multiregion/coordinator.go:405.20,406.24 1 0
github.com/scttfrdmn/cargoship/pkg/multiregion/coordinator.go:410.2,419.20 2 1
github.com/scttfrdmn/cargoship/pkg/multiregion/coordinator.go:423.156,426.34 2 1
github.com/scttfrdmn/cargoship/pkg/multiregion/coordinator.go:426.34,428.3 1 1
github.com/scttfrdmn/cargoship/pkg/multiregion/coordinator.go:431.2,431.44 1 1
github.com/scttfrdmn/cargoship/pkg/multiregion/coordinator.go:431.44,432.44 1 1
github.com/scttfrdmn/cargoship/pkg/multiregion/coordinator.go:432.44,434.4 1 1
github.com/scttfrdmn/cargoship/pkg/multiregion/coordinator.go:436.3,441.46 2 1
github.com/scttfrdmn/cargoship/pkg/multiregion/coordinator.go:441.46,443.4 1 1
github.com/scttfrdmn/cargoship/pkg/multiregion/coordinator.go:445.3,446.17 2 1
github.com/scttfrdmn/cargoship/pkg/multiregion/coordinator.go:446.17,454.12 3 0
github.com/scttfrdmn/cargoship/pkg/multiregion/coordinator.go:457.3,465.21 3 1
github.com/scttfrdmn/cargoship/pkg/multiregion/coordinator.go:468.2,468.56 1 0
github.com/scttfrdmn/cargoship/pkg/multiregion/coordinator.go:472.84,477.35 4 1
github.com/scttfrdmn/cargoship/pkg/multiregion/coordinator.go:477.35,478.75 1 1
github.com/scttfrdmn/cargoship/pkg/multiregion/coordinator.go:478.75,480.4 1 1
github.com/scttfrdmn/cargoship/pkg/multiregion/coordinator.go:483.2,483.21 1 1
github.com/scttfrdmn/cargoship/pkg/multiregion/coordinator.go:487.81,492.25 2 1
github.com/scttfrdmn/cargoship/pkg/multiregion/coordinator.go:492.25,494.3 1 1
github.com/scttfrdmn/cargoship/pkg/multiregion/coordinator.go:497.2,499.29 2 1
github.com/scttfrdmn/cargoship/pkg/multiregion/coordinator.go:503.108,510.55 3 1
github.com/scttfrdmn/cargoship/pkg/multiregion/coordinator.go:510.55,511.41 1 1
github.com/scttfrdmn/cargoship/pkg/multiregion/coordinator.go:511.41,513.4 1 0
github.com/scttfrdmn/cargoship/pkg/multiregion/coordinator.go:515.2,518.23 2 1
github.com/scttfrdmn/cargoship/pkg/multiregion/coordinator.go:518.23,520.3 1 0
github.com/scttfrdmn/cargoship/pkg/multiregion/coordinator.go:522.2,526.25 3 1
github.com/scttfrdmn/cargoship/pkg/multiregion/coordinator.go:526.25,528.3 1 1
github.com/scttfrdmn/cargoship/pkg/multiregion/coordinator.go:530.2,530.60 1 1
github.com/scttfrdmn/cargoship/pkg/multiregion/coordinator.go:534.73,539.55 3 1
github.com/scttfrdmn/cargoship/pkg/multiregion/coordinator.go:539.55,542.23 2 1
github.com/scttfrdmn/cargoship/pkg/multiregion/coordinator.go:542.23,545.4 1 1
github.com/scttfrdmn/cargoship/pkg/multiregion/coordinator.go:548.2,548.14 1 1
github.com/scttfrdmn/cargoship/pkg/multiregion/coordinator.go:552.80,556.53 3 1
github.com/scttfrdmn/cargoship/pkg/multiregion/coordinator.go:556.53,562.23 4 1
github.com/scttfrdmn/cargoship/pkg/multiregion/coordinator.go:562.23,564.4 1 1
github.com/scttfrdmn/cargoship/pkg/multiregion/coordinator.go:567.3,567.38 1 1
github.com/scttfrdmn/cargoship/pkg/multiregion/coordinator.go:567.38,572.4 2 1
github.com/scttfrdmn/cargoship/pkg/multiregion/coordinator.go:574.3,578.43 1 1
github.com/scttfrdmn/cargoship/pkg/multiregion/coordinator.go:583.91,588.13 4 1
github.com/scttfrdmn/cargoship/pkg/multiregion/coordinator.go:588.13,590.3 1 0
github.com/scttfrdmn/cargoship/pkg/multiregion/coordinator.go:593.2,596.20 3 1
github.com/scttfrdmn/cargoship/pkg/multiregion/coordinator.go:596.20,598.3 1 1
github.com/scttfrdmn/cargoship/pkg/multiregion/coordinator.go:598.8,600.3 1 0
github.com/scttfrdmn/cargoship/pkg/multiregion/coordinator.go:603.2,604.22 2 1
github.com/scttfrdmn/cargoship/pkg/multiregion/coordinator.go:604.22,606.3 1 1
github.com/scttfrdmn/cargoship/pkg/multiregion/coordinator.go:610.51,614.19 3 1
github.com/scttfrdmn/cargoship/pkg/multiregion/coordinator.go:614.19,616.3 1 0
github.com/scttfrdmn/cargoship/pkg/multiregion/coordinator.go:618.2,621.6 3 1
github.com/scttfrdmn/cargoship/pkg/multiregion/coordinator.go:621.6,622.10 1 1
github.com/scttfrdmn/cargoship/pkg/multiregion/coordinator.go:623.23,624.10 1 1
github.com/scttfrdmn/cargoship/pkg/multiregion/coordinator.go:625.19,626.27 1 0
github.com/scttfrdmn/cargoship/pkg/multiregion/coordinator.go:632.52,635.35 3 1
github.com/scttfrdmn/cargoship/pkg/multiregion/coordinator.go:635.35,637.3 1 1
github.com/scttfrdmn/cargoship/pkg/multiregion/coordinator.go:638.2,640.33 2 1
github.com/scttfrdmn/cargoship/pkg/multiregion/coordinator.go:640.33,641.34 1 1
github.com/scttfrdmn/cargoship/pkg/multiregion/coordinator.go:641.34,642.12 1 0
github.com/scttfrdmn/cargoship/pkg/multiregion/coordinator.go:649.3,652.16 4 1
github.com/scttfrdmn/cargoship/pkg/multiregion/coordinator.go:657.57,661.19 3 1
github.com/scttfrdmn/cargoship/pkg/multiregion/coordinator.go:661.19,663.3 1 0
github.com/scttfrdmn/cargoship/pkg/multiregion/coordinator.go:665.2,668.6 3 1
github.com/scttfrdmn/cargoship/pkg/multiregion/coordinator.go:668.6,669.10 1 1
github.com/scttfrdmn/cargoship/pkg/multiregion/coordinator.go:670.23,671.10 1 1
github.com/scttfrdmn/cargoship/pkg/multiregion/coordinator.go:672.19,673.22 1 0
github.com/scttfrdmn/cargoship/pkg/multiregion/coordinator.go:679.47,684.2 1 1
github.com/scttfrdmn/cargoship/pkg/multiregion/coordinator.go:687.57,691.19 3 1
github.com/scttfrdmn/cargoship/pkg/multiregion/coordinator.go:691.19,693.3 1 0
github.com/scttfrdmn/cargoship/pkg/multiregion/coordinator.go:695.2,698.6 3 1
github.com/scttfrdmn/cargoship/pkg/multiregion/coordinator.go:698.6,699.10 1 1
github.com/scttfrdmn/cargoship/pkg/multiregion/coordinator.go:700.23,701.10 1 1
github.com/scttfrdmn/cargoship/pkg/multiregion/coordinator.go:702.19,703.31 1 1
github.com/scttfrdmn/cargoship/pkg/multiregion/coordinator.go:709.56,714.2 1 1
github.com/scttfrdmn/cargoship/pkg/multiregion/failover.go:106.88,114.2 1 1
github.com/scttfrdmn/cargoship/pkg/multiregion/failover.go:117.102,118.22 1 1
github.com/scttfrdmn/cargoship/pkg/multiregion/failover.go:118.22,120.3 1 1
github.com/scttfrdmn/cargoship/pkg/multiregion/failover.go:122.2,126.13 4 1
github.com/scttfrdmn/cargoship/pkg/multiregion/failover.go:126.13,129.3 1 1
github.com/scttfrdmn/cargoship/pkg/multiregion/failover.go:132.2,132.68 1 1
github.com/scttfrdmn/cargoship/pkg/multiregion/failover.go:132.68,139.3 2 1
github.com/scttfrdmn/cargoship/pkg/multiregion/failover.go:142.2,142.60 1 1
github.com/scttfrdmn/cargoship/pkg/multiregion/failover.go:142.60,148.3 2 0
github.com/scttfrdmn/cargoship/pkg/multiregion/failover.go:151.2,151.86 1 1
github.com/scttfrdmn/cargoship/pkg/multiregion/failover.go:151.86,152.85 1 1
github.com/scttfrdmn/cargoship/pkg/multiregion/failover.go:152.85,154.41 2 1
github.com/scttfrdmn/cargoship/pkg/multiregion/failover.go:154.41,159.5 2 0
github.com/scttfrdmn/cargoship/pkg/multiregion/failover.go:163.2,163.19 1 1
github.com/scttfrdmn/cargoship/pkg/multiregion/failover.go:167.106,168.40 1 1
github.com/scttfrdmn/cargoship/pkg/multiregion/failover.go:168.40,170.3 1 1
github.com/scttfrdmn/cargoship/pkg/multiregion/failover.go:172.2,172.28 1 1
github.com/scttfrdmn/cargoship/pkg/multiregion/failover.go:172.28,174.3 1 1
github.com/scttfrdmn/cargoship/pkg/multiregion/failover.go:177.2,178.46 2 1
github.com/scttfrdmn/cargoship/pkg/multiregion/failover.go:178.46,179.89 1 0
github.com/scttfrdmn/cargoship/pkg/multiregion/failover.go:179.89,182.4 2 0
github.com/scttfrdmn/cargoship/pkg/multiregion/failover.go:184.2,216.16 11 1
github.com/scttfrdmn/cargoship/pkg/multiregion/failover.go:216.16,219.3 2 0
github.com/scttfrdmn/cargoship/pkg/multiregion/failover.go:219.8,221.3 1 1
github.com/scttfrdmn/cargoship/pkg/multiregion/failover.go:222.2,226.16 3 1
github.com/scttfrdmn/cargoship/pkg/multiregion/failover.go:226.16,228.3 1 1
github.com/scttfrdmn/cargoship/pkg/multiregion/failover.go:229.2,232.15 2 1
github.com/scttfrdmn/cargoship/pkg/multiregion/failover.go:232.15,237.3 4 1
github.com/scttfrdmn/cargoship/pkg/multiregion/failover.go:239.2,239.16 1 1
github.com/scttfrdmn/cargoship/pkg/multiregion/failover.go:239.16,246.3 2 0
github.com/scttfrdmn/cargoship/pkg/multiregion/failover.go:248.2,254.12 2 1
github.com/scttfrdmn/cargoship/pkg/multiregion/failover.go:258.100,264.53 4 1
github.com/scttfrdmn/cargoship/pkg/multiregion/failover.go:264.53,266.3 1 1
github.com/scttfrdmn/cargoship/pkg/multiregion/failover.go:268.2,268.20 1 1
github.com/scttfrdmn/cargoship/pkg/multiregion/failover.go:272.67,277.13 4 1
github.com/scttfrdmn/cargoship/pkg/multiregion/failover.go:277.13,280.3 2 1
github.com/scttfrdmn/cargoship/pkg/multiregion/failover.go:282.2,288.29 5 1
github.com/scttfrdmn/cargoship/pkg/multiregion/failover.go:288.29,290.3 1 1
github.com/scttfrdmn/cargoship/pkg/multiregion/failover.go:292.2,296.39 1 1
github.com/scttfrdmn/cargoship/pkg/multiregion/failover.go:300.67,305.13 4 1
github.com/scttfrdmn/cargoship/pkg/multiregion/failover.go:305.13,308.3 2 1
github.com/scttfrdmn/cargoship/pkg/multiregion/failover.go:310.2,315.29 4 1
github.com/scttfrdmn/cargoship/pkg/multiregion/failover.go:315.29,317.3 1 1
github.com/scttfrdmn/cargoship/pkg/multiregion/failover.go:319.2,322.39 1 1
github.com/scttfrdmn/cargoship/pkg/multiregion/failover.go:326.94,329.36 2 1
github.com/scttfrdmn/cargoship/pkg/multiregion/failover.go:330.25,331.47 1 1
github.com/scttfrdmn/cargoship/pkg/multiregion/failover.go:332.24,333.46 1 1
github.com/scttfrdmn/cargoship/pkg/multiregion/failover.go:334.22,335.44 1 0
github.com/scttfrdmn/cargoship/pkg/multiregion/failover.go:336.10,337.81 1 0
github.com/scttfrdmn/cargoship/pkg/multiregion/failover.go:342.95,356.9 2 1
github.com/scttfrdmn/cargoship/pkg/multiregion/failover.go:357.34,358.33 1 1
github.com/scttfrdmn/cargoship/pkg/multiregion/failover.go:359.37,361.8 1 1
github.com/scttfrdmn/cargoship/pkg/multiregion/failover.go:364.2,364.12 1 1
github.com/scttfrdmn/cargoship/pkg/multiregion/failover.go:368.94,383.53 3 1
github.com/scttfrdmn/cargoship/pkg/multiregion/failover.go:383.53,385.3 1 1
github.com/scttfrdmn/cargoship/pkg/multiregion/failover.go:387.2,387.9 1 1
github.com/scttfrdmn/cargoship/pkg/multiregion/failover.go:388.34,389.33 1 0
github.com/scttfrdmn/cargoship/pkg/multiregion/failover.go:390.33,392.8 1 1
github.com/scttfrdmn/cargoship/pkg/multiregion/failover.go:395.2,395.12 1 1
github.com/scttfrdmn/cargoship/pkg/multiregion/failover.go:399.92,413.2 2 1
github.com/scttfrdmn/cargoship/pkg/multiregion/failover.go:416.76,421.46 4 1
github.com/scttfrdmn/cargoship/pkg/multiregion/failover.go:421.46,423.3 1 0
github.com/scttfrdmn/cargoship/pkg/multiregion/failover.go:425.2,425.19 1 1
github.com/scttfrdmn/cargoship/pkg/multiregion/failover.go:429.93,434.13 4 1
github.com/scttfrdmn/cargoship/pkg/multiregion/failover.go:434.13,436.3 1 1
github.com/scttfrdmn/cargoship/pkg/multiregion/failover.go:439.2,446.3 1 1
github.com/scttfrdmn/cargoship/pkg/multiregion/failover.go:450.73,457.2 4 1
github.com/scttfrdmn/cargoship/pkg/multiregion/failover.go:460.77,464.46 3 1
github.com/scttfrdmn/cargoship/pkg/multiregion/failover.go:464.46,465.89 1 1
github.com/scttfrdmn/cargoship/pkg/multiregion/failover.go:465.89,467.4 1 0
github.com/scttfrdmn/cargoship/pkg/multiregion/failover.go:470.2,470.14 1 1
github.com/scttfrdmn/cargoship/pkg/multiregion/load_balancer.go:60.82,67.2 1 1
github.com/scttfrdmn/cargoship/pkg/multiregion/load_balancer.go:70.100,71.20 1 1
github.com/scttfrdmn/cargoship/pkg/multiregion/load_balancer.go:71.20,73.3 1 1
github.com/scttfrdmn/cargoship/pkg/multiregion/load_balancer.go:76.2,77.16 2 1
github.com/scttfrdmn/cargoship/pkg/multiregion/load_balancer.go:77.16,79.3 1 0
github.com/scttfrdmn/cargoship/pkg/multiregion/load_balancer.go:81.2,81.32 1 1
github.com/scttfrdmn/cargoship/pkg/multiregion/load_balancer.go:81.32,83.3 1 1
github.com/scttfrdmn/cargoship/pkg/multiregion/load_balancer.go:86.2,86.44 1 1
github.com/scttfrdmn/cargoship/pkg/multiregion/load_balancer.go:86.44,87.86 1 1
github.com/scttfrdmn/cargoship/pkg/multiregion/load_balancer.go:87.86,92.4 2 1
github.com/scttfrdmn/cargoship/pkg/multiregion/load_balancer.go:96.2,97.16 2 1
github.com/scttfrdmn/cargoship/pkg/multiregion/load_balancer.go:97.16,99.3 1 0
github.com/scttfrdmn/cargoship/pkg/multiregion/load_balancer.go:102.2,102.44 1 1
github.com/scttfrdmn/cargoship/pkg/multiregion/load_balancer.go:102.44,104.3 1 1
github.com/scttfrdmn/cargoship/pkg/multiregion/load_balancer.go:106.2,111.20 2 1
github.com/scttfrdmn/cargoship/pkg/multiregion/load_balancer.go:115.92,118.35 2 1
github.com/scttfrdmn/cargoship/pkg/multiregion/load_balancer.go:118.35,122.84 2 1
github.com/scttfrdmn/cargoship/pkg/multiregion/load_balancer.go:122.84,124.49 1 1
github.com/scttfrdmn/cargoship/pkg/multiregion/load_balancer.go:124.49,126.5 1 1
github.com/scttfrdmn/cargoship/pkg/multiregion/load_balancer.go:130.2,130.30 1 1
github.com/scttfrdmn/cargoship/pkg/multiregion/load_balancer.go:134.118,135.22 1 1
github.com/scttfrdmn/cargoship/pkg/multiregion/load_balancer.go:135.22,137.3 1 1
github.com/scttfrdmn/cargoship/pkg/multiregion/load_balancer.go:140.2,140.35 1 1
github.com/scttfrdmn/cargoship/pkg/multiregion/load_balancer.go:140.35,141.46 1 1
github.com/scttfrdmn/cargoship/pkg/multiregion/load_balancer.go:141.46,150.4 4 1
github.com/scttfrdmn/cargoship/pkg/multiregion/load_balancer.go:153.2,153.56 1 1
github.com/scttfrdmn/cargoship/pkg/multiregion/load_balancer.go:157.129,158.42 1 1
github.com/scttfrdmn/cargoship/pkg/multiregion/load_balancer.go:159.31,160.42 1 1
github.com/scttfrdmn/cargoship/pkg/multiregion/load_balancer.go:161.29,162.40 1 1
github.com/scttfrdmn/cargoship/pkg/multiregion/load_balancer.go:163.28,164.41 1 1
github.com/scttfrdmn/cargoship/pkg/multiregion/load_balancer.go:165.31,166.52 1 1
github.com/scttfrdmn/cargoship/pkg/multiregion/load_balancer.go:167.10,168.42 1 0
github.com/scttfrdmn/cargoship/pkg/multiregion/load_balancer.go:173.75,174.23 1 1
github.com/scttfrdmn/cargoship/pkg/multiregion/load_balancer.go:174.23,176.3 1 0
github.com/scttfrdmn/cargoship/pkg/multiregion/load_balancer.go:178.2,184.23 5 1
github.com/scttfrdmn/cargoship/pkg/multiregion/load_balancer.go:188.73,189.23 1 1
github.com/scttfrdmn/cargoship/pkg/multiregion/load_balancer.go:189.23,191.3 1 0
github.com/scttfrdmn/cargoship/pkg/multiregion/load_balancer.go:194.2,195.33 2 1
github.com/scttfrdmn/cargoship/pkg/multiregion/load_balancer.go:195.33,197.3 1 1
github.com/scttfrdmn/cargoship/pkg/multiregion/load_balancer.go:199.2,199.22 1 1
github.com/scttfrdmn/cargoship/pkg/multiregion/load_balancer.go:199.22,202.3 1 0
github.com/scttfrdmn/cargoship/pkg/multiregion/load_balancer.go:205.2,211.33 5 1
github.com/scttfrdmn/cargoship/pkg/multiregion/load_balancer.go:211.33,213.29 2 1
github.com/scttfrdmn/cargoship/pkg/multiregion/load_balancer.go:213.29,215.4 1 1
github.com/scttfrdmn/cargoship/pkg/multiregion/load_balancer.go:219.2,219.32 1 0
github.com/scttfrdmn/cargoship/pkg/multiregion/load_balancer.go:223.74,224.23 1 1
github.com/scttfrdmn/cargoship/pkg/multiregion/load_balancer.go:224.23,226.3 1 0
github.com/scttfrdmn/cargoship/pkg/multiregion/load_balancer.go:230.2,230.36 1 1
github.com/scttfrdmn/cargoship/pkg/multiregion/load_balancer.go:234.100,235.23 1 1
github.com/scttfrdmn/cargoship/pkg/multiregion/load_balancer.go:235.23,237.3 1 0
github.com/scttfrdmn/cargoship/pkg/multiregion/load_balancer.go:246.2,246.36 1 1
github.com/scttfrdmn/cargoship/pkg/multiregion/load_balancer.go:250.75,251.23 1 1
github.com/scttfrdmn/cargoship/pkg/multiregion/load_balancer.go:251.23,253.3 1 0
github.com/scttfrdmn/cargoship/pkg/multiregion/load_balancer.go:256.2,257.37 2 1
github.com/scttfrdmn/cargoship/pkg/multiregion/load_balancer.go:257.37,258.44 1 1
github.com/scttfrdmn/cargoship/pkg/multiregion/load_balancer.go:258.44,260.4 1 0
github.com/scttfrdmn/cargoship/pkg/multiregion/load_balancer.go:263.2,263.19 1 1
github.com/scttfrdmn/cargoship/pkg/multiregion/load_balancer.go:267.117,270.22 2 1
github.com/scttfrdmn/cargoship/pkg/multiregion/load_balancer.go:270.22,272.3 1 1
github.com/scttfrdmn/cargoship/pkg/multiregion/load_balancer.go:274.2,278.13 4 1
github.com/scttfrdmn/cargoship/pkg/multiregion/load_balancer.go:278.13,280.3 1 1
github.com/scttfrdmn/cargoship/pkg/multiregion/load_balancer.go:283.2,283.73 1 1
github.com/scttfrdmn/cargoship/pkg/multiregion/load_balancer.go:283.73,288.3 4 0
github.com/scttfrdmn/cargoship/pkg/multiregion/load_balancer.go:291.2,291.42 1 1
github.com/scttfrdmn/cargoship/pkg/multiregion/load_balancer.go:291.42,292.41 1 1
github.com/scttfrdmn/cargoship/pkg/multiregion/load_balancer.go:292.41,301.4 6 1
github.com/scttfrdmn/cargoship/pkg/multiregion/load_balancer.go:305.2,309.12 4 0
github.com/scttfrdmn/cargoship/pkg/multiregion/load_balancer.go:313.94,315.22 2 1
github.com/scttfrdmn/cargoship/pkg/multiregion/load_balancer.go:315.22,317.3 1 1
github.com/scttfrdmn/cargoship/pkg/multiregion/load_balancer.go:319.2,327.3 3 1
github.com/scttfrdmn/cargoship/pkg/multiregion/load_balancer.go:331.82,341.2 1 1
github.com/scttfrdmn/cargoship/pkg/multiregion/load_balancer.go:344.57,349.58 4 1
github.com/scttfrdmn/cargoship/pkg/multiregion/load_balancer.go:349.58,350.71 1 1
github.com/scttfrdmn/cargoship/pkg/multiregion/load_balancer.go:350.71,352.4 1 1
github.com/scttfrdmn/cargoship/pkg/multiregion/load_balancer.go:357.81,368.49 7 1
github.com/scttfrdmn/cargoship/pkg/multiregion/load_balancer.go:368.49,371.3 2 1
github.com/scttfrdmn/cargoship/pkg/multiregion/load_balancer.go:373.2,376.14 3 1
github.com/scttfrdmn/cargoship/pkg/multiregion/load_balancer.go:380.79,385.44 4 1
github.com/scttfrdmn/cargoship/pkg/multiregion/load_balancer.go:385.44,388.3 2 0
github.com/scttfrdmn/cargoship/pkg/multiregion/load_balancer.go:390.2,394.14 4 1
github.com/scttfrdmn/cargoship/pkg/multiregion/load_balancer.go:398.73,399.45 1 1
github.com/scttfrdmn/cargoship/pkg/multiregion/load_balancer.go:399.45,401.3 1 0
github.com/scttfrdmn/cargoship/pkg/multiregion/load_balancer.go:403.2,404.35 2 1
github.com/scttfrdmn/cargoship/pkg/multiregion/load_balancer.go:404.35,406.3 1 1
github.com/scttfrdmn/cargoship/pkg/multiregion/load_balancer.go:408.2,411.6 3 1
github.com/scttfrdmn/cargoship/pkg/multiregion/load_balancer.go:411.6,412.10 1 1
github.com/scttfrdmn/cargoship/pkg/multiregion/load_balancer.go:413.21,414.10 1 1
github.com/scttfrdmn/cargoship/pkg/multiregion/load_balancer.go:415.19,416.31 1 0
github.com/scttfrdmn/cargoship/pkg/multiregion/optimization.go:112.70,131.2 1 0
github.com/scttfrdmn/cargoship/pkg/multiregion/optimization.go:134.135,135.19 1 0
github.com/scttfrdmn/cargoship/pkg/multiregion/optimization.go:135.19,137.3 1 0
github.com/scttfrdmn/cargoship/pkg/multiregion/optimization.go:139.2,157.34 2 0
github.com/scttfrdmn/cargoship/pkg/multiregion/optimization.go:157.34,159.3 1 0
github.com/scttfrdmn/cargoship/pkg/multiregion/optimization.go:162.2,162.34 1 0
github.com/scttfrdmn/cargoship/pkg/multiregion/optimization.go:162.34,164.3 1 0
github.com/scttfrdmn/cargoship/pkg/multiregion/optimization.go:166.2,166.38 1 0
github.com/scttfrdmn/cargoship/pkg/multiregion/optimization.go:166.38,168.3 1 0
github.com/scttfrdmn/cargoship/pkg/multiregion/optimization.go:170.2,170.18 1 0
github.com/scttfrdmn/cargoship/pkg/multiregion/optimization.go:174.158,184.37 3 0
github.com/scttfrdmn/cargoship/pkg/multiregion/optimization.go:184.37,185.37 1 0
github.com/scttfrdmn/cargoship/pkg/multiregion/optimization.go:185.37,187.4 1 0
github.com/scttfrdmn/cargoship/pkg/multiregion/optimization.go:187.9,189.4 1 0
github.com/scttfrdmn/cargoship/pkg/multiregion/optimization.go:193.2,194.16 2 0
github.com/scttfrdmn/cargoship/pkg/multiregion/optimization.go:194.16,196.3 1 0
github.com/scttfrdmn/cargoship/pkg/multiregion/optimization.go:198.2,198.26 1 0
github.com/scttfrdmn/cargoship/pkg/multiregion/optimization.go:198.26,200.3 1 0
github.com/scttfrdmn/cargoship/pkg/multiregion/optimization.go:203.2,203.62 1 0
github.com/scttfrdmn/cargoship/pkg/multiregion/optimization.go:203.62,205.17 2 0
github.com/scttfrdmn/cargoship/pkg/multiregion/optimization.go:205.17,212.4 2 0
github.com/scttfrdmn/cargoship/pkg/multiregion/optimization.go:213.3,213.87 1 0
github.com/scttfrdmn/cargoship/pkg/multiregion/optimization.go:217.2,217.39 1 0
github.com/scttfrdmn/cargoship/pkg/multiregion/optimization.go:217.39,219.38 1 0
github.com/scttfrdmn/cargoship/pkg/multiregion/optimization.go:219.38,221.4 1 0
github.com/scttfrdmn/cargoship/pkg/multiregion/optimization.go:224.3,224.74 1 0
github.com/scttfrdmn/cargoship/pkg/multiregion/optimization.go:224.74,226.12 2 0
github.com/scttfrdmn/cargoship/pkg/multiregion/optimization.go:230.3,231.17 2 0
github.com/scttfrdmn/cargoship/pkg/multiregion/optimization.go:231.17,239.4 3 0
github.com/scttfrdmn/cargoship/pkg/multiregion/optimization.go:241.3,242.35 2 0
github.com/scttfrdmn/cargoship/pkg/multiregion/optimization.go:245.2,245.56 1 0
github.com/scttfrdmn/cargoship/pkg/multiregion/optimization.go:249.146,255.51 4 0
github.com/scttfrdmn/cargoship/pkg/multiregion/optimization.go:255.51,256.27 1 0
github.com/scttfrdmn/cargoship/pkg/multiregion/optimization.go:256.27,257.12 1 0
github.com/scttfrdmn/cargoship/pkg/multiregion/optimization.go:261.3,261.64 1 0
github.com/scttfrdmn/cargoship/pkg/multiregion/optimization.go:261.64,262.12 1 0
github.com/scttfrdmn/cargoship/pkg/multiregion/optimization.go:266.3,266.45 1 0
github.com/scttfrdmn/cargoship/pkg/multiregion/optimization.go:266.45,267.12 1 0
github.com/scttfrdmn/cargoship/pkg/multiregion/optimization.go:271.3,271.42 1 0
github.com/scttfrdmn/cargoship/pkg/multiregion/optimization.go:271.42,272.34 1 0
github.com/scttfrdmn/cargoship/pkg/multiregion/optimization.go:272.34,274.13 2 0
github.com/scttfrdmn/cargoship/pkg/multiregion/optimization.go:278.3,278.42 1 0
github.com/scttfrdmn/cargoship/pkg/multiregion/optimization.go:282.2,284.24 2 0
github.com/scttfrdmn/cargoship/pkg/multiregion/optimization.go:288.137,290.35 2 0
github.com/scttfrdmn/cargoship/pkg/multiregion/optimization.go:290.35,292.3 1 0
github.com/scttfrdmn/cargoship/pkg/multiregion/optimization.go:294.2,298.35 3 0
github.com/scttfrdmn/cargoship/pkg/multiregion/optimization.go:298.35,299.27 1 0
github.com/scttfrdmn/cargoship/pkg/multiregion/optimization.go:299.27,301.18 2 0
github.com/scttfrdmn/cargoship/pkg/multiregion/optimization.go:301.18,303.5 1 0
github.com/scttfrdmn/cargoship/pkg/multiregion/optimization.go:303.10,305.5 1 0
github.com/scttfrdmn/cargoship/pkg/multiregion/optimization.go:310.2,313.52 3 0
github.com/scttfrdmn/cargoship/pkg/multiregion/optimization.go:313.52,314.10 1 0
github.com/scttfrdmn/cargoship/pkg/multiregion/optimization.go:315.31,316.22 1 0
github.com/scttfrdmn/cargoship/pkg/multiregion/optimization.go:317.20,318.16 1 0
github.com/scttfrdmn/cargoship/pkg/multiregion/optimization.go:319.21,320.25 1 0
github.com/scttfrdmn/cargoship/pkg/multiregion/optimization.go:324.2,324.65 1 0
github.com/scttfrdmn/cargoship/pkg/multiregion/optimization.go:328.139,331.31 2 0
github.com/scttfrdmn/cargoship/pkg/multiregion/optimization.go:331.31,333.3 1 0
github.com/scttfrdmn/cargoship/pkg/multiregion/optimization.go:336.2,359.8 7 0
github.com/scttfrdmn/cargoship/pkg/multiregion/optimization.go:363.58,367.49 3 0
github.com/scttfrdmn/cargoship/pkg/multiregion/optimization.go:367.49,373.3 1 0
github.com/scttfrdmn/cargoship/pkg/multiregion/optimization.go:376.64,381.13 4 0
github.com/scttfrdmn/cargoship/pkg/multiregion/optimization.go:381.13,383.3 1 0
github.com/scttfrdmn/cargoship/pkg/multiregion/optimization.go:385.2,388.23 3 0
github.com/scttfrdmn/cargoship/pkg/multiregion/optimization.go:389.19,391.56 1 0
github.com/scttfrdmn/cargoship/pkg/multiregion/optimization.go:391.56,395.4 2 0
github.com/scttfrdmn/cargoship/pkg/multiregion/optimization.go:396.3,396.14 1 0
github.com/scttfrdmn/cargoship/pkg/multiregion/optimization.go:397.23,398.15 1 0
github.com/scttfrdmn/cargoship/pkg/multiregion/optimization.go:399.10,400.15 1 0
github.com/scttfrdmn/cargoship/pkg/multiregion/optimization.go:404.59,409.13 4 0
github.com/scttfrdmn/cargoship/pkg/multiregion/optimization.go:409.13,411.3 1 0
github.com/scttfrdmn/cargoship/pkg/multiregion/optimization.go:413.2,419.50 5 0
github.com/scttfrdmn/cargoship/pkg/multiregion/optimization.go:419.50,422.3 2 0
github.com/scttfrdmn/cargoship/pkg/multiregion/optimization.go:425.59,430.13 4 0
github.com/scttfrdmn/cargoship/pkg/multiregion/optimization.go:430.13,432.3 1 0
github.com/scttfrdmn/cargoship/pkg/multiregion/optimization.go:434.2,439.38 4 0
github.com/scttfrdmn/cargoship/pkg/multiregion/optimization.go:439.38,443.3 3 0
github.com/scttfrdmn/cargoship/pkg/multiregion/optimization.go:447.85,455.49 5 0
github.com/scttfrdmn/cargoship/pkg/multiregion/optimization.go:455.49,457.3 1 0
github.com/scttfrdmn/cargoship/pkg/multiregion/optimization.go:459.2,459.46 1 0
github.com/scttfrdmn/cargoship/pkg/multiregion/optimization.go:462.68,467.64 4 0
github.com/scttfrdmn/cargoship/pkg/multiregion/optimization.go:467.64,469.3 1 0
github.com/scttfrdmn/cargoship/pkg/multiregion/optimization.go:472.2,472.65 1 0
github.com/scttfrdmn/cargoship/pkg/multiregion/optimization.go:476.54,480.6 3 0
github.com/scttfrdmn/cargoship/pkg/multiregion/optimization.go:480.6,481.10 1 0
github.com/scttfrdmn/cargoship/pkg/multiregion/optimization.go:482.19,483.27 1 0
github.com/scttfrdmn/cargoship/pkg/multiregion/optimization.go:484.36,485.10 1 0
github.com/scttfrdmn/cargoship/pkg/multiregion/optimization.go:490.51,493.48 3 0
github.com/scttfrdmn/cargoship/pkg/multiregion/optimization.go:493.48,494.43 1 0
github.com/scttfrdmn/cargoship/pkg/multiregion/optimization.go:494.43,496.4 1 0
github.com/scttfrdmn/cargoship/pkg/multiregion/optimization.go:498.2,500.33 2 0
github.com/scttfrdmn/cargoship/pkg/multiregion/optimization.go:500.33,502.3 1 0
github.com/scttfrdmn/cargoship/pkg/multiregion/optimization.go:505.63,523.2 7 0
github.com/scttfrdmn/cargoship/pkg/multiregion/optimization.go:525.89,530.2 3 0
github.com/scttfrdmn/cargoship/pkg/multiregion/optimization.go:533.50,537.6 3 0
github.com/scttfrdmn/cargoship/pkg/multiregion/optimization.go:537.6,538.10 1 0
github.com/scttfrdmn/cargoship/pkg/multiregion/optimization.go:539.19,540.28 1 0
github.com/scttfrdmn/cargoship/pkg/multiregion/optimization.go:541.36,542.10 1 0
github.com/scttfrdmn/cargoship/pkg/multiregion/optimization.go:547.52,551.58 3 0
github.com/scttfrdmn/cargoship/pkg/multiregion/optimization.go:551.58,552.66 1 0
github.com/scttfrdmn/cargoship/pkg/multiregion/optimization.go:552.66,553.64 1 0
github.com/scttfrdmn/cargoship/pkg/multiregion/optimization.go:553.64,556.5 1 0
github.com/scttfrdmn/cargoship/pkg/multiregion/optimization.go:562.99,565.2 0 0
github.com/scttfrdmn/cargoship/pkg/multiregion/optimization.go:567.99,572.23 2 0
github.com/scttfrdmn/cargoship/pkg/multiregion/optimization.go:573.27,574.14 1 0
github.com/scttfrdmn/cargoship/pkg/multiregion/optimization.go:575.28,576.18 1 0
github.com/scttfrdmn/cargoship/pkg/multiregion/optimization.go:577.10,578.18 1 0
github.com/scttfrdmn/cargoship/pkg/multiregion/optimization.go:583.70,584.34 1 0
github.com/scttfrdmn/cargoship/pkg/multiregion/optimization.go:584.34,586.3 1 0
github.com/scttfrdmn/cargoship/pkg/multiregion/optimization.go:589.2,592.39 3 0
github.com/scttfrdmn/cargoship/pkg/multiregion/optimization.go:592.39,593.48 1 0
github.com/scttfrdmn/cargoship/pkg/multiregion/optimization.go:593.48,595.4 1 0
github.com/scttfrdmn/cargoship/pkg/multiregion/optimization.go:598.2,599.34 2 0
github.com/scttfrdmn/cargoship/pkg/multiregion/region_selector.go:30.86,36.2 1 1
github.com/scttfrdmn/cargoship/pkg/multiregion/region_selector.go:39.108,40.20 1 1
github.com/scttfrdmn/cargoship/pkg/multiregion/region_selector.go:40.20,42.3 1 1
github.com/scttfrdmn/cargoship/pkg/multiregion/region_selector.go:45.2,46.32 2 1
github.com/scttfrdmn/cargoship/pkg/multiregion/region_selector.go:46.32,48.3 1 1
github.com/scttfrdmn/cargoship/pkg/multiregion/region_selector.go:51.2,51.35 1 1
github.com/scttfrdmn/cargoship/pkg/multiregion/region_selector.go:51.35,52.43 1 1
github.com/scttfrdmn/cargoship/pkg/multiregion/region_selector.go:52.43,53.86 1 1
github.com/scttfrdmn/cargoship/pkg/multiregion/region_selector.go:53.86,58.5 2 1
github.com/scttfrdmn/cargoship/pkg/multiregion/region_selector.go:61.3,63.29 1 1
github.com/scttfrdmn/cargoship/pkg/multiregion/region_selector.go:67.2,67.65 1 1
github.com/scttfrdmn/cargoship/pkg/multiregion/region_selector.go:71.122,72.20 1 1
github.com/scttfrdmn/cargoship/pkg/multiregion/region_selector.go:72.20,74.3 1 0
github.com/scttfrdmn/cargoship/pkg/multiregion/region_selector.go:76.2,76.16 1 1
github.com/scttfrdmn/cargoship/pkg/multiregion/region_selector.go:76.16,78.3 1 1
github.com/scttfrdmn/cargoship/pkg/multiregion/region_selector.go:81.2,82.32 2 1
github.com/scttfrdmn/cargoship/pkg/multiregion/region_selector.go:82.32,84.3 1 0
github.com/scttfrdmn/cargoship/pkg/multiregion/region_selector.go:87.2,87.35 1 1
github.com/scttfrdmn/cargoship/pkg/multiregion/region_selector.go:87.35,89.3 1 1
github.com/scttfrdmn/cargoship/pkg/multiregion/region_selector.go:92.2,95.35 2 1
github.com/scttfrdmn/cargoship/pkg/multiregion/region_selector.go:95.35,96.43 1 1
github.com/scttfrdmn/cargoship/pkg/multiregion/region_selector.go:96.43,97.86 1 1
github.com/scttfrdmn/cargoship/pkg/multiregion/region_selector.go:97.86,100.10 3 1
github.com/scttfrdmn/cargoship/pkg/multiregion/region_selector.go:106.2,110.41 3 1
github.com/scttfrdmn/cargoship/pkg/multiregion/region_selector.go:110.41,112.3 1 1
github.com/scttfrdmn/cargoship/pkg/multiregion/region_selector.go:114.2,114.42 1 1
github.com/scttfrdmn/cargoship/pkg/multiregion/region_selector.go:114.42,115.30 1 1
github.com/scttfrdmn/cargoship/pkg/multiregion/region_selector.go:115.30,118.4 2 1
github.com/scttfrdmn/cargoship/pkg/multiregion/region_selector.go:121.2,121.29 1 1
github.com/scttfrdmn/cargoship/pkg/multiregion/region_selector.go:125.122,138.2 5 1
github.com/scttfrdmn/cargoship/pkg/multiregion/region_selector.go:141.65,144.34 2 1
github.com/scttfrdmn/cargoship/pkg/multiregion/region_selector.go:144.34,146.84 2 1
github.com/scttfrdmn/cargoship/pkg/multiregion/region_selector.go:146.84,148.4 1 1
github.com/scttfrdmn/cargoship/pkg/multiregion/region_selector.go:151.2,151.25 1 1
github.com/scttfrdmn/cargoship/pkg/multiregion/region_selector.go:155.137,156.41 1 1
github.com/scttfrdmn/cargoship/pkg/multiregion/region_selector.go:157.31,158.42 1 1
github.com/scttfrdmn/cargoship/pkg/multiregion/region_selector.go:159.29,160.40 1 1
github.com/scttfrdmn/cargoship/pkg/multiregion/region_selector.go:161.28,162.41 1 1
github.com/scttfrdmn/cargoship/pkg/multiregion/region_selector.go:163.31,164.52 1 1
github.com/scttfrdmn/cargoship/pkg/multiregion/region_selector.go:165.10,166.42 1 0
github.com/scttfrdmn/cargoship/pkg/multiregion/region_selector.go:171.77,172.23 1 1
github.com/scttfrdmn/cargoship/pkg/multiregion/region_selector.go:172.23,174.3 1 0
github.com/scttfrdmn/cargoship/pkg/multiregion/region_selector.go:178.2,179.23 2 1
github.com/scttfrdmn/cargoship/pkg/multiregion/region_selector.go:183.75,184.23 1 1
github.com/scttfrdmn/cargoship/pkg/multiregion/region_selector.go:184.23,186.3 1 0
github.com/scttfrdmn/cargoship/pkg/multiregion/region_selector.go:189.2,190.33 2 1
github.com/scttfrdmn/cargoship/pkg/multiregion/region_selector.go:190.33,192.3 1 1
github.com/scttfrdmn/cargoship/pkg/multiregion/region_selector.go:194.2,194.22 1 1
github.com/scttfrdmn/cargoship/pkg/multiregion/region_selector.go:194.22,197.3 1 1
github.com/scttfrdmn/cargoship/pkg/multiregion/region_selector.go:201.2,204.33 3 1
github.com/scttfrdmn/cargoship/pkg/multiregion/region_selector.go:204.33,206.29 2 1
github.com/scttfrdmn/cargoship/pkg/multiregion/region_selector.go:206.29,208.4 1 1
github.com/scttfrdmn/cargoship/pkg/multiregion/region_selector.go:211.2,211.19 1 0
github.com/scttfrdmn/cargoship/pkg/multiregion/region_selector.go:215.76,216.23 1 1
github.com/scttfrdmn/cargoship/pkg/multiregion/region_selector.go:216.23,218.3 1 0
github.com/scttfrdmn/cargoship/pkg/multiregion/region_selector.go:220.2,226.33 5 1
github.com/scttfrdmn/cargoship/pkg/multiregion/region_selector.go:226.33,227.62 1 1
github.com/scttfrdmn/cargoship/pkg/multiregion/region_selector.go:227.62,228.46 1 1
github.com/scttfrdmn/cargoship/pkg/multiregion/region_selector.go:228.46,231.5 2 1
github.com/scttfrdmn/cargoship/pkg/multiregion/region_selector.go:235.2,235.19 1 1
github.com/scttfrdmn/cargoship/pkg/multiregion/region_selector.go:239.102,240.23 1 1
github.com/scttfrdmn/cargoship/pkg/multiregion/region_selector.go:240.23,242.3 1 1
github.com/scttfrdmn/cargoship/pkg/multiregion/region_selector.go:246.2,246.36 1 1
github.com/scttfrdmn/cargoship/pkg/multiregion/region_selector.go:250.77,251.23 1 1
github.com/scttfrdmn/cargoship/pkg/multiregion/region_selector.go:251.23,253.3 1 0
github.com/scttfrdmn/cargoship/pkg/multiregion/region_selector.go:256.2,259.48 3 1
github.com/scttfrdmn/cargoship/pkg/multiregion/region_selector.go:259.48,261.3 1 1
github.com/scttfrdmn/cargoship/pkg/multiregion/region_selector.go:263.2,263.25 1 1
github.com/scttfrdmn/cargoship/pkg/multiregion/region_selector.go:267.136,268.37 1 1
github.com/scttfrdmn/cargoship/pkg/multiregion/region_selector.go:268.37,270.3 1 1
github.com/scttfrdmn/cargoship/pkg/multiregion/region_selector.go:273.2,277.41 3 1
github.com/scttfrdmn/cargoship/pkg/multiregion/region_selector.go:278.28,279.43 1 0
github.com/scttfrdmn/cargoship/pkg/multiregion/region_selector.go:280.29,281.42 1 0
github.com/scttfrdmn/cargoship/pkg/multiregion/region_selector.go:282.10,283.44 1 1
github.com/scttfrdmn/cargoship/pkg/multiregion/region_selector.go:287.2,287.35 1 1
github.com/scttfrdmn/cargoship/pkg/multiregion/region_selector.go:287.35,289.3 1 1
github.com/scttfrdmn/cargoship/pkg/multiregion/region_selector.go:291.2,291.33 1 1
github.com/scttfrdmn/cargoship/pkg/multiregion/region_selector.go:295.73,299.42 3 1
github.com/scttfrdmn/cargoship/pkg/multiregion/region_selector.go:299.42,303.27 3 1
github.com/scttfrdmn/cargoship/pkg/multiregion/region_selector.go:303.27,305.4 1 0
github.com/scttfrdmn/cargoship/pkg/multiregion/region_selector.go:306.3,306.15 1 1
github.com/scttfrdmn/cargoship/pkg/multiregion/region_selector.go:306.15,308.4 1 0
github.com/scttfrdmn/cargoship/pkg/multiregion/region_selector.go:309.3,309.15 1 1
github.com/scttfrdmn/cargoship/pkg/multiregion/region_selector.go:309.15,311.4 1 0
github.com/scttfrdmn/cargoship/pkg/multiregion/region_selector.go:313.3,313.63 1 1
github.com/scttfrdmn/cargoship/pkg/multiregion/region_selector.go:318.72,319.42 1 1
github.com/scttfrdmn/cargoship/pkg/multiregion/region_selector.go:319.42,320.45 1 1
github.com/scttfrdmn/cargoship/pkg/multiregion/region_selector.go:320.45,322.4 1 0
github.com/scttfrdmn/cargoship/pkg/multiregion/region_selector.go:323.3,323.47 1 1
github.com/scttfrdmn/cargoship/pkg/multiregion/region_selector.go:328.74,329.42 1 1
github.com/scttfrdmn/cargoship/pkg/multiregion/region_selector.go:329.42,331.3 1 1
github.com/scttfrdmn/cargoship/pkg/multiregion/s3_transporter.go:60.140,61.19 1 1
github.com/scttfrdmn/cargoship/pkg/multiregion/s3_transporter.go:61.19,63.3 1 1
github.com/scttfrdmn/cargoship/pkg/multiregion/s3_transporter.go:65.2,65.19 1 1
github.com/scttfrdmn/cargoship/pkg/multiregion/s3_transporter.go:65.19,67.3 1 1
github.com/scttfrdmn/cargoship/pkg/multiregion/s3_transporter.go:70.2,72.16 3 1
github.com/scttfrdmn/cargoship/pkg/multiregion/s3_transporter.go:72.16,74.3 1 1
github.com/scttfrdmn/cargoship/pkg/multiregion/s3_transporter.go:76.2,86.16 3 1
github.com/scttfrdmn/cargoship/pkg/multiregion/s3_transporter.go:86.16,88.3 1 0
github.com/scttfrdmn/cargoship/pkg/multiregion/s3_transporter.go:90.2,95.15 2 1
github.com/scttfrdmn/cargoship/pkg/multiregion/s3_transporter.go:99.133,100.20 1 1
github.com/scttfrdmn/cargoship/pkg/multiregion/s3_transporter.go:100.20,102.3 1 1
github.com/scttfrdmn/cargoship/pkg/multiregion/s3_transporter.go:104.2,104.34 1 1
github.com/scttfrdmn/cargoship/pkg/multiregion/s3_transporter.go:104.34,110.3 1 1
github.com/scttfrdmn/cargoship/pkg/multiregion/s3_transporter.go:112.2,119.62 2 1
github.com/scttfrdmn/cargoship/pkg/multiregion/s3_transporter.go:119.62,121.3 1 0
github.com/scttfrdmn/cargoship/pkg/multiregion/s3_transporter.go:121.8,123.3 1 1
github.com/scttfrdmn/cargoship/pkg/multiregion/s3_transporter.go:127.139,130.16 2 1
github.com/scttfrdmn/cargoship/pkg/multiregion/s3_transporter.go:130.16,132.3 1 0
github.com/scttfrdmn/cargoship/pkg/multiregion/s3_transporter.go:135.2,136.16 2 1
github.com/scttfrdmn/cargoship/pkg/multiregion/s3_transporter.go:136.16,138.3 1 0
github.com/scttfrdmn/cargoship/pkg/multiregion/s3_transporter.go:141.2,142.16 2 1
github.com/scttfrdmn/cargoship/pkg/multiregion/s3_transporter.go:142.16,144.38 1 1
github.com/scttfrdmn/cargoship/pkg/multiregion/s3_transporter.go:144.38,146.4 1 1
github.com/scttfrdmn/cargoship/pkg/multiregion/s3_transporter.go:147.3,147.79 1 0
github.com/scttfrdmn/cargoship/pkg/multiregion/s3_transporter.go:150.2,158.8 1 0
github.com/scttfrdmn/cargoship/pkg/multiregion/s3_transporter.go:162.142,166.16 3 1
github.com/scttfrdmn/cargoship/pkg/multiregion/s3_transporter.go:166.16,168.3 1 1
github.com/scttfrdmn/cargoship/pkg/multiregion/s3_transporter.go:170.2,184.33 4 1
github.com/scttfrdmn/cargoship/pkg/multiregion/s3_transporter.go:184.33,185.22 1 1
github.com/scttfrdmn/cargoship/pkg/multiregion/s3_transporter.go:185.22,187.18 2 1
github.com/scttfrdmn/cargoship/pkg/multiregion/s3_transporter.go:187.18,190.5 2 0
github.com/scttfrdmn/cargoship/pkg/multiregion/s3_transporter.go:192.4,193.73 2 1
github.com/scttfrdmn/cargoship/pkg/multiregion/s3_transporter.go:198.2,204.36 6 1
github.com/scttfrdmn/cargoship/pkg/multiregion/s3_transporter.go:204.36,207.25 2 1
github.com/scttfrdmn/cargoship/pkg/multiregion/s3_transporter.go:207.25,213.4 3 1
github.com/scttfrdmn/cargoship/pkg/multiregion/s3_transporter.go:213.9,218.29 4 0
github.com/scttfrdmn/cargoship/pkg/multiregion/s3_transporter.go:218.29,220.5 1 0
github.com/scttfrdmn/cargoship/pkg/multiregion/s3_transporter.go:222.4,225.41 1 0
github.com/scttfrdmn/cargoship/pkg/multiregion/s3_transporter.go:230.2,230.23 1 1
github.com/scttfrdmn/cargoship/pkg/multiregion/s3_transporter.go:230.23,232.3 1 1
github.com/scttfrdmn/cargoship/pkg/multiregion/s3_transporter.go:234.2,235.33 2 0
github.com/scttfrdmn/cargoship/pkg/multiregion/s3_transporter.go:235.33,237.3 1 0
github.com/scttfrdmn/cargoship/pkg/multiregion/s3_transporter.go:239.2,239.66 1 0
github.com/scttfrdmn/cargoship/pkg/multiregion/s3_transporter.go:239.66,242.3 1 0
github.com/scttfrdmn/cargoship/pkg/multiregion/s3_transporter.go:245.2,247.39 3 0
github.com/scttfrdmn/cargoship/pkg/multiregion/s3_transporter.go:247.39,248.36 1 0
github.com/scttfrdmn/cargoship/pkg/multiregion/s3_transporter.go:248.36,250.4 1 0
github.com/scttfrdmn/cargoship/pkg/multiregion/s3_transporter.go:251.3,251.22 1 0
github.com/scttfrdmn/cargoship/pkg/multiregion/s3_transporter.go:251.22,253.4 1 0
github.com/scttfrdmn/cargoship/pkg/multiregion/s3_transporter.go:256.2,270.8 1 0
github.com/scttfrdmn/cargoship/pkg/multiregion/s3_transporter.go:274.185,283.63 3 1
github.com/scttfrdmn/cargoship/pkg/multiregion/s3_transporter.go:283.63,288.17 3 1
github.com/scttfrdmn/cargoship/pkg/multiregion/s3_transporter.go:288.17,289.12 1 0
github.com/scttfrdmn/cargoship/pkg/multiregion/s3_transporter.go:292.3,292.34 1 1
github.com/scttfrdmn/cargoship/pkg/multiregion/s3_transporter.go:292.34,293.12 1 1
github.com/scttfrdmn/cargoship/pkg/multiregion/s3_transporter.go:297.3,297.33 1 1
github.com/scttfrdmn/cargoship/pkg/multiregion/s3_transporter.go:297.33,299.4 1 1
github.com/scttfrdmn/cargoship/pkg/multiregion/s3_transporter.go:301.3,302.17 2 1
github.com/scttfrdmn/cargoship/pkg/multiregion/s3_transporter.go:302.17,306.12 2 0
github.com/scttfrdmn/cargoship/pkg/multiregion/s3_transporter.go:309.3,310.17 2 1
github.com/scttfrdmn/cargoship/pkg/multiregion/s3_transporter.go:310.17,315.12 2 1
github.com/scttfrdmn/cargoship/pkg/multiregion/s3_transporter.go:318.3,339.9 2 0
github.com/scttfrdmn/cargoship/pkg/multiregion/s3_transporter.go:342.2,343.44 1 1
github.com/scttfrdmn/cargoship/pkg/multiregion/s3_transporter.go:347.187,349.24 1 1
github.com/scttfrdmn/cargoship/pkg/multiregion/s3_transporter.go:349.24,351.3 1 1
github.com/scttfrdmn/cargoship/pkg/multiregion/s3_transporter.go:353.2,353.52 1 0
github.com/scttfrdmn/cargoship/pkg/multiregion/s3_transporter.go:357.118,362.13 4 1
github.com/scttfrdmn/cargoship/pkg/multiregion/s3_transporter.go:362.13,364.3 1 1
github.com/scttfrdmn/cargoship/pkg/multiregion/s3_transporter.go:366.2,366.25 1 1
github.com/scttfrdmn/cargoship/pkg/multiregion/s3_transporter.go:370.92,371.42 1 1
github.com/scttfrdmn/cargoship/pkg/multiregion/s3_transporter.go:371.42,374.17 2 1
github.com/scttfrdmn/cargoship/pkg/multiregion/s3_transporter.go:374.17,376.4 1 0
github.com/scttfrdmn/cargoship/pkg/multiregion/s3_transporter.go:379.3,387.28 5 1
github.com/scttfrdmn/cargoship/pkg/multiregion/s3_transporter.go:387.28,389.4 1 0
github.com/scttfrdmn/cargoship/pkg/multiregion/s3_transporter.go:391.3,392.17 2 1
github.com/scttfrdmn/cargoship/pkg/multiregion/s3_transporter.go:392.17,394.4 1 0
github.com/scttfrdmn/cargoship/pkg/multiregion/s3_transporter.go:396.3,400.64 2 1
github.com/scttfrdmn/cargoship/pkg/multiregion/s3_transporter.go:403.2,403.12 1 1
github.com/scttfrdmn/cargoship/pkg/multiregion/s3_transporter.go:407.72,411.26 2 1
github.com/scttfrdmn/cargoship/pkg/multiregion/s3_transporter.go:411.26,413.17 2 1
github.com/scttfrdmn/cargoship/pkg/multiregion/s3_transporter.go:413.17,415.4 1 0
github.com/scttfrdmn/cargoship/pkg/multiregion/s3_transporter.go:419.2,422.50 3 1
github.com/scttfrdmn/cargoship/pkg/multiregion/s3_transporter.go:422.50,423.25 1 1
github.com/scttfrdmn/cargoship/pkg/multiregion/s3_transporter.go:423.25,427.4 1 1
github.com/scttfrdmn/cargoship/pkg/multiregion/s3_transporter.go:430.2,431.12 2 1
github.com/scttfrdmn/cargoship/pkg/multiregion/s3_transporter.go:435.56,444.2 1 1
github.com/scttfrdmn/cargoship/pkg/multiregion/s3_transporter.go:447.52,503.2 1 1
github.com/scttfrdmn/cargoship/cmd/cargoship/cmd/analyze.go:10.37,24.55 1 1
github.com/scttfrdmn/cargoship/cmd/cargoship/cmd/analyze.go:24.55,27.18 3 1
github.com/scttfrdmn/cargoship/cmd/cargoship/cmd/analyze.go:27.18,29.5 1 0
github.com/scttfrdmn/cargoship/cmd/cargoship/cmd/analyze.go:30.4,31.14 2 1
github.com/scttfrdmn/cargoship/cmd/cargoship/cmd/analyze.go:35.2,35.12 1 1
github.com/scttfrdmn/cargoship/cmd/cargoship/cmd/benchmark.go:26.39,57.2 6 1
github.com/scttfrdmn/cargoship/cmd/cargoship/cmd/benchmark.go:59.60,66.25 5 0
github.com/scttfrdmn/cargoship/cmd/cargoship/cmd/benchmark.go:66.25,70.17 3 0
github.com/scttfrdmn/cargoship/cmd/cargoship/cmd/benchmark.go:70.17,72.4 1 0
github.com/scttfrdmn/cargoship/cmd/cargoship/cmd/benchmark.go:73.3,74.60 2 0
github.com/scttfrdmn/cargoship/cmd/cargoship/cmd/benchmark.go:75.8,78.17 2 0
github.com/scttfrdmn/cargoship/cmd/cargoship/cmd/benchmark.go:78.17,80.4 1 0
github.com/scttfrdmn/cargoship/cmd/cargoship/cmd/benchmark.go:82.3,84.17 3 0
github.com/scttfrdmn/cargoship/cmd/cargoship/cmd/benchmark.go:84.17,86.4 1 0
github.com/scttfrdmn/cargoship/cmd/cargoship/cmd/benchmark.go:87.3,87.68 1 0
github.com/scttfrdmn/cargoship/cmd/cargoship/cmd/benchmark.go:91.2,93.16 3 0
github.com/scttfrdmn/cargoship/cmd/cargoship/cmd/benchmark.go:93.16,95.3 1 0
github.com/scttfrdmn/cargoship/cmd/cargoship/cmd/benchmark.go:98.2,98.25 1 0
github.com/scttfrdmn/cargoship/cmd/cargoship/cmd/benchmark.go:99.14,100.38 1 0
github.com/scttfrdmn/cargoship/cmd/cargoship/cmd/benchmark.go:101.15,102.49 1 0
github.com/scttfrdmn/cargoship/cmd/cargoship/cmd/benchmark.go:103.10,104.63 1 0
github.com/scttfrdmn/cargoship/cmd/cargoship/cmd/benchmark.go:108.68,111.18 2 1
github.com/scttfrdmn/cargoship/cmd/cargoship/cmd/benchmark.go:112.16,114.44 1 1
github.com/scttfrdmn/cargoship/cmd/cargoship/cmd/benchmark.go:114.44,116.4 1 0
github.com/scttfrdmn/cargoship/cmd/cargoship/cmd/benchmark.go:118.14,121.36 2 1
github.com/scttfrdmn/cargoship/cmd/cargoship/cmd/benchmark.go:121.36,123.4 1 1
github.com/scttfrdmn/cargoship/cmd/cargoship/cmd/benchmark.go:125.16,127.36 1 1
github.com/scttfrdmn/cargoship/cmd/cargoship/cmd/benchmark.go:127.36,128.20 1 1
github.com/scttfrdmn/cargoship/cmd/cargoship/cmd/benchmark.go:128.20,130.5 1 1
github.com/scttfrdmn/cargoship/cmd/cargoship/cmd/benchmark.go:130.10,132.5 1 1
github.com/scttfrdmn/cargoship/cmd/cargoship/cmd/benchmark.go:135.15,138.36 2 1
github.com/scttfrdmn/cargoship/cmd/cargoship/cmd/benchmark.go:138.36,139.18 1 1
github.com/scttfrdmn/cargoship/cmd/cargoship/cmd/benchmark.go:139.18,142.5 1 1
github.com/scttfrdmn/cargoship/cmd/cargoship/cmd/benchmark.go:142.10,145.5 1 1
github.com/scttfrdmn/cargoship/cmd/cargoship/cmd/benchmark.go:148.10,149.64 1 1
github.com/scttfrdmn/cargoship/cmd/cargoship/cmd/benchmark.go:152.2,152.18 1 1
github.com/scttfrdmn/cargoship/cmd/cargoship/cmd/benchmark.go:155.94,171.25 5 1
github.com/scttfrdmn/cargoship/cmd/cargoship/cmd/benchmark.go:171.25,174.22 2 1
github.com/scttfrdmn/cargoship/cmd/cargoship/cmd/benchmark.go:174.22,176.4 1 0
github.com/scttfrdmn/cargoship/cmd/cargoship/cmd/benchmark.go:177.3,177.67 1 1
github.com/scttfrdmn/cargoship/cmd/cargoship/cmd/benchmark.go:181.2,183.33 2 1
github.com/scttfrdmn/cargoship/cmd/cargoship/cmd/benchmark.go:183.33,185.71 2 1
github.com/scttfrdmn/cargoship/cmd/cargoship/cmd/benchmark.go:185.71,187.4 1 1
github.com/scttfrdmn/cargoship/cmd/cargoship/cmd/benchmark.go:189.3,197.4 1 1
github.com/scttfrdmn/cargoship/cmd/cargoship/cmd/benchmark.go:200.2,215.12 8 1
github.com/scttfrdmn/cargoship/cmd/cargoship/cmd/benchmark.go:218.73,232.2 4 1
github.com/scttfrdmn/cargoship/cmd/cargoship/cmd/benchmark.go:234.95,235.23 1 1
github.com/scttfrdmn/cargoship/cmd/cargoship/cmd/benchmark.go:235.23,237.3 1 1
github.com/scttfrdmn/cargoship/cmd/cargoship/cmd/benchmark.go:239.2,242.37 3 1
github.com/scttfrdmn/cargoship/cmd/cargoship/cmd/benchmark.go:242.37,244.24 2 1
github.com/scttfrdmn/cargoship/cmd/cargoship/cmd/benchmark.go:244.24,247.4 2 1
github.com/scttfrdmn/cargoship/cmd/cargoship/cmd/benchmark.go:250.2,250.13 1 1
github.com/scttfrdmn/cargoship/cmd/cargoship/cmd/benchmark.go:253.98,254.23 1 1
github.com/scttfrdmn/cargoship/cmd/cargoship/cmd/benchmark.go:254.23,256.3 1 1
github.com/scttfrdmn/cargoship/cmd/cargoship/cmd/benchmark.go:258.2,259.37 2 1
github.com/scttfrdmn/cargoship/cmd/cargoship/cmd/benchmark.go:259.37,260.45 1 1
github.com/scttfrdmn/cargoship/cmd/cargoship/cmd/benchmark.go:260.45,262.4 1 1
github.com/scttfrdmn/cargoship/cmd/cargoship/cmd/benchmark.go:265.2,265.16 1 1
github.com/scttfrdmn/cargoship/cmd/cargoship/cmd/benchmark.go:268.100,269.23 1 1
github.com/scttfrdmn/cargoship/cmd/cargoship/cmd/benchmark.go:269.23,271.3 1 1
github.com/scttfrdmn/cargoship/cmd/cargoship/cmd/benchmark.go:273.2,274.37 2 1
github.com/scttfrdmn/cargoship/cmd/cargoship/cmd/benchmark.go:274.37,275.54 1 1
github.com/scttfrdmn/cargoship/cmd/cargoship/cmd/benchmark.go:275.54,277.4 1 1
github.com/scttfrdmn/cargoship/cmd/cargoship/cmd/benchmark.go:280.2,280.13 1 1
github.com/scttfrdmn/cargoship/cmd/cargoship/cmd/benchmark.go:283.67,290.2 3 1
github.com/scttfrdmn/cargoship/cmd/cargoship/cmd/benchmark.go:292.42,306.26 6 1
github.com/scttfrdmn/cargoship/cmd/cargoship/cmd/benchmark.go:306.26,308.3 1 1
github.com/scttfrdmn/cargoship/cmd/cargoship/cmd/benchmark.go:310.2,311.9 2 1
github.com/scttfrdmn/cargoship/cmd/cargoship/cmd/benchmark.go:311.9,313.3 1 1
github.com/scttfrdmn/cargoship/cmd/cargoship/cmd/benchmark.go:315.2,315.48 1 1
github.com/scttfrdmn/cargoship/cmd/cargoship/cmd/benchmark.go:318.38,320.18 2 1
github.com/scttfrdmn/cargoship/cmd/cargoship/cmd/benchmark.go:320.18,322.3 1 1
github.com/scttfrdmn/cargoship/cmd/cargoship/cmd/benchmark.go:324.2,325.46 2 1
github.com/scttfrdmn/cargoship/cmd/cargoship/cmd/benchmark.go:325.46,328.3 2 1
github.com/scttfrdmn/cargoship/cmd/cargoship/cmd/benchmark.go:330.2,331.72 2 1
github.com/scttfrdmn/cargoship/cmd/cargoship/cmd/benchmark.go:334.14,336.2 0 1
github.com/scttfrdmn/cargoship/cmd/cargoship/cmd/config.go:24.36,67.2 8 1
github.com/scttfrdmn/cargoship/cmd/cargoship/cmd/config.go:69.57,73.20 2 1
github.com/scttfrdmn/cargoship/cmd/cargoship/cmd/config.go:73.20,75.3 1 1
github.com/scttfrdmn/cargoship/cmd/cargoship/cmd/config.go:78.2,78.54 1 1
github.com/scttfrdmn/cargoship/cmd/cargoship/cmd/config.go:78.54,79.56 1 1
github.com/scttfrdmn/cargoship/cmd/cargoship/cmd/config.go:79.56,81.4 1 1
github.com/scttfrdmn/cargoship/cmd/cargoship/cmd/config.go:85.2,85.20 1 1
github.com/scttfrdmn/cargoship/cmd/cargoship/cmd/config.go:85.20,87.3 1 1
github.com/scttfrdmn/cargoship/cmd/cargoship/cmd/config.go:90.2,90.16 1 1
github.com/scttfrdmn/cargoship/cmd/cargoship/cmd/config.go:90.16,92.3 1 1
github.com/scttfrdmn/cargoship/cmd/cargoship/cmd/config.go:95.2,95.16 1 1
github.com/scttfrdmn/cargoship/cmd/cargoship/cmd/config.go:95.16,97.3 1 0
github.com/scttfrdmn/cargoship/cmd/cargoship/cmd/config.go:100.2,100.19 1 1
github.com/scttfrdmn/cargoship/cmd/cargoship/cmd/config.go:103.29,115.2 7 1
github.com/scttfrdmn/cargoship/cmd/cargoship/cmd/config.go:117.52,124.27 5 1
github.com/scttfrdmn/cargoship/cmd/cargoship/cmd/config.go:124.27,126.3 1 0
github.com/scttfrdmn/cargoship/cmd/cargoship/cmd/config.go:127.2,127.37 1 1
github.com/scttfrdmn/cargoship/cmd/cargoship/cmd/config.go:127.37,129.3 1 0
github.com/scttfrdmn/cargoship/cmd/cargoship/cmd/config.go:130.2,134.25 5 1
github.com/scttfrdmn/cargoship/cmd/cargoship/cmd/config.go:134.25,136.3 1 1
github.com/scttfrdmn/cargoship/cmd/cargoship/cmd/config.go:137.2,139.12 2 1
github.com/scttfrdmn/cargoship/cmd/cargoship/cmd/config.go:142.48,145.22 2 1
github.com/scttfrdmn/cargoship/cmd/cargoship/cmd/config.go:146.14,149.29 3 1
github.com/scttfrdmn/cargoship/cmd/cargoship/cmd/config.go:150.21,151.48 1 1
github.com/scttfrdmn/cargoship/cmd/cargoship/cmd/config.go:151.48,153.4 1 0
github.com/scttfrdmn/cargoship/cmd/cargoship/cmd/config.go:155.3,156.17 2 1
github.com/scttfrdmn/cargoship/cmd/cargoship/cmd/config.go:156.17,158.4 1 0
github.com/scttfrdmn/cargoship/cmd/cargoship/cmd/config.go:159.3,161.17 3 1
github.com/scttfrdmn/cargoship/cmd/cargoship/cmd/config.go:161.17,163.4 1 0
github.com/scttfrdmn/cargoship/cmd/cargoship/cmd/config.go:164.3,165.13 2 1
github.com/scttfrdmn/cargoship/cmd/cargoship/cmd/config.go:166.10,167.79 1 1
github.com/scttfrdmn/cargoship/cmd/cargoship/cmd/config.go:171.25,174.16 2 1
github.com/scttfrdmn/cargoship/cmd/cargoship/cmd/config.go:174.16,176.3 1 0
github.com/scttfrdmn/cargoship/cmd/cargoship/cmd/config.go:178.2,179.22 2 1
github.com/scttfrdmn/cargoship/cmd/cargoship/cmd/config.go:179.22,181.3 1 1
github.com/scttfrdmn/cargoship/cmd/cargoship/cmd/config.go:184.2,184.55 1 1
github.com/scttfrdmn/cargoship/cmd/cargoship/cmd/config.go:184.55,187.73 3 0
github.com/scttfrdmn/cargoship/cmd/cargoship/cmd/config.go:187.73,189.4 1 0
github.com/scttfrdmn/cargoship/cmd/cargoship/cmd/config.go:193.2,194.18 2 1
github.com/scttfrdmn/cargoship/cmd/cargoship/cmd/config.go:194.18,196.3 1 1
github.com/scttfrdmn/cargoship/cmd/cargoship/cmd/config.go:197.2,197.18 1 1
github.com/scttfrdmn/cargoship/cmd/cargoship/cmd/config.go:197.18,200.29 2 1
github.com/scttfrdmn/cargoship/cmd/cargoship/cmd/config.go:200.29,201.46 1 1
github.com/scttfrdmn/cargoship/cmd/cargoship/cmd/config.go:201.46,203.10 2 0
github.com/scttfrdmn/cargoship/cmd/cargoship/cmd/config.go:208.2,208.18 1 1
github.com/scttfrdmn/cargoship/cmd/cargoship/cmd/config.go:208.18,210.3 1 1
github.com/scttfrdmn/cargoship/cmd/cargoship/cmd/config.go:212.2,220.34 6 0
github.com/scttfrdmn/cargoship/cmd/cargoship/cmd/config.go:220.34,222.3 1 0
github.com/scttfrdmn/cargoship/cmd/cargoship/cmd/config.go:225.2,226.55 2 0
github.com/scttfrdmn/cargoship/cmd/cargoship/cmd/config.go:226.55,230.3 3 0
github.com/scttfrdmn/cargoship/cmd/cargoship/cmd/config.go:232.2,233.12 2 0
github.com/scttfrdmn/cargoship/cmd/cargoship/cmd/config.go:236.14,238.2 0 1
github.com/scttfrdmn/cargoship/cmd/cargoship/cmd/context.go:14.37,53.2 3 1
github.com/scttfrdmn/cargoship/cmd/cargoship/cmd/context.go:56.66,64.2 5 0
github.com/scttfrdmn/cargoship/cmd/cargoship/cmd/context.go:67.43,84.2 1 1
github.com/scttfrdmn/cargoship/cmd/cargoship/cmd/context.go:87.41,95.2 1 1
github.com/scttfrdmn/cargoship/cmd/cargoship/cmd/context.go:98.41,106.2 1 1
github.com/scttfrdmn/cargoship/cmd/cargoship/cmd/context.go:109.42,118.2 1 1
github.com/scttfrdmn/cargoship/cmd/cargoship/cmd/context.go:121.61,127.36 4 0
github.com/scttfrdmn/cargoship/cmd/cargoship/cmd/context.go:127.36,128.27 1 0
github.com/scttfrdmn/cargoship/cmd/cargoship/cmd/context.go:128.27,130.9 2 0
github.com/scttfrdmn/cargoship/cmd/cargoship/cmd/context.go:134.2,134.14 1 0
github.com/scttfrdmn/cargoship/cmd/cargoship/cmd/context.go:134.14,137.3 1 0
github.com/scttfrdmn/cargoship/cmd/cargoship/cmd/context.go:139.2,145.33 4 0
github.com/scttfrdmn/cargoship/cmd/cargoship/cmd/context.go:145.33,148.3 2 0
github.com/scttfrdmn/cargoship/cmd/cargoship/cmd/context.go:151.2,151.56 1 0
github.com/scttfrdmn/cargoship/cmd/cargoship/cmd/context.go:151.56,153.3 1 0
github.com/scttfrdmn/cargoship/cmd/cargoship/cmd/context.go:155.2,161.12 4 0
github.com/scttfrdmn/cargoship/cmd/cargoship/cmd/context.go:165.60,174.31 6 0
github.com/scttfrdmn/cargoship/cmd/cargoship/cmd/context.go:174.31,176.24 2 0
github.com/scttfrdmn/cargoship/cmd/cargoship/cmd/context.go:176.24,178.4 1 0
github.com/scttfrdmn/cargoship/cmd/cargoship/cmd/context.go:180.3,180.69 1 0
github.com/scttfrdmn/cargoship/cmd/cargoship/cmd/context.go:183.2,184.12 2 0
github.com/scttfrdmn/cargoship/cmd/cargoship/cmd/context.go:188.66,194.16 4 0
github.com/scttfrdmn/cargoship/cmd/cargoship/cmd/context.go:194.16,196.3 1 0
github.com/scttfrdmn/cargoship/cmd/cargoship/cmd/context.go:198.2,204.27 6 0
github.com/scttfrdmn/cargoship/cmd/cargoship/cmd/context.go:204.27,206.3 1 0
github.com/scttfrdmn/cargoship/cmd/cargoship/cmd/context.go:208.2,209.20 2 0
github.com/scttfrdmn/cargoship/cmd/cargoship/cmd/context.go:209.20,211.3 1 0
github.com/scttfrdmn/cargoship/cmd/cargoship/cmd/context.go:213.2,215.26 2 0
github.com/scttfrdmn/cargoship/cmd/cargoship/cmd/context.go:215.26,217.3 1 0
github.com/scttfrdmn/cargoship/cmd/cargoship/cmd/context.go:217.8,219.3 1 0
github.com/scttfrdmn/cargoship/cmd/cargoship/cmd/context.go:221.2,221.12 1 0
github.com/scttfrdmn/cargoship/cmd/cargoship/cmd/context.go:225.60,231.40 4 0
github.com/scttfrdmn/cargoship/cmd/cargoship/cmd/context.go:231.40,233.3 1 0
github.com/scttfrdmn/cargoship/cmd/cargoship/cmd/context.go:235.2,238.12 3 0
github.com/scttfrdmn/cargoship/cmd/cargoship/cmd/context.go:242.68,244.31 2 0
github.com/scttfrdmn/cargoship/cmd/cargoship/cmd/context.go:244.31,246.3 1 0
github.com/scttfrdmn/cargoship/cmd/cargoship/cmd/context.go:247.2,247.34 1 0
github.com/scttfrdmn/cargoship/cmd/cargoship/cmd/context.go:251.52,254.13 2 0
github.com/scttfrdmn/cargoship/cmd/cargoship/cmd/context.go:255.28,259.58 4 0
github.com/scttfrdmn/cargoship/cmd/cargoship/cmd/context.go:261.28,265.50 4 0
github.com/scttfrdmn/cargoship/cmd/cargoship/cmd/context.go:267.33,271.51 4 0
github.com/scttfrdmn/cargoship/cmd/cargoship/cmd/context.go:273.27,277.58 4 0
github.com/scttfrdmn/cargoship/cmd/cargoship/cmd/controller.go:19.40,60.2 14 1
github.com/scttfrdmn/cargoship/cmd/cargoship/cmd/controller.go:63.61,68.16 3 0
github.com/scttfrdmn/cargoship/cmd/cargoship/cmd/controller.go:68.16,70.3 1 0
github.com/scttfrdmn/cargoship/cmd/cargoship/cmd/controller.go:73.2,73.28 1 0
github.com/scttfrdmn/cargoship/cmd/cargoship/cmd/controller.go:73.28,75.17 2 0
github.com/scttfrdmn/cargoship/cmd/cargoship/cmd/controller.go:75.17,77.4 1 0
github.com/scttfrdmn/cargoship/cmd/cargoship/cmd/controller.go:78.3,79.70 2 0
github.com/scttfrdmn/cargoship/cmd/cargoship/cmd/controller.go:83.2,83.23 1 0
github.com/scttfrdmn/cargoship/cmd/cargoship/cmd/controller.go:83.23,84.58 1 0
github.com/scttfrdmn/cargoship/cmd/cargoship/cmd/controller.go:84.58,86.4 1 0
github.com/scttfrdmn/cargoship/cmd/cargoship/cmd/controller.go:90.2,91.16 2 0
github.com/scttfrdmn/cargoship/cmd/cargoship/cmd/controller.go:91.16,93.3 1 0
github.com/scttfrdmn/cargoship/cmd/cargoship/cmd/controller.go:96.2,96.37 1 0
github.com/scttfrdmn/cargoship/cmd/cargoship/cmd/controller.go:96.37,98.3 1 0
github.com/scttfrdmn/cargoship/cmd/cargoship/cmd/controller.go:101.2,113.36 7 0
github.com/scttfrdmn/cargoship/cmd/cargoship/cmd/controller.go:113.36,116.3 2 0
github.com/scttfrdmn/cargoship/cmd/cargoship/cmd/controller.go:118.2,119.12 2 0
github.com/scttfrdmn/cargoship/cmd/cargoship/cmd/controller.go:123.58,134.2 2 0
github.com/scttfrdmn/cargoship/cmd/cargoship/cmd/controller.go:137.42,140.44 2 0
github.com/scttfrdmn/cargoship/cmd/cargoship/cmd/controller.go:140.44,142.3 1 0
github.com/scttfrdmn/cargoship/cmd/cargoship/cmd/controller.go:145.2,145.39 1 0
github.com/scttfrdmn/cargoship/cmd/cargoship/cmd/controller.go:149.74,151.23 2 0
github.com/scttfrdmn/cargoship/cmd/cargoship/cmd/controller.go:151.23,153.3 1 0
github.com/scttfrdmn/cargoship/cmd/cargoship/cmd/controller.go:156.2,157.20 2 0
github.com/scttfrdmn/cargoship/cmd/cargoship/cmd/controller.go:157.20,159.3 1 0
github.com/scttfrdmn/cargoship/cmd/cargoship/cmd/controller.go:161.2,198.3 4 0
github.com/scttfrdmn/cargoship/cmd/cargoship/cmd/create.go:10.36,15.52 1 1
github.com/scttfrdmn/cargoship/cmd/cargoship/cmd/create.go:15.52,17.4 1 0
github.com/scttfrdmn/cargoship/cmd/cargoship/cmd/create.go:19.2,20.12 2 1
github.com/scttfrdmn/cargoship/cmd/cargoship/cmd/create_keys.go:11.40,15.45 1 1
github.com/scttfrdmn/cargoship/cmd/cargoship/cmd/create_keys.go:15.45,31.4 8 1
github.com/scttfrdmn/cargoship/cmd/cargoship/cmd/create_keys.go:35.47,41.144 6 1
github.com/scttfrdmn/cargoship/cmd/cargoship/cmd/create_keys.go:41.144,43.3 1 0
github.com/scttfrdmn/cargoship/cmd/cargoship/cmd/create_keys.go:43.18,44.14 1 0
github.com/scttfrdmn/cargoship/cmd/cargoship/cmd/create_keys.go:47.2,48.145 2 1
github.com/scttfrdmn/cargoship/cmd/cargoship/cmd/create_keys.go:48.145,50.3 1 0
github.com/scttfrdmn/cargoship/cmd/cargoship/cmd/create_keys.go:50.18,51.14 1 0
github.com/scttfrdmn/cargoship/cmd/cargoship/cmd/create_keys.go:54.2,56.96 3 1
github.com/scttfrdmn/cargoship/cmd/cargoship/cmd/create_keys.go:56.96,57.13 1 0
github.com/scttfrdmn/cargoship/cmd/cargoship/cmd/create_keys.go:59.2,62.144 3 1
github.com/scttfrdmn/cargoship/cmd/cargoship/cmd/create_keys.go:62.144,64.3 1 0
github.com/scttfrdmn/cargoship/cmd/cargoship/cmd/create_keys.go:64.18,65.14 1 0
github.com/scttfrdmn/cargoship/cmd/cargoship/cmd/create_suitcase.go:32.44,65.2 5 1
github.com/scttfrdmn/cargoship/cmd/cargoship/cmd/create_suitcase.go:67.86,69.16 2 1
github.com/scttfrdmn/cargoship/cmd/cargoship/cmd/create_suitcase.go:69.16,71.3 1 0
github.com/scttfrdmn/cargoship/cmd/cargoship/cmd/create_suitcase.go:73.2,74.16 2 1
github.com/scttfrdmn/cargoship/cmd/cargoship/cmd/create_suitcase.go:74.16,76.3 1 0
github.com/scttfrdmn/cargoship/cmd/cargoship/cmd/create_suitcase.go:79.2,79.84 1 1
github.com/scttfrdmn/cargoship/cmd/cargoship/cmd/create_suitcase.go:79.84,81.3 1 1
github.com/scttfrdmn/cargoship/cmd/cargoship/cmd/create_suitcase.go:83.2,83.42 1 1
github.com/scttfrdmn/cargoship/cmd/cargoship/cmd/create_suitcase.go:86.49,90.103 3 1
github.com/scttfrdmn/cargoship/cmd/cargoship/cmd/create_suitcase.go:90.103,92.3 1 0
github.com/scttfrdmn/cargoship/cmd/cargoship/cmd/create_suitcase.go:93.2,97.99 3 1
github.com/scttfrdmn/cargoship/cmd/cargoship/cmd/create_suitcase.go:97.99,99.3 1 0
github.com/scttfrdmn/cargoship/cmd/cargoship/cmd/create_suitcase.go:100.2,104.101 3 1
github.com/scttfrdmn/cargoship/cmd/cargoship/cmd/create_suitcase.go:104.101,106.3 1 0
github.com/scttfrdmn/cargoship/cmd/cargoship/cmd/create_suitcase.go:107.2,111.12 3 1
github.com/scttfrdmn/cargoship/cmd/cargoship/cmd/create_suitcase.go:114.86,117.27 3 1
github.com/scttfrdmn/cargoship/cmd/cargoship/cmd/create_suitcase.go:117.27,120.3 2 1
github.com/scttfrdmn/cargoship/cmd/cargoship/cmd/create_suitcase.go:121.2,121.55 1 1
github.com/scttfrdmn/cargoship/cmd/cargoship/cmd/create_suitcase.go:121.55,123.3 1 1
github.com/scttfrdmn/cargoship/cmd/cargoship/cmd/create_suitcase.go:124.2,124.171 1 1
github.com/scttfrdmn/cargoship/cmd/cargoship/cmd/create_suitcase.go:124.171,126.17 2 1
github.com/scttfrdmn/cargoship/cmd/cargoship/cmd/create_suitcase.go:126.17,128.4 1 0
github.com/scttfrdmn/cargoship/cmd/cargoship/cmd/create_suitcase.go:132.2,132.27 1 1
github.com/scttfrdmn/cargoship/cmd/cargoship/cmd/create_suitcase.go:138.89,142.16 4 1
github.com/scttfrdmn/cargoship/cmd/cargoship/cmd/create_suitcase.go:142.16,144.3 1 0
github.com/scttfrdmn/cargoship/cmd/cargoship/cmd/create_suitcase.go:145.2,147.16 3 1
github.com/scttfrdmn/cargoship/cmd/cargoship/cmd/create_suitcase.go:147.16,149.3 1 0
github.com/scttfrdmn/cargoship/cmd/cargoship/cmd/create_suitcase.go:150.2,150.26 1 1
github.com/scttfrdmn/cargoship/cmd/cargoship/cmd/create_suitcase.go:154.97,157.16 3 1
github.com/scttfrdmn/cargoship/cmd/cargoship/cmd/create_suitcase.go:157.16,159.3 1 0
github.com/scttfrdmn/cargoship/cmd/cargoship/cmd/create_suitcase.go:160.2,173.39 8 1
github.com/scttfrdmn/cargoship/cmd/cargoship/cmd/create_suitcase.go:176.62,179.27 2 1
github.com/scttfrdmn/cargoship/cmd/cargoship/cmd/create_suitcase.go:179.27,180.39 1 1
github.com/scttfrdmn/cargoship/cmd/cargoship/cmd/create_suitcase.go:180.39,182.4 1 1
github.com/scttfrdmn/cargoship/cmd/cargoship/cmd/create_suitcase.go:184.2,184.29 1 1
github.com/scttfrdmn/cargoship/cmd/cargoship/cmd/create_suitcase.go:184.29,185.17 1 1
github.com/scttfrdmn/cargoship/cmd/cargoship/cmd/create_suitcase.go:185.17,187.4 1 1
github.com/scttfrdmn/cargoship/cmd/cargoship/cmd/create_suitcase.go:189.2,189.15 1 1
github.com/scttfrdmn/cargoship/cmd/cargoship/cmd/create_suitcase.go:192.62,201.85 6 1
github.com/scttfrdmn/cargoship/cmd/cargoship/cmd/create_suitcase.go:201.85,203.78 2 1
github.com/scttfrdmn/cargoship/cmd/cargoship/cmd/create_suitcase.go:203.78,205.4 1 0
github.com/scttfrdmn/cargoship/cmd/cargoship/cmd/create_suitcase.go:208.2,227.50 7 1
github.com/scttfrdmn/cargoship/cmd/cargoship/cmd/create_suitcase.go:227.50,229.3 1 0
github.com/scttfrdmn/cargoship/cmd/cargoship/cmd/create_suitcase.go:231.2,231.48 1 1
github.com/scttfrdmn/cargoship/cmd/cargoship/cmd/create_suitcase.go:231.48,233.3 1 0
github.com/scttfrdmn/cargoship/cmd/cargoship/cmd/create_suitcase.go:235.2,239.18 1 1
github.com/scttfrdmn/cargoship/cmd/cargoship/cmd/create_suitcase.go:239.18,241.3 1 0
github.com/scttfrdmn/cargoship/cmd/cargoship/cmd/create_suitcase.go:243.2,251.12 3 1
github.com/scttfrdmn/cargoship/cmd/cargoship/cmd/create_suitcase.go:254.60,255.28 1 1
github.com/scttfrdmn/cargoship/cmd/cargoship/cmd/create_suitcase.go:255.28,257.32 2 1
github.com/scttfrdmn/cargoship/cmd/cargoship/cmd/create_suitcase.go:257.32,258.22 1 1
github.com/scttfrdmn/cargoship/cmd/cargoship/cmd/create_suitcase.go:258.22,261.70 3 1
github.com/scttfrdmn/cargoship/cmd/cargoship/cmd/create_suitcase.go:261.70,263.6 1 1
github.com/scttfrdmn/cargoship/cmd/cargoship/cmd/create_suitcase.go:264.5,265.15 2 1
github.com/scttfrdmn/cargoship/cmd/cargoship/cmd/create_suitcase.go:268.3,268.18 1 1
github.com/scttfrdmn/cargoship/cmd/cargoship/cmd/create_suitcase.go:270.2,270.12 1 1
github.com/scttfrdmn/cargoship/cmd/cargoship/cmd/create_suitcase.go:273.26,276.2 2 1
github.com/scttfrdmn/cargoship/cmd/cargoship/cmd/create_suitcase.go:286.61,304.2 6 1
github.com/scttfrdmn/cargoship/cmd/cargoship/cmd/create_suitcase.go:306.84,308.16 2 1
github.com/scttfrdmn/cargoship/cmd/cargoship/cmd/create_suitcase.go:308.16,310.3 1 0
github.com/scttfrdmn/cargoship/cmd/cargoship/cmd/create_suitcase.go:311.2,312.16 2 1
github.com/scttfrdmn/cargoship/cmd/cargoship/cmd/create_suitcase.go:312.16,314.3 1 0
github.com/scttfrdmn/cargoship/cmd/cargoship/cmd/create_suitcase.go:315.2,322.8 3 1
github.com/scttfrdmn/cargoship/cmd/cargoship/cmd/create_suitcase.go:325.58,327.15 1 1
github.com/scttfrdmn/cargoship/cmd/cargoship/cmd/create_suitcase.go:327.15,328.35 1 1
github.com/scttfrdmn/cargoship/cmd/cargoship/cmd/create_suitcase.go:328.35,331.4 2 0
github.com/scttfrdmn/cargoship/cmd/cargoship/cmd/create_suitcase.go:334.2,335.16 2 1
github.com/scttfrdmn/cargoship/cmd/cargoship/cmd/create_suitcase.go:335.16,337.3 1 1
github.com/scttfrdmn/cargoship/cmd/cargoship/cmd/create_suitcase.go:339.2,339.20 1 1
github.com/scttfrdmn/cargoship/cmd/cargoship/cmd/create_suitcase.go:339.20,347.18 1 1
github.com/scttfrdmn/cargoship/cmd/cargoship/cmd/create_suitcase.go:347.18,349.4 1 0
github.com/scttfrdmn/cargoship/cmd/cargoship/cmd/create_suitcase.go:351.3,351.48 1 1
github.com/scttfrdmn/cargoship/cmd/cargoship/cmd/create_suitcase.go:351.48,353.4 1 0
github.com/scttfrdmn/cargoship/cmd/cargoship/cmd/create_suitcase.go:354.3,354.13 1 1
github.com/scttfrdmn/cargoship/cmd/cargoship/cmd/create_suitcase.go:356.2,357.12 2 1
github.com/scttfrdmn/cargoship/cmd/cargoship/cmd/create_suitcase.go:361.48,362.65 1 1
github.com/scttfrdmn/cargoship/cmd/cargoship/cmd/create_suitcase.go:362.65,364.3 1 0
github.com/scttfrdmn/cargoship/cmd/cargoship/cmd/create_suitcase.go:366.2,366.20 1 1
github.com/scttfrdmn/cargoship/cmd/cargoship/cmd/create_suitcase.go:366.20,372.3 2 1
github.com/scttfrdmn/cargoship/cmd/cargoship/cmd/create_suitcase.go:373.2,373.18 1 1
github.com/scttfrdmn/cargoship/cmd/cargoship/cmd/dashboard.go:13.39,55.2 5 1
github.com/scttfrdmn/cargoship/cmd/cargoship/cmd/dashboard.go:58.60,66.18 4 0
github.com/scttfrdmn/cargoship/cmd/cargoship/cmd/dashboard.go:67.18,68.40 1 0
github.com/scttfrdmn/cargoship/cmd/cargoship/cmd/dashboard.go:69.29,70.40 1 0
github.com/scttfrdmn/cargoship/cmd/cargoship/cmd/dashboard.go:71.19,72.41 1 0
github.com/scttfrdmn/cargoship/cmd/cargoship/cmd/dashboard.go:73.23,74.37 1 0
github.com/scttfrdmn/cargoship/cmd/cargoship/cmd/dashboard.go:75.25,76.38 1 0
github.com/scttfrdmn/cargoship/cmd/cargoship/cmd/dashboard.go:77.33,78.38 1 0
github.com/scttfrdmn/cargoship/cmd/cargoship/cmd/dashboard.go:79.21,80.36 1 0
github.com/scttfrdmn/cargoship/cmd/cargoship/cmd/dashboard.go:81.10,83.40 1 0
github.com/scttfrdmn/cargoship/cmd/cargoship/cmd/dashboard.go:86.2,94.75 3 0
github.com/scttfrdmn/cargoship/cmd/cargoship/cmd/dashboard.go:94.75,97.3 1 0
github.com/scttfrdmn/cargoship/cmd/cargoship/cmd/dashboard.go:100.2,100.63 1 0
github.com/scttfrdmn/cargoship/cmd/cargoship/cmd/dashboard.go:100.63,103.3 1 0
github.com/scttfrdmn/cargoship/cmd/cargoship/cmd/dashboard.go:105.2,109.40 4 0
github.com/scttfrdmn/cargoship/cmd/cargoship/cmd/dashboard.go:109.40,111.3 1 0
github.com/scttfrdmn/cargoship/cmd/cargoship/cmd/dashboard.go:113.2,116.12 3 0
github.com/scttfrdmn/cargoship/cmd/cargoship/cmd/estimate.go:37.38,65.2 11 1
github.com/scttfrdmn/cargoship/cmd/cargoship/cmd/estimate.go:67.59,71.55 2 1
github.com/scttfrdmn/cargoship/cmd/cargoship/cmd/estimate.go:71.55,73.3 1 1
github.com/scttfrdmn/cargoship/cmd/cargoship/cmd/estimate.go:76.2,77.16 2 1
github.com/scttfrdmn/cargoship/cmd/cargoship/cmd/estimate.go:77.16,79.3 1 0
github.com/scttfrdmn/cargoship/cmd/cargoship/cmd/estimate.go:81.2,81.24 1 1
github.com/scttfrdmn/cargoship/cmd/cargoship/cmd/estimate.go:81.24,84.3 2 0
github.com/scttfrdmn/cargoship/cmd/cargoship/cmd/estimate.go:87.2,88.24 2 1
github.com/scttfrdmn/cargoship/cmd/cargoship/cmd/estimate.go:88.24,90.3 1 0
github.com/scttfrdmn/cargoship/cmd/cargoship/cmd/estimate.go:90.8,92.3 1 1
github.com/scttfrdmn/cargoship/cmd/cargoship/cmd/estimate.go:95.2,97.16 3 1
github.com/scttfrdmn/cargoship/cmd/cargoship/cmd/estimate.go:97.16,99.3 1 0
github.com/scttfrdmn/cargoship/cmd/cargoship/cmd/estimate.go:102.2,103.30 2 1
github.com/scttfrdmn/cargoship/cmd/cargoship/cmd/estimate.go:103.30,105.3 1 1
github.com/scttfrdmn/cargoship/cmd/cargoship/cmd/estimate.go:108.2,109.28 2 1
github.com/scttfrdmn/cargoship/cmd/cargoship/cmd/estimate.go:109.28,111.3 1 1
github.com/scttfrdmn/cargoship/cmd/cargoship/cmd/estimate.go:114.2,114.24 1 1
github.com/scttfrdmn/cargoship/cmd/cargoship/cmd/estimate.go:115.14,116.54 1 1
github.com/scttfrdmn/cargoship/cmd/cargoship/cmd/estimate.go:117.15,118.67 1 1
github.com/scttfrdmn/cargoship/cmd/cargoship/cmd/estimate.go:119.10,120.62 1 1
github.com/scttfrdmn/cargoship/cmd/cargoship/cmd/estimate.go:125.66,130.88 3 1
github.com/scttfrdmn/cargoship/cmd/cargoship/cmd/estimate.go:130.88,131.17 1 1
github.com/scttfrdmn/cargoship/cmd/cargoship/cmd/estimate.go:131.17,133.4 1 1
github.com/scttfrdmn/cargoship/cmd/cargoship/cmd/estimate.go:134.3,134.20 1 1
github.com/scttfrdmn/cargoship/cmd/cargoship/cmd/estimate.go:134.20,136.4 1 1
github.com/scttfrdmn/cargoship/cmd/cargoship/cmd/estimate.go:137.3,137.13 1 1
github.com/scttfrdmn/cargoship/cmd/cargoship/cmd/estimate.go:140.2,140.16 1 1
github.com/scttfrdmn/cargoship/cmd/cargoship/cmd/estimate.go:140.16,142.3 1 1
github.com/scttfrdmn/cargoship/cmd/cargoship/cmd/estimate.go:145.2,156.32 2 1
github.com/scttfrdmn/cargoship/cmd/cargoship/cmd/estimate.go:156.32,158.3 1 1
github.com/scttfrdmn/cargoship/cmd/cargoship/cmd/estimate.go:160.2,161.22 2 1
github.com/scttfrdmn/cargoship/cmd/cargoship/cmd/estimate.go:165.96,168.16 2 1
github.com/scttfrdmn/cargoship/cmd/cargoship/cmd/estimate.go:168.16,172.3 3 0
github.com/scttfrdmn/cargoship/cmd/cargoship/cmd/estimate.go:175.2,178.63 3 1
github.com/scttfrdmn/cargoship/cmd/cargoship/cmd/estimate.go:182.81,195.2 3 1
github.com/scttfrdmn/cargoship/cmd/cargoship/cmd/estimate.go:198.82,199.24 1 1
github.com/scttfrdmn/cargoship/cmd/cargoship/cmd/estimate.go:199.24,201.3 1 1
github.com/scttfrdmn/cargoship/cmd/cargoship/cmd/estimate.go:204.2,217.27 4 1
github.com/scttfrdmn/cargoship/cmd/cargoship/cmd/estimate.go:217.27,225.3 2 0
github.com/scttfrdmn/cargoship/cmd/cargoship/cmd/estimate.go:228.2,228.86 1 1
github.com/scttfrdmn/cargoship/cmd/cargoship/cmd/estimate.go:231.126,236.24 2 1
github.com/scttfrdmn/cargoship/cmd/cargoship/cmd/estimate.go:236.24,238.3 1 1
github.com/scttfrdmn/cargoship/cmd/cargoship/cmd/estimate.go:240.2,240.22 1 1
github.com/scttfrdmn/cargoship/cmd/cargoship/cmd/estimate.go:240.22,242.3 1 1
github.com/scttfrdmn/cargoship/cmd/cargoship/cmd/estimate.go:244.2,246.31 3 1
github.com/scttfrdmn/cargoship/cmd/cargoship/cmd/estimate.go:249.146,276.40 7 1
github.com/scttfrdmn/cargoship/cmd/cargoship/cmd/estimate.go:276.40,286.3 3 1
github.com/scttfrdmn/cargoship/cmd/cargoship/cmd/estimate.go:289.2,301.62 9 1
github.com/scttfrdmn/cargoship/cmd/cargoship/cmd/estimate.go:301.62,303.48 2 0
github.com/scttfrdmn/cargoship/cmd/cargoship/cmd/estimate.go:303.48,305.22 2 0
github.com/scttfrdmn/cargoship/cmd/cargoship/cmd/estimate.go:306.16,307.24 1 0
github.com/scttfrdmn/cargoship/cmd/cargoship/cmd/estimate.go:308.18,309.24 1 0
github.com/scttfrdmn/cargoship/cmd/cargoship/cmd/estimate.go:310.15,311.24 1 0
github.com/scttfrdmn/cargoship/cmd/cargoship/cmd/estimate.go:314.4,316.46 2 0
github.com/scttfrdmn/cargoship/cmd/cargoship/cmd/estimate.go:319.3,320.48 2 0
github.com/scttfrdmn/cargoship/cmd/cargoship/cmd/estimate.go:320.48,322.4 1 0
github.com/scttfrdmn/cargoship/cmd/cargoship/cmd/estimate.go:324.3,324.23 1 0
github.com/scttfrdmn/cargoship/cmd/cargoship/cmd/estimate.go:324.23,327.4 1 0
github.com/scttfrdmn/cargoship/cmd/cargoship/cmd/estimate.go:331.2,331.24 1 1
github.com/scttfrdmn/cargoship/cmd/cargoship/cmd/estimate.go:331.24,338.42 6 1
github.com/scttfrdmn/cargoship/cmd/cargoship/cmd/estimate.go:338.42,341.4 2 1
github.com/scttfrdmn/cargoship/cmd/cargoship/cmd/estimate.go:345.2,345.22 1 1
github.com/scttfrdmn/cargoship/cmd/cargoship/cmd/estimate.go:345.22,353.3 7 1
github.com/scttfrdmn/cargoship/cmd/cargoship/cmd/estimate.go:356.2,362.12 6 1
github.com/scttfrdmn/cargoship/cmd/cargoship/cmd/estimate.go:365.14,367.2 0 1
github.com/scttfrdmn/cargoship/cmd/cargoship/cmd/find.go:10.34,36.55 1 1
github.com/scttfrdmn/cargoship/cmd/cargoship/cmd/find.go:36.55,43.43 7 1
github.com/scttfrdmn/cargoship/cmd/cargoship/cmd/find.go:43.43,47.5 3 1
github.com/scttfrdmn/cargoship/cmd/cargoship/cmd/find.go:48.4,48.14 1 1
github.com/scttfrdmn/cargoship/cmd/cargoship/cmd/find.go:52.2,53.12 2 1
github.com/scttfrdmn/cargoship/cmd/cargoship/cmd/helpers.go:27.59,29.16 2 1
github.com/scttfrdmn/cargoship/cmd/cargoship/cmd/helpers.go:29.16,31.3 1 0
github.com/scttfrdmn/cargoship/cmd/cargoship/cmd/helpers.go:32.2,32.13 1 1
github.com/scttfrdmn/cargoship/cmd/cargoship/cmd/helpers.go:32.13,34.17 2 0
github.com/scttfrdmn/cargoship/cmd/cargoship/cmd/helpers.go:34.17,36.4 1 0
github.com/scttfrdmn/cargoship/cmd/cargoship/cmd/helpers.go:40.2,40.48 1 1
github.com/scttfrdmn/cargoship/cmd/cargoship/cmd/helpers.go:40.48,42.3 1 0
github.com/scttfrdmn/cargoship/cmd/cargoship/cmd/helpers.go:43.2,43.15 1 1
github.com/scttfrdmn/cargoship/cmd/cargoship/cmd/helpers.go:46.26,48.16 2 1
github.com/scttfrdmn/cargoship/cmd/cargoship/cmd/helpers.go:48.16,50.3 1 0
github.com/scttfrdmn/cargoship/cmd/cargoship/cmd/helpers.go:55.66,57.13 2 1
github.com/scttfrdmn/cargoship/cmd/cargoship/cmd/helpers.go:57.13,59.59 2 1
github.com/scttfrdmn/cargoship/cmd/cargoship/cmd/helpers.go:59.59,61.4 1 0
github.com/scttfrdmn/cargoship/cmd/cargoship/cmd/helpers.go:65.2,66.16 2 1
github.com/scttfrdmn/cargoship/cmd/cargoship/cmd/helpers.go:66.16,68.3 1 1
github.com/scttfrdmn/cargoship/cmd/cargoship/cmd/helpers.go:69.2,71.16 3 1
github.com/scttfrdmn/cargoship/cmd/cargoship/cmd/helpers.go:71.16,73.3 1 0
github.com/scttfrdmn/cargoship/cmd/cargoship/cmd/helpers.go:76.2,76.48 1 1
github.com/scttfrdmn/cargoship/cmd/cargoship/cmd/helpers.go:76.48,78.3 1 1
github.com/scttfrdmn/cargoship/cmd/cargoship/cmd/helpers.go:80.2,80.15 1 1
github.com/scttfrdmn/cargoship/cmd/cargoship/cmd/helpers.go:84.96,85.28 1 1
github.com/scttfrdmn/cargoship/cmd/cargoship/cmd/helpers.go:86.12,89.23 3 1
github.com/scttfrdmn/cargoship/cmd/cargoship/cmd/helpers.go:90.15,93.23 3 1
github.com/scttfrdmn/cargoship/cmd/cargoship/cmd/helpers.go:94.13,97.23 3 1
github.com/scttfrdmn/cargoship/cmd/cargoship/cmd/helpers.go:98.14,101.23 3 0
github.com/scttfrdmn/cargoship/cmd/cargoship/cmd/helpers.go:102.22,105.23 3 1
github.com/scttfrdmn/cargoship/cmd/cargoship/cmd/helpers.go:106.10,107.76 1 0
github.com/scttfrdmn/cargoship/cmd/cargoship/cmd/helpers.go:111.28,112.16 1 1
github.com/scttfrdmn/cargoship/cmd/cargoship/cmd/helpers.go:112.16,113.13 1 0
github.com/scttfrdmn/cargoship/cmd/cargoship/cmd/helpers.go:118.45,120.16 2 1
github.com/scttfrdmn/cargoship/cmd/cargoship/cmd/helpers.go:120.16,122.3 1 0
github.com/scttfrdmn/cargoship/cmd/cargoship/cmd/helpers.go:123.2,126.16 3 1
github.com/scttfrdmn/cargoship/cmd/cargoship/cmd/helpers.go:126.16,128.3 1 0
github.com/scttfrdmn/cargoship/cmd/cargoship/cmd/helpers.go:130.2,132.36 2 1
github.com/scttfrdmn/cargoship/cmd/cargoship/cmd/helpers.go:135.42,137.29 2 1
github.com/scttfrdmn/cargoship/cmd/cargoship/cmd/helpers.go:137.29,138.16 1 1
github.com/scttfrdmn/cargoship/cmd/cargoship/cmd/helpers.go:138.16,140.4 1 1
github.com/scttfrdmn/cargoship/cmd/cargoship/cmd/helpers.go:141.3,141.19 1 1
github.com/scttfrdmn/cargoship/cmd/cargoship/cmd/helpers.go:143.2,143.14 1 1
github.com/scttfrdmn/cargoship/cmd/cargoship/cmd/helpers.go:146.59,148.16 2 1
github.com/scttfrdmn/cargoship/cmd/cargoship/cmd/helpers.go:148.16,149.13 1 1
github.com/scttfrdmn/cargoship/cmd/cargoship/cmd/helpers.go:151.2,151.10 1 1
github.com/scttfrdmn/cargoship/cmd/cargoship/cmd/helpers.go:154.64,156.9 2 1
github.com/scttfrdmn/cargoship/cmd/cargoship/cmd/helpers.go:156.9,158.3 1 1
github.com/scttfrdmn/cargoship/cmd/cargoship/cmd/helpers.go:160.2,160.15 1 1
github.com/scttfrdmn/cargoship/cmd/cargoship/cmd/helpers.go:163.96,165.16 2 1
github.com/scttfrdmn/cargoship/cmd/cargoship/cmd/helpers.go:165.16,167.3 1 0
github.com/scttfrdmn/cargoship/cmd/cargoship/cmd/helpers.go:168.2,173.13 2 1
github.com/scttfrdmn/cargoship/cmd/cargoship/cmd/helpers.go:173.13,175.3 1 0
github.com/scttfrdmn/cargoship/cmd/cargoship/cmd/helpers.go:176.2,178.56 3 1
github.com/scttfrdmn/cargoship/cmd/cargoship/cmd/helpers.go:178.56,180.3 1 1
github.com/scttfrdmn/cargoship/cmd/cargoship/cmd/helpers.go:180.8,185.19 3 0
github.com/scttfrdmn/cargoship/cmd/cargoship/cmd/helpers.go:185.19,187.4 1 0
github.com/scttfrdmn/cargoship/cmd/cargoship/cmd/helpers.go:190.2,191.16 2 1
github.com/scttfrdmn/cargoship/cmd/cargoship/cmd/helpers.go:191.16,193.3 1 1
github.com/scttfrdmn/cargoship/cmd/cargoship/cmd/helpers.go:196.2,196.75 1 1
github.com/scttfrdmn/cargoship/cmd/cargoship/cmd/helpers.go:196.75,198.3 1 0
github.com/scttfrdmn/cargoship/cmd/cargoship/cmd/helpers.go:201.2,201.15 1 1
github.com/scttfrdmn/cargoship/cmd/cargoship/cmd/helpers.go:201.15,204.3 2 0
github.com/scttfrdmn/cargoship/cmd/cargoship/cmd/helpers.go:207.2,214.30 2 1
github.com/scttfrdmn/cargoship/cmd/cargoship/cmd/helpers.go:218.104,220.42 1 1
github.com/scttfrdmn/cargoship/cmd/cargoship/cmd/helpers.go:220.42,222.3 1 1
github.com/scttfrdmn/cargoship/cmd/cargoship/cmd/helpers.go:225.2,225.43 1 1
github.com/scttfrdmn/cargoship/cmd/cargoship/cmd/helpers.go:225.43,227.3 1 1
github.com/scttfrdmn/cargoship/cmd/cargoship/cmd/helpers.go:229.2,229.42 1 1
github.com/scttfrdmn/cargoship/cmd/cargoship/cmd/helpers.go:229.42,231.3 1 1
github.com/scttfrdmn/cargoship/cmd/cargoship/cmd/helpers.go:233.2,233.25 1 1
github.com/scttfrdmn/cargoship/cmd/cargoship/cmd/helpers.go:233.25,235.3 1 1
github.com/scttfrdmn/cargoship/cmd/cargoship/cmd/helpers.go:237.2,237.63 1 1
github.com/scttfrdmn/cargoship/cmd/cargoship/cmd/helpers.go:237.63,239.3 1 1
github.com/scttfrdmn/cargoship/cmd/cargoship/cmd/helpers.go:241.2,241.12 1 1
github.com/scttfrdmn/cargoship/cmd/cargoship/cmd/helpers.go:244.36,245.23 1 1
github.com/scttfrdmn/cargoship/cmd/cargoship/cmd/helpers.go:245.23,246.40 1 1
github.com/scttfrdmn/cargoship/cmd/cargoship/cmd/helpers.go:248.2,248.17 1 1
github.com/scttfrdmn/cargoship/cmd/cargoship/cmd/lifecycle.go:29.39,66.2 10 1
github.com/scttfrdmn/cargoship/cmd/cargoship/cmd/lifecycle.go:68.60,70.23 1 1
github.com/scttfrdmn/cargoship/cmd/cargoship/cmd/lifecycle.go:70.23,72.3 1 1
github.com/scttfrdmn/cargoship/cmd/cargoship/cmd/lifecycle.go:75.2,75.27 1 1
github.com/scttfrdmn/cargoship/cmd/cargoship/cmd/lifecycle.go:75.27,77.3 1 1
github.com/scttfrdmn/cargoship/cmd/cargoship/cmd/lifecycle.go:80.2,82.16 3 1
github.com/scttfrdmn/cargoship/cmd/cargoship/cmd/lifecycle.go:82.16,84.3 1 0
github.com/scttfrdmn/cargoship/cmd/cargoship/cmd/lifecycle.go:86.2,90.9 3 1
github.com/scttfrdmn/cargoship/cmd/cargoship/cmd/lifecycle.go:91.23,92.45 1 1
github.com/scttfrdmn/cargoship/cmd/cargoship/cmd/lifecycle.go:93.29,94.62 1 1
github.com/scttfrdmn/cargoship/cmd/cargoship/cmd/lifecycle.go:95.29,96.62 1 1
github.com/scttfrdmn/cargoship/cmd/cargoship/cmd/lifecycle.go:97.31,98.65 1 1
github.com/scttfrdmn/cargoship/cmd/cargoship/cmd/lifecycle.go:99.10,100.41 1 1
github.com/scttfrdmn/cargoship/cmd/cargoship/cmd/lifecycle.go:105.37,115.37 4 1
github.com/scttfrdmn/cargoship/cmd/cargoship/cmd/lifecycle.go:115.37,121.39 5 1
github.com/scttfrdmn/cargoship/cmd/cargoship/cmd/lifecycle.go:121.39,123.33 2 1
github.com/scttfrdmn/cargoship/cmd/cargoship/cmd/lifecycle.go:123.33,125.40 2 1
github.com/scttfrdmn/cargoship/cmd/cargoship/cmd/lifecycle.go:125.40,127.6 1 1
github.com/scttfrdmn/cargoship/cmd/cargoship/cmd/lifecycle.go:128.5,128.54 1 1
github.com/scttfrdmn/cargoship/cmd/cargoship/cmd/lifecycle.go:130.4,130.30 1 1
github.com/scttfrdmn/cargoship/cmd/cargoship/cmd/lifecycle.go:130.30,132.5 1 1
github.com/scttfrdmn/cargoship/cmd/cargoship/cmd/lifecycle.go:133.4,133.17 1 1
github.com/scttfrdmn/cargoship/cmd/cargoship/cmd/lifecycle.go:137.2,138.12 2 1
github.com/scttfrdmn/cargoship/cmd/cargoship/cmd/lifecycle.go:142.103,146.37 3 1
github.com/scttfrdmn/cargoship/cmd/cargoship/cmd/lifecycle.go:146.37,147.32 1 1
github.com/scttfrdmn/cargoship/cmd/cargoship/cmd/lifecycle.go:147.32,149.9 2 1
github.com/scttfrdmn/cargoship/cmd/cargoship/cmd/lifecycle.go:153.2,153.29 1 1
github.com/scttfrdmn/cargoship/cmd/cargoship/cmd/lifecycle.go:153.29,155.3 1 0
github.com/scttfrdmn/cargoship/cmd/cargoship/cmd/lifecycle.go:157.2,161.66 3 1
github.com/scttfrdmn/cargoship/cmd/cargoship/cmd/lifecycle.go:161.66,163.3 1 0
github.com/scttfrdmn/cargoship/cmd/cargoship/cmd/lifecycle.go:166.2,166.68 1 1
github.com/scttfrdmn/cargoship/cmd/cargoship/cmd/lifecycle.go:166.68,168.3 1 1
github.com/scttfrdmn/cargoship/cmd/cargoship/cmd/lifecycle.go:170.2,173.31 2 0
github.com/scttfrdmn/cargoship/cmd/cargoship/cmd/lifecycle.go:173.31,175.17 2 0
github.com/scttfrdmn/cargoship/cmd/cargoship/cmd/lifecycle.go:175.17,181.4 5 0
github.com/scttfrdmn/cargoship/cmd/cargoship/cmd/lifecycle.go:184.2,184.12 1 0
github.com/scttfrdmn/cargoship/cmd/cargoship/cmd/lifecycle.go:188.83,191.50 2 1
github.com/scttfrdmn/cargoship/cmd/cargoship/cmd/lifecycle.go:191.50,193.3 1 1
github.com/scttfrdmn/cargoship/cmd/cargoship/cmd/lifecycle.go:195.2,196.12 2 0
github.com/scttfrdmn/cargoship/cmd/cargoship/cmd/lifecycle.go:200.100,205.16 3 1
github.com/scttfrdmn/cargoship/cmd/cargoship/cmd/lifecycle.go:205.16,207.3 1 1
github.com/scttfrdmn/cargoship/cmd/cargoship/cmd/lifecycle.go:210.2,219.16 3 0
github.com/scttfrdmn/cargoship/cmd/cargoship/cmd/lifecycle.go:219.16,221.3 1 0
github.com/scttfrdmn/cargoship/cmd/cargoship/cmd/lifecycle.go:224.2,224.71 1 0
github.com/scttfrdmn/cargoship/cmd/cargoship/cmd/lifecycle.go:224.71,226.3 1 0
github.com/scttfrdmn/cargoship/cmd/cargoship/cmd/lifecycle.go:228.2,230.12 3 0
github.com/scttfrdmn/cargoship/cmd/cargoship/cmd/lifecycle.go:234.100,239.16 3 1
github.com/scttfrdmn/cargoship/cmd/cargoship/cmd/lifecycle.go:239.16,241.3 1 1
github.com/scttfrdmn/cargoship/cmd/cargoship/cmd/lifecycle.go:244.2,245.16 2 1
github.com/scttfrdmn/cargoship/cmd/cargoship/cmd/lifecycle.go:245.16,247.3 1 1
github.com/scttfrdmn/cargoship/cmd/cargoship/cmd/lifecycle.go:250.2,250.60 1 0
github.com/scttfrdmn/cargoship/cmd/cargoship/cmd/lifecycle.go:250.60,252.3 1 0
github.com/scttfrdmn/cargoship/cmd/cargoship/cmd/lifecycle.go:254.2,257.12 4 0
github.com/scttfrdmn/cargoship/cmd/cargoship/cmd/lifecycle.go:261.79,265.16 3 1
github.com/scttfrdmn/cargoship/cmd/cargoship/cmd/lifecycle.go:265.16,267.68 1 1
github.com/scttfrdmn/cargoship/cmd/cargoship/cmd/lifecycle.go:267.68,271.4 3 0
github.com/scttfrdmn/cargoship/cmd/cargoship/cmd/lifecycle.go:272.3,272.61 1 1
github.com/scttfrdmn/cargoship/cmd/cargoship/cmd/lifecycle.go:275.2,279.43 3 0
github.com/scttfrdmn/cargoship/cmd/cargoship/cmd/lifecycle.go:279.43,284.25 3 0
github.com/scttfrdmn/cargoship/cmd/cargoship/cmd/lifecycle.go:284.25,285.33 1 0
github.com/scttfrdmn/cargoship/cmd/cargoship/cmd/lifecycle.go:285.33,287.5 1 0
github.com/scttfrdmn/cargoship/cmd/cargoship/cmd/lifecycle.go:288.4,288.30 1 0
github.com/scttfrdmn/cargoship/cmd/cargoship/cmd/lifecycle.go:288.30,290.5 1 0
github.com/scttfrdmn/cargoship/cmd/cargoship/cmd/lifecycle.go:294.3,294.32 1 0
github.com/scttfrdmn/cargoship/cmd/cargoship/cmd/lifecycle.go:294.32,296.48 2 0
github.com/scttfrdmn/cargoship/cmd/cargoship/cmd/lifecycle.go:296.48,298.5 1 0
github.com/scttfrdmn/cargoship/cmd/cargoship/cmd/lifecycle.go:302.3,302.60 1 0
github.com/scttfrdmn/cargoship/cmd/cargoship/cmd/lifecycle.go:302.60,304.4 1 0
github.com/scttfrdmn/cargoship/cmd/cargoship/cmd/lifecycle.go:306.3,306.16 1 0
github.com/scttfrdmn/cargoship/cmd/cargoship/cmd/lifecycle.go:309.2,309.12 1 0
github.com/scttfrdmn/cargoship/cmd/cargoship/cmd/lifecycle.go:312.14,314.2 0 1
github.com/scttfrdmn/cargoship/cmd/cargoship/cmd/man.go:11.33,20.52 1 1
github.com/scttfrdmn/cargoship/cmd/cargoship/cmd/man.go:20.52,22.18 2 1
github.com/scttfrdmn/cargoship/cmd/cargoship/cmd/man.go:22.18,24.5 1 0
github.com/scttfrdmn/cargoship/cmd/cargoship/cmd/man.go:26.4,27.14 2 1
github.com/scttfrdmn/cargoship/cmd/cargoship/cmd/man.go:31.2,31.12 1 1
github.com/scttfrdmn/cargoship/cmd/cargoship/cmd/mddocs.go:11.36,17.53 1 1
github.com/scttfrdmn/cargoship/cmd/cargoship/cmd/mddocs.go:17.53,19.4 1 1
github.com/scttfrdmn/cargoship/cmd/cargoship/cmd/metrics.go:22.37,45.2 5 1
github.com/scttfrdmn/cargoship/cmd/cargoship/cmd/metrics.go:47.58,48.18 1 1
github.com/scttfrdmn/cargoship/cmd/cargoship/cmd/metrics.go:48.18,50.3 1 1
github.com/scttfrdmn/cargoship/cmd/cargoship/cmd/metrics.go:52.2,59.16 6 1
github.com/scttfrdmn/cargoship/cmd/cargoship/cmd/metrics.go:59.16,61.3 1 0
github.com/scttfrdmn/cargoship/cmd/cargoship/cmd/metrics.go:64.2,92.75 6 1
github.com/scttfrdmn/cargoship/cmd/cargoship/cmd/metrics.go:92.75,94.3 1 1
github.com/scttfrdmn/cargoship/cmd/cargoship/cmd/metrics.go:97.2,108.71 3 0
github.com/scttfrdmn/cargoship/cmd/cargoship/cmd/metrics.go:108.71,110.3 1 0
github.com/scttfrdmn/cargoship/cmd/cargoship/cmd/metrics.go:113.2,123.77 3 0
github.com/scttfrdmn/cargoship/cmd/cargoship/cmd/metrics.go:123.77,125.3 1 0
github.com/scttfrdmn/cargoship/cmd/cargoship/cmd/metrics.go:128.2,138.85 3 0
github.com/scttfrdmn/cargoship/cmd/cargoship/cmd/metrics.go:138.85,140.3 1 0
github.com/scttfrdmn/cargoship/cmd/cargoship/cmd/metrics.go:143.2,152.81 3 0
github.com/scttfrdmn/cargoship/cmd/cargoship/cmd/metrics.go:152.81,154.3 1 0
github.com/scttfrdmn/cargoship/cmd/cargoship/cmd/metrics.go:157.2,158.45 2 0
github.com/scttfrdmn/cargoship/cmd/cargoship/cmd/metrics.go:158.45,160.3 1 0
github.com/scttfrdmn/cargoship/cmd/cargoship/cmd/metrics.go:162.2,174.12 10 0
github.com/scttfrdmn/cargoship/cmd/cargoship/cmd/metrics.go:177.14,179.2 0 1
github.com/scttfrdmn/cargoship/cmd/cargoship/cmd/performance.go:110.13,125.2 12 1
github.com/scttfrdmn/cargoship/cmd/cargoship/cmd/performance.go:127.71,132.16 3 0
github.com/scttfrdmn/cargoship/cmd/cargoship/cmd/performance.go:132.16,134.3 1 0
github.com/scttfrdmn/cargoship/cmd/cargoship/cmd/performance.go:136.2,144.77 2 0
github.com/scttfrdmn/cargoship/cmd/cargoship/cmd/performance.go:144.77,146.3 1 0
github.com/scttfrdmn/cargoship/cmd/cargoship/cmd/performance.go:149.2,149.60 1 0
github.com/scttfrdmn/cargoship/cmd/cargoship/cmd/performance.go:149.60,151.3 1 0
github.com/scttfrdmn/cargoship/cmd/cargoship/cmd/performance.go:154.2,164.76 4 0
github.com/scttfrdmn/cargoship/cmd/cargoship/cmd/performance.go:164.76,166.3 1 0
github.com/scttfrdmn/cargoship/cmd/cargoship/cmd/performance.go:169.2,169.29 1 0
github.com/scttfrdmn/cargoship/cmd/cargoship/cmd/performance.go:169.29,170.76 1 0
github.com/scttfrdmn/cargoship/cmd/cargoship/cmd/performance.go:170.76,172.4 1 0
github.com/scttfrdmn/cargoship/cmd/cargoship/cmd/performance.go:176.2,176.26 1 0
github.com/scttfrdmn/cargoship/cmd/cargoship/cmd/performance.go:176.26,177.73 1 0
github.com/scttfrdmn/cargoship/cmd/cargoship/cmd/performance.go:177.73,179.4 1 0
github.com/scttfrdmn/cargoship/cmd/cargoship/cmd/performance.go:183.2,188.80 4 0
github.com/scttfrdmn/cargoship/cmd/cargoship/cmd/performance.go:188.80,190.3 1 0
github.com/scttfrdmn/cargoship/cmd/cargoship/cmd/performance.go:193.2,194.16 2 0
github.com/scttfrdmn/cargoship/cmd/cargoship/cmd/performance.go:195.14,196.38 1 0
github.com/scttfrdmn/cargoship/cmd/cargoship/cmd/performance.go:197.15,198.47 1 0
github.com/scttfrdmn/cargoship/cmd/cargoship/cmd/performance.go:199.10,200.54 1 0
github.com/scttfrdmn/cargoship/cmd/cargoship/cmd/performance.go:204.76,209.39 3 0
github.com/scttfrdmn/cargoship/cmd/cargoship/cmd/performance.go:209.39,211.17 2 0
github.com/scttfrdmn/cargoship/cmd/cargoship/cmd/performance.go:211.17,213.4 1 0
github.com/scttfrdmn/cargoship/cmd/cargoship/cmd/performance.go:214.3,214.52 1 0
github.com/scttfrdmn/cargoship/cmd/cargoship/cmd/performance.go:217.2,227.20 10 0
github.com/scttfrdmn/cargoship/cmd/cargoship/cmd/performance.go:230.63,245.2 4 0
github.com/scttfrdmn/cargoship/cmd/cargoship/cmd/performance.go:247.111,252.40 3 0
github.com/scttfrdmn/cargoship/cmd/cargoship/cmd/performance.go:252.40,255.45 2 0
github.com/scttfrdmn/cargoship/cmd/cargoship/cmd/performance.go:255.45,256.46 1 0
github.com/scttfrdmn/cargoship/cmd/cargoship/cmd/performance.go:256.46,257.57 1 0
github.com/scttfrdmn/cargoship/cmd/cargoship/cmd/performance.go:257.57,258.45 1 0
github.com/scttfrdmn/cargoship/cmd/cargoship/cmd/performance.go:258.45,270.7 2 0
github.com/scttfrdmn/cargoship/cmd/cargoship/cmd/performance.go:276.2,276.12 1 0
github.com/scttfrdmn/cargoship/cmd/cargoship/cmd/performance.go:279.110,285.44 3 0
github.com/scttfrdmn/cargoship/cmd/cargoship/cmd/performance.go:285.44,286.45 1 0
github.com/scttfrdmn/cargoship/cmd/cargoship/cmd/performance.go:286.45,287.43 1 0
github.com/scttfrdmn/cargoship/cmd/cargoship/cmd/performance.go:287.43,298.5 2 0
github.com/scttfrdmn/cargoship/cmd/cargoship/cmd/performance.go:302.2,302.12 1 0
github.com/scttfrdmn/cargoship/cmd/cargoship/cmd/performance.go:305.107,311.44 3 0
github.com/scttfrdmn/cargoship/cmd/cargoship/cmd/performance.go:311.44,312.42 1 0
github.com/scttfrdmn/cargoship/cmd/cargoship/cmd/performance.go:312.42,323.4 2 0
github.com/scttfrdmn/cargoship/cmd/cargoship/cmd/performance.go:326.2,326.12 1 0
github.com/scttfrdmn/cargoship/cmd/cargoship/cmd/performance.go:357.121,380.16 5 0
github.com/scttfrdmn/cargoship/cmd/cargoship/cmd/performance.go:380.16,383.3 2 0
github.com/scttfrdmn/cargoship/cmd/cargoship/cmd/performance.go:384.2,424.15 21 0
github.com/scttfrdmn/cargoship/cmd/cargoship/cmd/performance.go:427.115,461.2 14 0
github.com/scttfrdmn/cargoship/cmd/cargoship/cmd/performance.go:463.109,502.2 17 0
github.com/scttfrdmn/cargoship/cmd/cargoship/cmd/performance.go:504.85,506.16 2 0
github.com/scttfrdmn/cargoship/cmd/cargoship/cmd/performance.go:506.16,508.3 1 0
github.com/scttfrdmn/cargoship/cmd/cargoship/cmd/performance.go:510.2,510.20 1 0
github.com/scttfrdmn/cargoship/cmd/cargoship/cmd/performance.go:510.20,512.3 1 0
github.com/scttfrdmn/cargoship/cmd/cargoship/cmd/performance.go:515.2,518.16 3 0
github.com/scttfrdmn/cargoship/cmd/cargoship/cmd/performance.go:518.16,521.3 2 0
github.com/scttfrdmn/cargoship/cmd/cargoship/cmd/performance.go:523.2,523.37 1 0
github.com/scttfrdmn/cargoship/cmd/cargoship/cmd/performance.go:526.82,530.15 3 0
github.com/scttfrdmn/cargoship/cmd/cargoship/cmd/performance.go:530.15,532.21 2 0
github.com/scttfrdmn/cargoship/cmd/cargoship/cmd/performance.go:532.21,534.4 1 0
github.com/scttfrdmn/cargoship/cmd/cargoship/cmd/performance.go:536.3,536.19 1 0
github.com/scttfrdmn/cargoship/cmd/cargoship/cmd/performance.go:537.17,539.18 2 0
github.com/scttfrdmn/cargoship/cmd/cargoship/cmd/performance.go:539.18,541.5 1 0
github.com/scttfrdmn/cargoship/cmd/cargoship/cmd/performance.go:542.15,544.35 2 0
github.com/scttfrdmn/cargoship/cmd/cargoship/cmd/performance.go:544.35,546.5 1 0
github.com/scttfrdmn/cargoship/cmd/cargoship/cmd/performance.go:547.17,549.35 2 0
github.com/scttfrdmn/cargoship/cmd/cargoship/cmd/performance.go:549.35,551.5 1 0
github.com/scttfrdmn/cargoship/cmd/cargoship/cmd/performance.go:552.11,554.18 2 0
github.com/scttfrdmn/cargoship/cmd/cargoship/cmd/performance.go:554.18,556.5 1 0
github.com/scttfrdmn/cargoship/cmd/cargoship/cmd/performance.go:559.3,560.17 2 0
github.com/scttfrdmn/cargoship/cmd/cargoship/cmd/performance.go:560.17,562.4 1 0
github.com/scttfrdmn/cargoship/cmd/cargoship/cmd/performance.go:564.3,564.27 1 0
github.com/scttfrdmn/cargoship/cmd/cargoship/cmd/performance.go:567.2,567.12 1 0
github.com/scttfrdmn/cargoship/cmd/cargoship/cmd/performance.go:570.82,579.23 2 0
github.com/scttfrdmn/cargoship/cmd/cargoship/cmd/performance.go:579.23,581.3 1 0
github.com/scttfrdmn/cargoship/cmd/cargoship/cmd/performance.go:583.2,595.33 10 0
github.com/scttfrdmn/cargoship/cmd/cargoship/cmd/performance.go:595.33,598.21 2 0
github.com/scttfrdmn/cargoship/cmd/cargoship/cmd/performance.go:598.21,605.35 5 0
github.com/scttfrdmn/cargoship/cmd/cargoship/cmd/performance.go:605.35,608.5 2 0
github.com/scttfrdmn/cargoship/cmd/cargoship/cmd/performance.go:611.4,611.72 1 0
github.com/scttfrdmn/cargoship/cmd/cargoship/cmd/performance.go:611.72,613.5 1 0
github.com/scttfrdmn/cargoship/cmd/cargoship/cmd/performance.go:614.4,614.73 1 0
github.com/scttfrdmn/cargoship/cmd/cargoship/cmd/performance.go:614.73,616.5 1 0
github.com/scttfrdmn/cargoship/cmd/cargoship/cmd/performance.go:619.4,626.32 6 0
github.com/scttfrdmn/cargoship/cmd/cargoship/cmd/performance.go:626.32,629.5 2 0
github.com/scttfrdmn/cargoship/cmd/cargoship/cmd/performance.go:630.9,632.4 1 0
github.com/scttfrdmn/cargoship/cmd/cargoship/cmd/performance.go:636.2,636.33 1 0
github.com/scttfrdmn/cargoship/cmd/cargoship/cmd/performance.go:636.33,644.30 4 0
github.com/scttfrdmn/cargoship/cmd/cargoship/cmd/performance.go:644.30,646.4 1 0
github.com/scttfrdmn/cargoship/cmd/cargoship/cmd/performance.go:646.9,648.4 1 0
github.com/scttfrdmn/cargoship/cmd/cargoship/cmd/performance.go:651.3,652.35 2 0
github.com/scttfrdmn/cargoship/cmd/cargoship/cmd/performance.go:652.35,654.4 1 0
github.com/scttfrdmn/cargoship/cmd/cargoship/cmd/performance.go:655.3,658.42 2 0
github.com/scttfrdmn/cargoship/cmd/cargoship/cmd/performance.go:658.42,660.4 1 0
github.com/scttfrdmn/cargoship/cmd/cargoship/cmd/performance.go:661.3,661.40 1 0
github.com/scttfrdmn/cargoship/cmd/cargoship/cmd/performance.go:661.40,663.4 1 0
github.com/scttfrdmn/cargoship/cmd/cargoship/cmd/performance.go:664.3,664.45 1 0
github.com/scttfrdmn/cargoship/cmd/cargoship/cmd/performance.go:664.45,666.4 1 0
github.com/scttfrdmn/cargoship/cmd/cargoship/cmd/performance.go:670.2,670.23 1 0
github.com/scttfrdmn/cargoship/cmd/cargoship/cmd/performance.go:670.23,673.3 2 0
github.com/scttfrdmn/cargoship/cmd/cargoship/cmd/performance.go:676.2,676.42 1 0
github.com/scttfrdmn/cargoship/cmd/cargoship/cmd/performance.go:676.42,677.16 1 0
github.com/scttfrdmn/cargoship/cmd/cargoship/cmd/performance.go:677.16,679.4 1 0
github.com/scttfrdmn/cargoship/cmd/cargoship/cmd/performance.go:682.2,684.16 2 0
github.com/scttfrdmn/cargoship/cmd/cargoship/cmd/performance.go:687.99,693.16 4 0
github.com/scttfrdmn/cargoship/cmd/cargoship/cmd/performance.go:693.16,695.3 1 0
github.com/scttfrdmn/cargoship/cmd/cargoship/cmd/performance.go:696.2,696.15 1 0
github.com/scttfrdmn/cargoship/cmd/cargoship/cmd/performance.go:696.15,696.35 1 0
github.com/scttfrdmn/cargoship/cmd/cargoship/cmd/performance.go:698.2,700.46 3 0
github.com/scttfrdmn/cargoship/cmd/cargoship/cmd/performance.go:700.46,702.3 1 0
github.com/scttfrdmn/cargoship/cmd/cargoship/cmd/performance.go:704.2,706.12 2 0
github.com/scttfrdmn/cargoship/cmd/cargoship/cmd/performance.go:709.59,713.2 3 0
github.com/scttfrdmn/cargoship/cmd/cargoship/cmd/performance.go:715.81,735.33 14 0
github.com/scttfrdmn/cargoship/cmd/cargoship/cmd/performance.go:735.33,738.3 2 0
github.com/scttfrdmn/cargoship/cmd/cargoship/cmd/performance.go:741.2,741.33 1 0
github.com/scttfrdmn/cargoship/cmd/cargoship/cmd/performance.go:741.33,745.52 4 0
github.com/scttfrdmn/cargoship/cmd/cargoship/cmd/performance.go:745.52,747.4 1 0
github.com/scttfrdmn/cargoship/cmd/cargoship/cmd/performance.go:748.3,748.16 1 0
github.com/scttfrdmn/cargoship/cmd/cargoship/cmd/performance.go:752.2,752.31 1 0
github.com/scttfrdmn/cargoship/cmd/cargoship/cmd/performance.go:752.31,756.52 4 0
github.com/scttfrdmn/cargoship/cmd/cargoship/cmd/performance.go:756.52,759.4 2 0
github.com/scttfrdmn/cargoship/cmd/cargoship/cmd/performance.go:760.3,760.16 1 0
github.com/scttfrdmn/cargoship/cmd/cargoship/cmd/performance.go:764.2,764.36 1 0
github.com/scttfrdmn/cargoship/cmd/cargoship/cmd/performance.go:764.36,768.62 4 0
github.com/scttfrdmn/cargoship/cmd/cargoship/cmd/performance.go:768.62,770.4 1 0
github.com/scttfrdmn/cargoship/cmd/cargoship/cmd/performance.go:771.3,771.16 1 0
github.com/scttfrdmn/cargoship/cmd/cargoship/cmd/performance.go:775.2,775.30 1 0
github.com/scttfrdmn/cargoship/cmd/cargoship/cmd/performance.go:775.30,779.3 3 0
github.com/scttfrdmn/cargoship/cmd/cargoship/cmd/performance.go:781.2,783.12 2 0
github.com/scttfrdmn/cargoship/cmd/cargoship/cmd/rclone.go:10.36,24.53 1 1
github.com/scttfrdmn/cargoship/cmd/cargoship/cmd/rclone.go:24.53,26.4 1 1
github.com/scttfrdmn/cargoship/cmd/cargoship/cmd/rclone.go:29.2,29.12 1 1
github.com/scttfrdmn/cargoship/cmd/cargoship/cmd/retier.go:11.47,15.23 4 1
github.com/scttfrdmn/cargoship/cmd/cargoship/cmd/retier.go:15.23,17.3 1 1
github.com/scttfrdmn/cargoship/cmd/cargoship/cmd/retier.go:18.2,18.19 1 1
github.com/scttfrdmn/cargoship/cmd/cargoship/cmd/retier.go:22.36,28.53 1 1
github.com/scttfrdmn/cargoship/cmd/cargoship/cmd/retier.go:28.53,35.4 2 0
github.com/scttfrdmn/cargoship/cmd/cargoship/cmd/retier.go:37.2,37.12 1 1
github.com/scttfrdmn/cargoship/cmd/cargoship/cmd/root.go:43.46,45.2 1 1
github.com/scttfrdmn/cargoship/cmd/cargoship/cmd/root.go:48.77,74.77 10 1
github.com/scttfrdmn/cargoship/cmd/cargoship/cmd/root.go:74.77,75.14 1 0
github.com/scttfrdmn/cargoship/cmd/cargoship/cmd/root.go:77.2,110.12 15 1
github.com/scttfrdmn/cargoship/cmd/cargoship/cmd/root.go:113.13,119.2 1 1
github.com/scttfrdmn/cargoship/cmd/cargoship/cmd/root.go:122.19,123.19 1 1
github.com/scttfrdmn/cargoship/cmd/cargoship/cmd/root.go:123.19,126.3 1 0
github.com/scttfrdmn/cargoship/cmd/cargoship/cmd/root.go:126.8,134.3 4 1
github.com/scttfrdmn/cargoship/cmd/cargoship/cmd/root.go:136.2,139.45 2 1
github.com/scttfrdmn/cargoship/cmd/cargoship/cmd/root.go:139.45,141.3 1 1
github.com/scttfrdmn/cargoship/cmd/cargoship/cmd/root.go:152.38,153.15 1 1
github.com/scttfrdmn/cargoship/cmd/cargoship/cmd/root.go:153.15,155.3 1 1
github.com/scttfrdmn/cargoship/cmd/cargoship/cmd/root.go:156.2,156.16 1 1
github.com/scttfrdmn/cargoship/cmd/cargoship/cmd/root.go:156.16,159.3 2 0
github.com/scttfrdmn/cargoship/cmd/cargoship/cmd/root.go:162.34,170.13 2 1
github.com/scttfrdmn/cargoship/cmd/cargoship/cmd/root.go:170.13,172.3 1 1
github.com/scttfrdmn/cargoship/cmd/cargoship/cmd/root.go:174.2,174.16 1 1
github.com/scttfrdmn/cargoship/cmd/cargoship/cmd/root.go:177.38,185.13 2 1
github.com/scttfrdmn/cargoship/cmd/cargoship/cmd/root.go:185.13,187.3 1 1
github.com/scttfrdmn/cargoship/cmd/cargoship/cmd/root.go:189.2,189.16 1 1
github.com/scttfrdmn/cargoship/cmd/cargoship/cmd/root.go:192.32,193.14 1 1
github.com/scttfrdmn/cargoship/cmd/cargoship/cmd/root.go:193.14,194.27 1 1
github.com/scttfrdmn/cargoship/cmd/cargoship/cmd/root.go:197.2,198.25 2 1
github.com/scttfrdmn/cargoship/cmd/cargoship/cmd/root.go:201.57,204.16 2 1
github.com/scttfrdmn/cargoship/cmd/cargoship/cmd/root.go:204.16,206.3 1 0
github.com/scttfrdmn/cargoship/cmd/cargoship/cmd/root.go:207.2,207.13 1 1
github.com/scttfrdmn/cargoship/cmd/cargoship/cmd/root.go:207.13,209.3 1 0
github.com/scttfrdmn/cargoship/cmd/cargoship/cmd/root.go:210.2,222.12 5 1
github.com/scttfrdmn/cargoship/cmd/cargoship/cmd/root.go:225.61,245.20 5 1
github.com/scttfrdmn/cargoship/cmd/cargoship/cmd/root.go:245.20,250.3 4 0
github.com/scttfrdmn/cargoship/cmd/cargoship/cmd/root.go:252.2,252.13 1 1
github.com/scttfrdmn/cargoship/cmd/cargoship/cmd/root.go:252.13,256.17 4 1
github.com/scttfrdmn/cargoship/cmd/cargoship/cmd/root.go:256.17,257.14 1 0
github.com/scttfrdmn/cargoship/cmd/cargoship/cmd/root.go:259.3,260.17 2 1
github.com/scttfrdmn/cargoship/cmd/cargoship/cmd/root.go:260.17,261.14 1 0
github.com/scttfrdmn/cargoship/cmd/cargoship/cmd/root.go:266.60,267.13 1 1
github.com/scttfrdmn/cargoship/cmd/cargoship/cmd/root.go:267.13,270.17 3 1
github.com/scttfrdmn/cargoship/cmd/cargoship/cmd/root.go:270.17,272.4 1 0
github.com/scttfrdmn/cargoship/cmd/cargoship/cmd/root.go:273.3,273.66 1 1
github.com/scttfrdmn/cargoship/cmd/cargoship/cmd/root.go:286.27,288.2 1 1
github.com/scttfrdmn/cargoship/cmd/cargoship/cmd/root.go:291.53,298.75 3 1
github.com/scttfrdmn/cargoship/cmd/cargoship/cmd/root.go:298.75,300.64 2 0
github.com/scttfrdmn/cargoship/cmd/cargoship/cmd/root.go:300.64,302.4 1 0
github.com/scttfrdmn/cargoship/cmd/cargoship/cmd/root.go:302.9,304.4 1 0
github.com/scttfrdmn/cargoship/cmd/cargoship/cmd/root.go:308.2,312.59 3 1
github.com/scttfrdmn/cargoship/cmd/cargoship/cmd/root.go:312.59,317.3 2 0
github.com/scttfrdmn/cargoship/cmd/cargoship/cmd/schema.go:13.36,20.2 1 1
github.com/scttfrdmn/cargoship/cmd/cargoship/cmd/schema.go:22.53,25.16 3 1
github.com/scttfrdmn/cargoship/cmd/cargoship/cmd/schema.go:25.16,27.3 1 0
github.com/scttfrdmn/cargoship/cmd/cargoship/cmd/schema.go:28.2,30.12 2 1
github.com/scttfrdmn/cargoship/cmd/cargoship/cmd/schema.go:33.14,43.2 0 1
github.com/scttfrdmn/cargoship/cmd/cargoship/cmd/shell.go:12.35,45.2 2 1
github.com/scttfrdmn/cargoship/cmd/cargoship/cmd/shell.go:48.56,59.38 5 0
github.com/scttfrdmn/cargoship/cmd/cargoship/cmd/shell.go:59.38,61.3 1 0
github.com/scttfrdmn/cargoship/cmd/cargoship/cmd/shell.go:63.2,64.12 2 0
github.com/scttfrdmn/cargoship/cmd/cargoship/cmd/style.go:26.52,34.30 4 1
github.com/scttfrdmn/cargoship/cmd/cargoship/cmd/style.go:34.30,37.3 2 1
github.com/scttfrdmn/cargoship/cmd/cargoship/cmd/style.go:38.2,38.10 1 1
github.com/scttfrdmn/cargoship/cmd/cargoship/cmd/style.go:41.68,43.24 2 1
github.com/scttfrdmn/cargoship/cmd/cargoship/cmd/style.go:43.24,45.3 1 1
github.com/scttfrdmn/cargoship/cmd/cargoship/cmd/style.go:46.2,48.47 3 1
github.com/scttfrdmn/cargoship/cmd/cargoship/cmd/style.go:48.47,50.3 1 1
github.com/scttfrdmn/cargoship/cmd/cargoship/cmd/style.go:51.2,51.19 1 1
github.com/scttfrdmn/cargoship/cmd/cargoship/cmd/travelagent.go:12.41,17.53 1 1
github.com/scttfrdmn/cargoship/cmd/cargoship/cmd/travelagent.go:17.53,19.18 2 1
github.com/scttfrdmn/cargoship/cmd/cargoship/cmd/travelagent.go:19.18,21.5 1 1
github.com/scttfrdmn/cargoship/cmd/cargoship/cmd/travelagent.go:23.4,24.56 2 1
github.com/scttfrdmn/cargoship/cmd/cargoship/cmd/travelagent.go:24.56,26.5 1 1
github.com/scttfrdmn/cargoship/cmd/cargoship/cmd/travelagent.go:27.4,27.33 1 1
github.com/scttfrdmn/cargoship/cmd/cargoship/cmd/travelagent.go:27.33,29.5 1 1
github.com/scttfrdmn/cargoship/cmd/cargoship/cmd/travelagent.go:30.4,36.18 3 0
github.com/scttfrdmn/cargoship/cmd/cargoship/cmd/travelagent.go:39.2,39.12 1 1
github.com/scttfrdmn/cargoship/cmd/cargoship/cmd/tree.go:13.34,19.55 1 1
github.com/scttfrdmn/cargoship/cmd/cargoship/cmd/tree.go:19.55,21.18 2 1
github.com/scttfrdmn/cargoship/cmd/cargoship/cmd/tree.go:21.18,23.5 1 0
github.com/scttfrdmn/cargoship/cmd/cargoship/cmd/tree.go:24.4,26.35 3 1
github.com/scttfrdmn/cargoship/cmd/cargoship/cmd/tree.go:26.35,30.32 3 1
github.com/scttfrdmn/cargoship/cmd/cargoship/cmd/tree.go:30.32,31.20 1 1
github.com/scttfrdmn/cargoship/cmd/cargoship/cmd/tree.go:31.20,32.15 1 1
github.com/scttfrdmn/cargoship/cmd/cargoship/cmd/tree.go:34.6,36.62 2 1
github.com/scttfrdmn/cargoship/cmd/cargoship/cmd/tree.go:36.62,38.7 1 0
github.com/scttfrdmn/cargoship/cmd/cargoship/cmd/tree.go:38.12,41.7 2 1
github.com/scttfrdmn/cargoship/cmd/cargoship/cmd/tree.go:44.4,44.74 1 1
github.com/scttfrdmn/cargoship/cmd/cargoship/cmd/tree.go:44.74,46.5 1 0
github.com/scttfrdmn/cargoship/cmd/cargoship/cmd/tree.go:47.4,47.14 1 1
github.com/scttfrdmn/cargoship/cmd/cargoship/cmd/tree.go:51.2,52.12 2 1
github.com/scttfrdmn/cargoship/cmd/cargoship/cmd/webui.go:39.13,49.2 6 1
github.com/scttfrdmn/cargoship/cmd/cargoship/cmd/webui.go:51.56,68.16 4 0
github.com/scttfrdmn/cargoship/cmd/cargoship/cmd/webui.go:68.16,70.3 1 0
github.com/scttfrdmn/cargoship/cmd/cargoship/cmd/webui.go:73.2,81.12 5 0
github.com/scttfrdmn/cargoship/cmd/cargoship/cmd/webui.go:81.12,82.38 1 0
github.com/scttfrdmn/cargoship/cmd/cargoship/cmd/webui.go:82.38,85.4 2 0
github.com/scttfrdmn/cargoship/cmd/cargoship/cmd/webui.go:88.2,91.34 1 0
github.com/scttfrdmn/cargoship/cmd/cargoship/cmd/webui.go:91.34,93.16 2 0
github.com/scttfrdmn/cargoship/cmd/cargoship/cmd/webui.go:93.16,95.5 1 0
github.com/scttfrdmn/cargoship/cmd/cargoship/cmd/webui.go:96.4,96.61 1 0
github.com/scttfrdmn/cargoship/cmd/cargoship/cmd/webui.go:100.2,100.9 1 0
github.com/scttfrdmn/cargoship/cmd/cargoship/cmd/webui.go:101.17,102.42 1 0
github.com/scttfrdmn/cargoship/cmd/cargoship/cmd/webui.go:103.20,104.35 1 0
github.com/scttfrdmn/cargoship/cmd/cargoship/cmd/webui.go:108.2,109.36 2 0
github.com/scttfrdmn/cargoship/cmd/cargoship/cmd/webui.go:109.36,112.3 2 0
github.com/scttfrdmn/cargoship/cmd/cargoship/cmd/webui.go:114.2,115.12 2 0
github.com/scttfrdmn/cargoship/cmd/cargoship/cmd/wizard.go:16.36,24.55 1 1
github.com/scttfrdmn/cargoship/cmd/cargoship/cmd/wizard.go:24.55,28.40 3 1
github.com/scttfrdmn/cargoship/cmd/cargoship/cmd/wizard.go:28.40,30.5 1 0
github.com/scttfrdmn/cargoship/cmd/cargoship/cmd/wizard.go:31.4,38.19 1 0
github.com/scttfrdmn/cargoship/cmd/cargoship/cmd/wizard.go:38.19,40.5 1 0
github.com/scttfrdmn/cargoship/cmd/cargoship/cmd/wizard.go:42.4,42.45 1 0
github.com/scttfrdmn/cargoship/cmd/cargoship/cmd/wizard.go:42.45,45.5 2 0
github.com/scttfrdmn/cargoship/cmd/cargoship/cmd/wizard.go:46.4,46.14 1 0
github.com/scttfrdmn/cargoship/cmd/cargoship/cmd/wizard.go:50.2,51.12 2 1
github.com/scttfrdmn/cargoship/cmd/cargoship/cmd/wizard.go:54.61,75.2 4 0
github.com/scttfrdmn/cargoship/cmd/cargoship/cmd/wizard.go:77.62,80.16 3 1
github.com/scttfrdmn/cargoship/cmd/cargoship/cmd/wizard.go:80.16,82.3 1 0
github.com/scttfrdmn/cargoship/cmd/cargoship/cmd/wizard.go:83.2,88.77 4 0
github.com/scttfrdmn/cargoship/cmd/cargoship/cmd/wizard.go:88.77,90.3 1 0
github.com/scttfrdmn/cargoship/cmd/cargoship/cmd/wizard.go:92.2,110.50 6 0
github.com/scttfrdmn/cargoship/cmd/cargoship/cmd/wizard.go:110.50,112.3 1 0
github.com/scttfrdmn/cargoship/cmd/cargoship/cmd/wizard.go:114.2,114.48 1 0
github.com/scttfrdmn/cargoship/cmd/cargoship/cmd/wizard.go:114.48,116.3 1 0
github.com/scttfrdmn/cargoship/cmd/cargoship/cmd/wizard.go:118.2,122.18 1 0
github.com/scttfrdmn/cargoship/cmd/cargoship/cmd/wizard.go:122.18,124.3 1 0
github.com/scttfrdmn/cargoship/cmd/cargoship/cmd/wizard.go:126.2,134.12 3 0
