mode: set
github.com/scttfrdmn/cargoship/cmd/cargoship/main.go:22.32,24.25 2 1
github.com/scttfrdmn/cargoship/cmd/cargoship/main.go:24.25,26.3 1 1
github.com/scttfrdmn/cargoship/cmd/cargoship/main.go:27.2,27.23 1 1
github.com/scttfrdmn/cargoship/cmd/cargoship/main.go:27.23,29.3 1 1
github.com/scttfrdmn/cargoship/cmd/cargoship/main.go:30.2,30.20 1 1
github.com/scttfrdmn/cargoship/cmd/cargoship/main.go:33.13,40.16 2 0
github.com/scttfrdmn/cargoship/cmd/cargoship/main.go:40.16,43.3 2 0
github.com/scttfrdmn/cargoship/pkg/aws/pricing/service.go:42.48,48.2 1 1
github.com/scttfrdmn/cargoship/pkg/aws/pricing/service.go:51.86,53.47 2 1
github.com/scttfrdmn/cargoship/pkg/aws/pricing/service.go:53.47,54.51 1 1
github.com/scttfrdmn/cargoship/pkg/aws/pricing/service.go:54.51,57.4 2 1
github.com/scttfrdmn/cargoship/pkg/aws/pricing/service.go:59.2,63.16 3 1
github.com/scttfrdmn/cargoship/pkg/aws/pricing/service.go:63.16,66.48 2 1
github.com/scttfrdmn/cargoship/pkg/aws/pricing/service.go:66.48,69.4 2 1
github.com/scttfrdmn/cargoship/pkg/aws/pricing/service.go:70.3,71.18 2 1
github.com/scttfrdmn/cargoship/pkg/aws/pricing/service.go:75.2,79.23 4 1
github.com/scttfrdmn/cargoship/pkg/aws/pricing/service.go:83.92,92.72 2 1
github.com/scttfrdmn/cargoship/pkg/aws/pricing/service.go:92.72,94.3 1 1
github.com/scttfrdmn/cargoship/pkg/aws/pricing/service.go:97.2,97.75 1 1
github.com/scttfrdmn/cargoship/pkg/aws/pricing/service.go:97.75,99.3 1 0
github.com/scttfrdmn/cargoship/pkg/aws/pricing/service.go:102.2,102.70 1 1
github.com/scttfrdmn/cargoship/pkg/aws/pricing/service.go:102.70,104.3 1 0
github.com/scttfrdmn/cargoship/pkg/aws/pricing/service.go:106.2,106.23 1 1
github.com/scttfrdmn/cargoship/pkg/aws/pricing/service.go:110.105,130.16 3 1
github.com/scttfrdmn/cargoship/pkg/aws/pricing/service.go:130.16,134.3 2 1
github.com/scttfrdmn/cargoship/pkg/aws/pricing/service.go:137.2,137.43 1 1
github.com/scttfrdmn/cargoship/pkg/aws/pricing/service.go:137.43,138.69 1 1
github.com/scttfrdmn/cargoship/pkg/aws/pricing/service.go:138.69,139.12 1 1
github.com/scttfrdmn/cargoship/pkg/aws/pricing/service.go:144.2,144.38 1 1
github.com/scttfrdmn/cargoship/pkg/aws/pricing/service.go:144.38,146.3 1 0
github.com/scttfrdmn/cargoship/pkg/aws/pricing/service.go:148.2,148.12 1 1
github.com/scttfrdmn/cargoship/pkg/aws/pricing/service.go:152.108,171.16 3 1
github.com/scttfrdmn/cargoship/pkg/aws/pricing/service.go:171.16,175.3 2 1
github.com/scttfrdmn/cargoship/pkg/aws/pricing/service.go:178.2,178.43 1 1
github.com/scttfrdmn/cargoship/pkg/aws/pricing/service.go:178.43,179.62 1 1
github.com/scttfrdmn/cargoship/pkg/aws/pricing/service.go:179.62,181.9 2 1
github.com/scttfrdmn/cargoship/pkg/aws/pricing/service.go:186.2,186.34 1 1
github.com/scttfrdmn/cargoship/pkg/aws/pricing/service.go:186.34,188.3 1 0
github.com/scttfrdmn/cargoship/pkg/aws/pricing/service.go:190.2,190.12 1 1
github.com/scttfrdmn/cargoship/pkg/aws/pricing/service.go:194.103,213.16 3 1
github.com/scttfrdmn/cargoship/pkg/aws/pricing/service.go:213.16,217.3 2 1
github.com/scttfrdmn/cargoship/pkg/aws/pricing/service.go:220.2,220.43 1 1
github.com/scttfrdmn/cargoship/pkg/aws/pricing/service.go:220.43,221.69 1 1
github.com/scttfrdmn/cargoship/pkg/aws/pricing/service.go:221.69,222.12 1 0
github.com/scttfrdmn/cargoship/pkg/aws/pricing/service.go:227.2,227.38 1 1
github.com/scttfrdmn/cargoship/pkg/aws/pricing/service.go:227.38,229.3 1 0
github.com/scttfrdmn/cargoship/pkg/aws/pricing/service.go:231.2,231.12 1 1
github.com/scttfrdmn/cargoship/pkg/aws/pricing/service.go:235.85,237.70 2 1
github.com/scttfrdmn/cargoship/pkg/aws/pricing/service.go:237.70,239.3 1 1
github.com/scttfrdmn/cargoship/pkg/aws/pricing/service.go:242.2,243.9 2 1
github.com/scttfrdmn/cargoship/pkg/aws/pricing/service.go:243.9,245.3 1 0
github.com/scttfrdmn/cargoship/pkg/aws/pricing/service.go:247.2,248.24 2 1
github.com/scttfrdmn/cargoship/pkg/aws/pricing/service.go:248.24,250.3 1 1
github.com/scttfrdmn/cargoship/pkg/aws/pricing/service.go:253.2,254.15 2 1
github.com/scttfrdmn/cargoship/pkg/aws/pricing/service.go:254.15,256.3 1 1
github.com/scttfrdmn/cargoship/pkg/aws/pricing/service.go:258.2,258.12 1 1
github.com/scttfrdmn/cargoship/pkg/aws/pricing/service.go:262.68,264.70 2 1
github.com/scttfrdmn/cargoship/pkg/aws/pricing/service.go:264.70,266.3 1 1
github.com/scttfrdmn/cargoship/pkg/aws/pricing/service.go:268.2,268.45 1 1
github.com/scttfrdmn/cargoship/pkg/aws/pricing/service.go:272.85,274.70 2 1
github.com/scttfrdmn/cargoship/pkg/aws/pricing/service.go:274.70,276.3 1 1
github.com/scttfrdmn/cargoship/pkg/aws/pricing/service.go:279.2,280.9 2 1
github.com/scttfrdmn/cargoship/pkg/aws/pricing/service.go:280.9,282.3 1 0
github.com/scttfrdmn/cargoship/pkg/aws/pricing/service.go:284.2,285.24 2 1
github.com/scttfrdmn/cargoship/pkg/aws/pricing/service.go:285.24,287.3 1 0
github.com/scttfrdmn/cargoship/pkg/aws/pricing/service.go:289.2,290.15 2 1
github.com/scttfrdmn/cargoship/pkg/aws/pricing/service.go:290.15,292.3 1 1
github.com/scttfrdmn/cargoship/pkg/aws/pricing/service.go:294.2,294.12 1 1
github.com/scttfrdmn/cargoship/pkg/aws/pricing/service.go:298.81,301.22 2 1
github.com/scttfrdmn/cargoship/pkg/aws/pricing/service.go:302.25,303.45 1 1
github.com/scttfrdmn/cargoship/pkg/aws/pricing/service.go:304.27,305.47 1 1
github.com/scttfrdmn/cargoship/pkg/aws/pricing/service.go:306.38,307.46 1 1
github.com/scttfrdmn/cargoship/pkg/aws/pricing/service.go:308.17,309.44 1 1
github.com/scttfrdmn/cargoship/pkg/aws/pricing/service.go:310.22,311.48 1 1
github.com/scttfrdmn/cargoship/pkg/aws/pricing/service.go:312.29,313.55 1 1
github.com/scttfrdmn/cargoship/pkg/aws/pricing/service.go:314.10,315.12 1 1
github.com/scttfrdmn/cargoship/pkg/aws/pricing/service.go:320.92,323.42 2 1
github.com/scttfrdmn/cargoship/pkg/aws/pricing/service.go:323.42,326.3 2 1
github.com/scttfrdmn/cargoship/pkg/aws/pricing/service.go:328.2,328.44 1 1
github.com/scttfrdmn/cargoship/pkg/aws/pricing/service.go:332.85,334.9 2 1
github.com/scttfrdmn/cargoship/pkg/aws/pricing/service.go:334.9,336.3 1 1
github.com/scttfrdmn/cargoship/pkg/aws/pricing/service.go:338.2,339.9 2 1
github.com/scttfrdmn/cargoship/pkg/aws/pricing/service.go:339.9,341.3 1 1
github.com/scttfrdmn/cargoship/pkg/aws/pricing/service.go:344.2,344.36 1 1
github.com/scttfrdmn/cargoship/pkg/aws/pricing/service.go:344.36,346.10 2 1
github.com/scttfrdmn/cargoship/pkg/aws/pricing/service.go:346.10,347.12 1 0
github.com/scttfrdmn/cargoship/pkg/aws/pricing/service.go:350.3,351.10 2 1
github.com/scttfrdmn/cargoship/pkg/aws/pricing/service.go:351.10,352.12 1 0
github.com/scttfrdmn/cargoship/pkg/aws/pricing/service.go:355.3,355.45 1 1
github.com/scttfrdmn/cargoship/pkg/aws/pricing/service.go:355.45,357.11 2 1
github.com/scttfrdmn/cargoship/pkg/aws/pricing/service.go:357.11,358.13 1 0
github.com/scttfrdmn/cargoship/pkg/aws/pricing/service.go:361.4,362.11 2 1
github.com/scttfrdmn/cargoship/pkg/aws/pricing/service.go:362.11,363.13 1 0
github.com/scttfrdmn/cargoship/pkg/aws/pricing/service.go:366.4,367.11 2 1
github.com/scttfrdmn/cargoship/pkg/aws/pricing/service.go:367.11,368.13 1 0
github.com/scttfrdmn/cargoship/pkg/aws/pricing/service.go:371.4,372.64 2 1
github.com/scttfrdmn/cargoship/pkg/aws/pricing/service.go:372.64,374.5 1 1
github.com/scttfrdmn/cargoship/pkg/aws/pricing/service.go:378.2,378.10 1 1
github.com/scttfrdmn/cargoship/pkg/aws/pricing/service.go:382.63,397.53 2 1
github.com/scttfrdmn/cargoship/pkg/aws/pricing/service.go:397.53,399.3 1 1
github.com/scttfrdmn/cargoship/pkg/aws/pricing/service.go:401.2,401.32 1 1
github.com/scttfrdmn/cargoship/pkg/aws/pricing/service.go:405.82,408.74 2 1
github.com/scttfrdmn/cargoship/pkg/aws/pricing/service.go:408.74,410.3 1 1
github.com/scttfrdmn/cargoship/pkg/aws/pricing/service.go:412.2,419.3 1 1
github.com/scttfrdmn/cargoship/pkg/aws/pricing/service.go:423.67,432.2 1 1
github.com/scttfrdmn/cargoship/pkg/aws/pricing/service.go:435.50,439.2 3 1
github.com/scttfrdmn/cargoship/pkg/aws/pricing/service.go:442.40,446.2 3 1
github.com/scttfrdmn/cargoship/pkg/compression/compressor.go:72.75,80.19 2 1
github.com/scttfrdmn/cargoship/pkg/compression/compressor.go:81.21,82.20 1 1
github.com/scttfrdmn/cargoship/pkg/compression/compressor.go:83.21,84.20 1 1
github.com/scttfrdmn/cargoship/pkg/compression/compressor.go:85.21,86.43 1 1
github.com/scttfrdmn/cargoship/pkg/compression/compressor.go:86.43,88.4 1 0
github.com/scttfrdmn/cargoship/pkg/compression/compressor.go:89.19,90.18 1 1
github.com/scttfrdmn/cargoship/pkg/compression/compressor.go:91.20,92.19 1 1
github.com/scttfrdmn/cargoship/pkg/compression/compressor.go:93.21,93.21 0 1
github.com/scttfrdmn/cargoship/pkg/compression/compressor.go:95.10,96.77 1 1
github.com/scttfrdmn/cargoship/pkg/compression/compressor.go:99.2,99.15 1 1
github.com/scttfrdmn/cargoship/pkg/compression/compressor.go:103.86,110.21 5 1
github.com/scttfrdmn/cargoship/pkg/compression/compressor.go:111.21,113.17 2 1
github.com/scttfrdmn/cargoship/pkg/compression/compressor.go:113.17,115.4 1 0
github.com/scttfrdmn/cargoship/pkg/compression/compressor.go:116.21,117.49 1 1
github.com/scttfrdmn/cargoship/pkg/compression/compressor.go:118.21,119.49 1 1
github.com/scttfrdmn/cargoship/pkg/compression/compressor.go:120.21,121.49 1 1
github.com/scttfrdmn/cargoship/pkg/compression/compressor.go:122.19,123.47 1 1
github.com/scttfrdmn/cargoship/pkg/compression/compressor.go:124.20,125.48 1 1
github.com/scttfrdmn/cargoship/pkg/compression/compressor.go:126.10,127.84 1 1
github.com/scttfrdmn/cargoship/pkg/compression/compressor.go:130.2,130.16 1 1
github.com/scttfrdmn/cargoship/pkg/compression/compressor.go:130.16,132.3 1 1
github.com/scttfrdmn/cargoship/pkg/compression/compressor.go:134.2,147.50 4 1
github.com/scttfrdmn/cargoship/pkg/compression/compressor.go:151.68,155.21 3 1
github.com/scttfrdmn/cargoship/pkg/compression/compressor.go:156.21,157.31 1 1
github.com/scttfrdmn/cargoship/pkg/compression/compressor.go:158.21,159.37 1 1
github.com/scttfrdmn/cargoship/pkg/compression/compressor.go:160.21,161.37 1 1
github.com/scttfrdmn/cargoship/pkg/compression/compressor.go:162.21,163.37 1 1
github.com/scttfrdmn/cargoship/pkg/compression/compressor.go:164.19,165.35 1 1
github.com/scttfrdmn/cargoship/pkg/compression/compressor.go:166.20,167.36 1 1
github.com/scttfrdmn/cargoship/pkg/compression/compressor.go:168.10,169.79 1 1
github.com/scttfrdmn/cargoship/pkg/compression/compressor.go:172.2,172.16 1 1
github.com/scttfrdmn/cargoship/pkg/compression/compressor.go:172.16,174.3 1 0
github.com/scttfrdmn/cargoship/pkg/compression/compressor.go:176.2,176.42 1 1
github.com/scttfrdmn/cargoship/pkg/compression/compressor.go:180.43,189.2 1 1
github.com/scttfrdmn/cargoship/pkg/compression/compressor.go:192.88,195.16 2 1
github.com/scttfrdmn/cargoship/pkg/compression/compressor.go:195.16,197.3 1 1
github.com/scttfrdmn/cargoship/pkg/compression/compressor.go:199.2,204.33 4 1
github.com/scttfrdmn/cargoship/pkg/compression/compressor.go:204.33,205.32 1 1
github.com/scttfrdmn/cargoship/pkg/compression/compressor.go:205.32,207.51 1 1
github.com/scttfrdmn/cargoship/pkg/compression/compressor.go:207.51,208.13 1 1
github.com/scttfrdmn/cargoship/pkg/compression/compressor.go:211.4,212.18 2 1
github.com/scttfrdmn/cargoship/pkg/compression/compressor.go:212.18,213.13 1 0
github.com/scttfrdmn/cargoship/pkg/compression/compressor.go:216.4,218.18 3 1
github.com/scttfrdmn/cargoship/pkg/compression/compressor.go:218.18,219.13 1 0
github.com/scttfrdmn/cargoship/pkg/compression/compressor.go:222.4,222.38 1 1
github.com/scttfrdmn/cargoship/pkg/compression/compressor.go:226.2,226.21 1 1
github.com/scttfrdmn/cargoship/pkg/compression/compressor.go:230.69,231.18 1 1
github.com/scttfrdmn/cargoship/pkg/compression/compressor.go:232.15,233.22 1 1
github.com/scttfrdmn/cargoship/pkg/compression/compressor.go:234.14,235.23 1 1
github.com/scttfrdmn/cargoship/pkg/compression/compressor.go:236.18,237.21 1 1
github.com/scttfrdmn/cargoship/pkg/compression/compressor.go:238.10,240.19 1 1
github.com/scttfrdmn/cargoship/pkg/compression/compressor.go:241.44,242.24 1 1
github.com/scttfrdmn/cargoship/pkg/compression/compressor.go:243.34,244.24 1 1
github.com/scttfrdmn/cargoship/pkg/compression/compressor.go:245.31,246.22 1 1
github.com/scttfrdmn/cargoship/pkg/compression/compressor.go:247.29,248.24 1 1
github.com/scttfrdmn/cargoship/pkg/compression/compressor.go:249.11,250.24 1 1
github.com/scttfrdmn/cargoship/pkg/compression/compressor.go:256.38,258.27 1 1
github.com/scttfrdmn/cargoship/pkg/compression/compressor.go:258.27,261.4 2 1
github.com/scttfrdmn/cargoship/pkg/compression/compressor.go:265.2,265.24 1 1
github.com/scttfrdmn/cargoship/pkg/compression/compressor.go:269.38,271.27 1 1
github.com/scttfrdmn/cargoship/pkg/compression/compressor.go:271.27,274.4 2 1
github.com/scttfrdmn/cargoship/pkg/compression/compressor.go:278.2,278.24 1 1
github.com/scttfrdmn/cargoship/pkg/compression/compressor.go:282.44,285.17 2 1
github.com/scttfrdmn/cargoship/pkg/compression/compressor.go:286.20,287.32 1 1
github.com/scttfrdmn/cargoship/pkg/compression/compressor.go:288.17,289.32 1 1
github.com/scttfrdmn/cargoship/pkg/compression/compressor.go:290.20,291.32 1 1
github.com/scttfrdmn/cargoship/pkg/compression/compressor.go:292.19,293.42 1 1
github.com/scttfrdmn/cargoship/pkg/compression/compressor.go:294.17,295.40 1 1
github.com/scttfrdmn/cargoship/pkg/compression/compressor.go:296.10,297.32 1 0
github.com/scttfrdmn/cargoship/pkg/compression/compressor.go:300.2,301.16 2 1
github.com/scttfrdmn/cargoship/pkg/compression/compressor.go:301.16,303.3 1 0
github.com/scttfrdmn/cargoship/pkg/compression/compressor.go:304.2,307.16 3 1
github.com/scttfrdmn/cargoship/pkg/compression/compressor.go:307.16,309.3 1 0
github.com/scttfrdmn/cargoship/pkg/compression/compressor.go:310.2,312.12 2 1
github.com/scttfrdmn/cargoship/pkg/compression/compressor.go:316.36,318.27 1 1
github.com/scttfrdmn/cargoship/pkg/compression/compressor.go:318.27,320.4 1 1
github.com/scttfrdmn/cargoship/pkg/compression/compressor.go:323.2,324.27 1 1
github.com/scttfrdmn/cargoship/pkg/compression/compressor.go:324.27,326.4 1 1
github.com/scttfrdmn/cargoship/pkg/compression/compressor.go:331.37,333.27 1 1
github.com/scttfrdmn/cargoship/pkg/compression/compressor.go:333.27,335.4 1 1
github.com/scttfrdmn/cargoship/pkg/compression/compressor.go:338.2,339.27 1 1
github.com/scttfrdmn/cargoship/pkg/compression/compressor.go:339.27,341.4 1 1
github.com/scttfrdmn/cargoship/pkg/compression/compressor.go:346.80,351.15 4 1
github.com/scttfrdmn/cargoship/pkg/compression/compressor.go:351.15,351.32 1 1
github.com/scttfrdmn/cargoship/pkg/compression/compressor.go:353.2,354.16 2 1
github.com/scttfrdmn/cargoship/pkg/compression/compressor.go:354.16,356.3 1 1
github.com/scttfrdmn/cargoship/pkg/compression/compressor.go:358.2,358.27 1 1
github.com/scttfrdmn/cargoship/pkg/compression/compressor.go:361.73,363.16 2 1
github.com/scttfrdmn/cargoship/pkg/compression/compressor.go:363.16,365.3 1 0
github.com/scttfrdmn/cargoship/pkg/compression/compressor.go:366.2,366.15 1 1
github.com/scttfrdmn/cargoship/pkg/compression/compressor.go:366.15,366.32 1 1
github.com/scttfrdmn/cargoship/pkg/compression/compressor.go:368.2,369.12 2 1
github.com/scttfrdmn/cargoship/pkg/compression/compressor.go:372.80,377.15 4 1
github.com/scttfrdmn/cargoship/pkg/compression/compressor.go:377.15,377.32 1 1
github.com/scttfrdmn/cargoship/pkg/compression/compressor.go:379.2,380.16 2 1
github.com/scttfrdmn/cargoship/pkg/compression/compressor.go:380.16,382.3 1 0
github.com/scttfrdmn/cargoship/pkg/compression/compressor.go:384.2,384.27 1 1
github.com/scttfrdmn/cargoship/pkg/compression/compressor.go:387.73,389.16 2 1
github.com/scttfrdmn/cargoship/pkg/compression/compressor.go:389.16,391.3 1 0
github.com/scttfrdmn/cargoship/pkg/compression/compressor.go:392.2,392.15 1 1
github.com/scttfrdmn/cargoship/pkg/compression/compressor.go:392.15,392.32 1 1
github.com/scttfrdmn/cargoship/pkg/compression/compressor.go:394.2,395.12 2 1
github.com/scttfrdmn/cargoship/pkg/compression/compressor.go:398.80,402.16 3 1
github.com/scttfrdmn/cargoship/pkg/compression/compressor.go:402.16,404.3 1 0
github.com/scttfrdmn/cargoship/pkg/compression/compressor.go:406.2,406.39 1 1
github.com/scttfrdmn/cargoship/pkg/compression/compressor.go:409.73,410.49 1 1
github.com/scttfrdmn/cargoship/pkg/compression/compressor.go:410.49,412.3 1 0
github.com/scttfrdmn/cargoship/pkg/compression/compressor.go:414.2,415.12 2 1
github.com/scttfrdmn/cargoship/pkg/compression/compressor.go:418.78,423.15 4 1
github.com/scttfrdmn/cargoship/pkg/compression/compressor.go:423.15,423.32 1 1
github.com/scttfrdmn/cargoship/pkg/compression/compressor.go:425.2,426.16 2 1
github.com/scttfrdmn/cargoship/pkg/compression/compressor.go:426.16,428.3 1 0
github.com/scttfrdmn/cargoship/pkg/compression/compressor.go:430.2,430.27 1 1
github.com/scttfrdmn/cargoship/pkg/compression/compressor.go:433.71,441.2 5 1
github.com/scttfrdmn/cargoship/pkg/compression/compressor.go:443.79,448.15 4 1
github.com/scttfrdmn/cargoship/pkg/compression/compressor.go:448.15,448.32 1 1
github.com/scttfrdmn/cargoship/pkg/compression/compressor.go:450.2,451.16 2 1
github.com/scttfrdmn/cargoship/pkg/compression/compressor.go:451.16,453.3 1 0
github.com/scttfrdmn/cargoship/pkg/compression/compressor.go:455.2,455.27 1 1
github.com/scttfrdmn/cargoship/pkg/compression/compressor.go:458.72,466.2 5 1
github.com/scttfrdmn/cargoship/pkg/aws/metrics/cloudwatch.go:44.96,45.28 1 1
github.com/scttfrdmn/cargoship/pkg/aws/metrics/cloudwatch.go:45.28,47.3 1 1
github.com/scttfrdmn/cargoship/pkg/aws/metrics/cloudwatch.go:48.2,48.52 1 1
github.com/scttfrdmn/cargoship/pkg/aws/metrics/cloudwatch.go:48.52,50.3 1 1
github.com/scttfrdmn/cargoship/pkg/aws/metrics/cloudwatch.go:51.2,51.31 1 1
github.com/scttfrdmn/cargoship/pkg/aws/metrics/cloudwatch.go:51.31,53.3 1 1
github.com/scttfrdmn/cargoship/pkg/aws/metrics/cloudwatch.go:55.2,65.20 2 1
github.com/scttfrdmn/cargoship/pkg/aws/metrics/cloudwatch.go:65.20,67.3 1 1
github.com/scttfrdmn/cargoship/pkg/aws/metrics/cloudwatch.go:69.2,69.18 1 1
github.com/scttfrdmn/cargoship/pkg/aws/metrics/cloudwatch.go:73.103,116.28 3 1
github.com/scttfrdmn/cargoship/pkg/aws/metrics/cloudwatch.go:116.28,132.3 2 1
github.com/scttfrdmn/cargoship/pkg/aws/metrics/cloudwatch.go:135.2,136.21 2 1
github.com/scttfrdmn/cargoship/pkg/aws/metrics/cloudwatch.go:136.21,138.3 1 1
github.com/scttfrdmn/cargoship/pkg/aws/metrics/cloudwatch.go:140.2,148.42 2 1
github.com/scttfrdmn/cargoship/pkg/aws/metrics/cloudwatch.go:152.99,186.35 3 1
github.com/scttfrdmn/cargoship/pkg/aws/metrics/cloudwatch.go:186.35,194.3 1 1
github.com/scttfrdmn/cargoship/pkg/aws/metrics/cloudwatch.go:196.2,196.42 1 1
github.com/scttfrdmn/cargoship/pkg/aws/metrics/cloudwatch.go:200.105,234.36 3 1
github.com/scttfrdmn/cargoship/pkg/aws/metrics/cloudwatch.go:234.36,242.3 1 1
github.com/scttfrdmn/cargoship/pkg/aws/metrics/cloudwatch.go:244.2,244.42 1 1
github.com/scttfrdmn/cargoship/pkg/aws/metrics/cloudwatch.go:248.113,291.2 3 1
github.com/scttfrdmn/cargoship/pkg/aws/metrics/cloudwatch.go:294.109,322.2 3 1
github.com/scttfrdmn/cargoship/pkg/aws/metrics/cloudwatch.go:325.95,344.2 1 1
github.com/scttfrdmn/cargoship/pkg/aws/metrics/cloudwatch.go:347.91,362.2 1 1
github.com/scttfrdmn/cargoship/pkg/aws/metrics/cloudwatch.go:365.97,376.2 1 1
github.com/scttfrdmn/cargoship/pkg/aws/metrics/cloudwatch.go:379.101,394.2 1 1
github.com/scttfrdmn/cargoship/pkg/aws/metrics/cloudwatch.go:397.105,405.34 4 1
github.com/scttfrdmn/cargoship/pkg/aws/metrics/cloudwatch.go:405.34,407.3 1 1
github.com/scttfrdmn/cargoship/pkg/aws/metrics/cloudwatch.go:409.2,409.12 1 1
github.com/scttfrdmn/cargoship/pkg/aws/metrics/cloudwatch.go:413.70,414.24 1 1
github.com/scttfrdmn/cargoship/pkg/aws/metrics/cloudwatch.go:414.24,416.3 1 1
github.com/scttfrdmn/cargoship/pkg/aws/metrics/cloudwatch.go:419.2,426.55 4 1
github.com/scttfrdmn/cargoship/pkg/aws/metrics/cloudwatch.go:426.55,428.31 2 1
github.com/scttfrdmn/cargoship/pkg/aws/metrics/cloudwatch.go:428.31,430.4 1 1
github.com/scttfrdmn/cargoship/pkg/aws/metrics/cloudwatch.go:432.3,439.17 3 1
github.com/scttfrdmn/cargoship/pkg/aws/metrics/cloudwatch.go:439.17,445.4 2 1
github.com/scttfrdmn/cargoship/pkg/aws/metrics/cloudwatch.go:447.3,449.29 1 1
github.com/scttfrdmn/cargoship/pkg/aws/metrics/cloudwatch.go:452.2,452.12 1 1
github.com/scttfrdmn/cargoship/pkg/aws/metrics/cloudwatch.go:456.49,458.12 2 1
github.com/scttfrdmn/cargoship/pkg/aws/metrics/cloudwatch.go:458.12,463.7 4 1
github.com/scttfrdmn/cargoship/pkg/aws/metrics/cloudwatch.go:463.7,464.11 1 1
github.com/scttfrdmn/cargoship/pkg/aws/metrics/cloudwatch.go:465.20,472.19 6 1
github.com/scttfrdmn/cargoship/pkg/aws/metrics/cloudwatch.go:472.19,474.6 1 1
github.com/scttfrdmn/cargoship/pkg/aws/metrics/cloudwatch.go:475.22,476.11 1 1
github.com/scttfrdmn/cargoship/pkg/aws/metrics/cloudwatch.go:483.64,487.2 3 1
github.com/scttfrdmn/cargoship/pkg/aws/metrics/cloudwatch.go:490.63,496.2 3 1
github.com/scttfrdmn/cargoship/pkg/aws/lifecycle/manager.go:28.60,33.2 1 1
github.com/scttfrdmn/cargoship/pkg/aws/lifecycle/manager.go:79.48,178.2 1 1
github.com/scttfrdmn/cargoship/pkg/aws/lifecycle/manager.go:181.83,185.38 2 1
github.com/scttfrdmn/cargoship/pkg/aws/lifecycle/manager.go:185.38,187.17 2 1
github.com/scttfrdmn/cargoship/pkg/aws/lifecycle/manager.go:187.17,189.4 1 0
github.com/scttfrdmn/cargoship/pkg/aws/lifecycle/manager.go:190.3,190.39 1 1
github.com/scttfrdmn/cargoship/pkg/aws/lifecycle/manager.go:194.2,204.16 3 1
github.com/scttfrdmn/cargoship/pkg/aws/lifecycle/manager.go:204.16,206.3 1 1
github.com/scttfrdmn/cargoship/pkg/aws/lifecycle/manager.go:208.2,208.12 1 1
github.com/scttfrdmn/cargoship/pkg/aws/lifecycle/manager.go:212.102,217.16 2 1
github.com/scttfrdmn/cargoship/pkg/aws/lifecycle/manager.go:217.16,219.3 1 1
github.com/scttfrdmn/cargoship/pkg/aws/lifecycle/manager.go:221.2,223.8 1 1
github.com/scttfrdmn/cargoship/pkg/aws/lifecycle/manager.go:227.59,233.2 2 1
github.com/scttfrdmn/cargoship/pkg/aws/lifecycle/manager.go:236.65,237.23 1 1
github.com/scttfrdmn/cargoship/pkg/aws/lifecycle/manager.go:237.23,239.3 1 1
github.com/scttfrdmn/cargoship/pkg/aws/lifecycle/manager.go:241.2,241.30 1 1
github.com/scttfrdmn/cargoship/pkg/aws/lifecycle/manager.go:241.30,243.3 1 1
github.com/scttfrdmn/cargoship/pkg/aws/lifecycle/manager.go:245.2,245.38 1 1
github.com/scttfrdmn/cargoship/pkg/aws/lifecycle/manager.go:245.38,246.46 1 1
github.com/scttfrdmn/cargoship/pkg/aws/lifecycle/manager.go:246.46,248.4 1 1
github.com/scttfrdmn/cargoship/pkg/aws/lifecycle/manager.go:251.2,251.12 1 1
github.com/scttfrdmn/cargoship/pkg/aws/lifecycle/manager.go:255.90,259.40 3 1
github.com/scttfrdmn/cargoship/pkg/aws/lifecycle/manager.go:259.40,270.28 2 1
github.com/scttfrdmn/cargoship/pkg/aws/lifecycle/manager.go:271.19,275.5 1 1
github.com/scttfrdmn/cargoship/pkg/aws/lifecycle/manager.go:276.21,281.5 1 1
github.com/scttfrdmn/cargoship/pkg/aws/lifecycle/manager.go:282.18,286.5 1 1
github.com/scttfrdmn/cargoship/pkg/aws/lifecycle/manager.go:287.11,290.5 1 1
github.com/scttfrdmn/cargoship/pkg/aws/lifecycle/manager.go:294.3,294.32 1 1
github.com/scttfrdmn/cargoship/pkg/aws/lifecycle/manager.go:294.32,298.4 1 1
github.com/scttfrdmn/cargoship/pkg/aws/lifecycle/manager.go:300.3,301.11 2 1
github.com/scttfrdmn/cargoship/pkg/aws/lifecycle/manager.go:304.2,313.3 1 1
github.com/scttfrdmn/cargoship/pkg/aws/lifecycle/manager.go:324.85,331.59 2 1
github.com/scttfrdmn/cargoship/pkg/aws/lifecycle/manager.go:331.59,334.61 2 1
github.com/scttfrdmn/cargoship/pkg/aws/lifecycle/manager.go:334.61,339.4 1 1
github.com/scttfrdmn/cargoship/pkg/aws/lifecycle/manager.go:339.9,339.68 1 1
github.com/scttfrdmn/cargoship/pkg/aws/lifecycle/manager.go:339.68,341.45 1 0
github.com/scttfrdmn/cargoship/pkg/aws/lifecycle/manager.go:341.45,348.10 2 0
github.com/scttfrdmn/cargoship/pkg/aws/lifecycle/manager.go:350.9,354.32 2 1
github.com/scttfrdmn/cargoship/pkg/aws/lifecycle/manager.go:354.32,356.5 1 1
github.com/scttfrdmn/cargoship/pkg/aws/lifecycle/manager.go:358.4,358.33 1 1
github.com/scttfrdmn/cargoship/pkg/aws/lifecycle/manager.go:358.33,360.46 2 1
github.com/scttfrdmn/cargoship/pkg/aws/lifecycle/manager.go:360.46,365.6 1 1
github.com/scttfrdmn/cargoship/pkg/aws/lifecycle/manager.go:366.5,366.20 1 1
github.com/scttfrdmn/cargoship/pkg/aws/lifecycle/manager.go:369.4,371.5 1 1
github.com/scttfrdmn/cargoship/pkg/aws/lifecycle/manager.go:374.3,374.26 1 1
github.com/scttfrdmn/cargoship/pkg/aws/lifecycle/manager.go:378.2,378.31 1 1
github.com/scttfrdmn/cargoship/pkg/aws/lifecycle/manager.go:378.31,380.47 2 1
github.com/scttfrdmn/cargoship/pkg/aws/lifecycle/manager.go:380.47,385.4 1 1
github.com/scttfrdmn/cargoship/pkg/aws/lifecycle/manager.go:386.3,386.36 1 1
github.com/scttfrdmn/cargoship/pkg/aws/lifecycle/manager.go:390.2,390.28 1 1
github.com/scttfrdmn/cargoship/pkg/aws/lifecycle/manager.go:390.28,394.3 1 1
github.com/scttfrdmn/cargoship/pkg/aws/lifecycle/manager.go:397.2,397.40 1 1
github.com/scttfrdmn/cargoship/pkg/aws/lifecycle/manager.go:397.40,401.3 1 1
github.com/scttfrdmn/cargoship/pkg/aws/lifecycle/manager.go:403.2,403.21 1 1
github.com/scttfrdmn/cargoship/pkg/aws/lifecycle/manager.go:407.58,408.19 1 1
github.com/scttfrdmn/cargoship/pkg/aws/lifecycle/manager.go:408.19,410.3 1 0
github.com/scttfrdmn/cargoship/pkg/aws/lifecycle/manager.go:412.2,412.59 1 1
github.com/scttfrdmn/cargoship/pkg/aws/lifecycle/manager.go:412.59,414.3 1 1
github.com/scttfrdmn/cargoship/pkg/aws/lifecycle/manager.go:417.2,417.31 1 1
github.com/scttfrdmn/cargoship/pkg/aws/lifecycle/manager.go:417.31,418.46 1 1
github.com/scttfrdmn/cargoship/pkg/aws/lifecycle/manager.go:418.46,419.62 1 1
github.com/scttfrdmn/cargoship/pkg/aws/lifecycle/manager.go:419.62,421.5 1 1
github.com/scttfrdmn/cargoship/pkg/aws/lifecycle/manager.go:426.2,434.46 2 1
github.com/scttfrdmn/cargoship/pkg/aws/lifecycle/manager.go:434.46,435.45 1 1
github.com/scttfrdmn/cargoship/pkg/aws/lifecycle/manager.go:435.45,437.4 1 1
github.com/scttfrdmn/cargoship/pkg/aws/lifecycle/manager.go:440.2,440.12 1 1
github.com/scttfrdmn/cargoship/pkg/aws/lifecycle/manager.go:444.130,464.38 5 1
github.com/scttfrdmn/cargoship/pkg/aws/lifecycle/manager.go:464.38,466.32 1 1
github.com/scttfrdmn/cargoship/pkg/aws/lifecycle/manager.go:466.32,471.29 3 1
github.com/scttfrdmn/cargoship/pkg/aws/lifecycle/manager.go:472.23,473.28 1 0
github.com/scttfrdmn/cargoship/pkg/aws/lifecycle/manager.go:474.22,475.26 1 0
github.com/scttfrdmn/cargoship/pkg/aws/lifecycle/manager.go:476.31,477.28 1 0
github.com/scttfrdmn/cargoship/pkg/aws/lifecycle/manager.go:478.19,479.27 1 0
github.com/scttfrdmn/cargoship/pkg/aws/lifecycle/manager.go:480.24,481.29 1 1
github.com/scttfrdmn/cargoship/pkg/aws/lifecycle/manager.go:482.12,483.39 1 0
github.com/scttfrdmn/cargoship/pkg/aws/lifecycle/manager.go:487.4,487.50 1 1
github.com/scttfrdmn/cargoship/pkg/aws/lifecycle/manager.go:491.2,496.22 5 1
github.com/scttfrdmn/cargoship/pkg/aws/lifecycle/manager.go:512.73,514.16 2 1
github.com/scttfrdmn/cargoship/pkg/aws/lifecycle/manager.go:514.16,516.3 1 0
github.com/scttfrdmn/cargoship/pkg/aws/lifecycle/manager.go:517.2,517.26 1 1
github.com/scttfrdmn/cargoship/pkg/aws/lifecycle/manager.go:521.74,523.68 2 1
github.com/scttfrdmn/cargoship/pkg/aws/lifecycle/manager.go:523.68,525.3 1 1
github.com/scttfrdmn/cargoship/pkg/aws/lifecycle/manager.go:527.2,527.51 1 1
github.com/scttfrdmn/cargoship/pkg/aws/lifecycle/manager.go:527.51,529.3 1 1
github.com/scttfrdmn/cargoship/pkg/aws/lifecycle/manager.go:531.2,531.23 1 1
github.com/scttfrdmn/cargoship/pkg/errors/handler.go:42.41,43.22 1 1
github.com/scttfrdmn/cargoship/pkg/errors/handler.go:43.22,45.3 1 1
github.com/scttfrdmn/cargoship/pkg/errors/handler.go:46.2,46.74 1 1
github.com/scttfrdmn/cargoship/pkg/errors/handler.go:50.41,52.2 1 1
github.com/scttfrdmn/cargoship/pkg/errors/handler.go:55.45,57.2 1 1
github.com/scttfrdmn/cargoship/pkg/errors/handler.go:69.57,77.2 1 1
github.com/scttfrdmn/cargoship/pkg/errors/handler.go:80.105,85.2 4 1
github.com/scttfrdmn/cargoship/pkg/errors/handler.go:88.89,89.16 1 1
github.com/scttfrdmn/cargoship/pkg/errors/handler.go:89.16,91.3 1 1
github.com/scttfrdmn/cargoship/pkg/errors/handler.go:94.2,94.44 1 1
github.com/scttfrdmn/cargoship/pkg/errors/handler.go:94.44,96.3 1 1
github.com/scttfrdmn/cargoship/pkg/errors/handler.go:98.2,109.3 2 1
github.com/scttfrdmn/cargoship/pkg/errors/handler.go:113.69,118.29 3 1
github.com/scttfrdmn/cargoship/pkg/errors/handler.go:118.29,120.3 1 1
github.com/scttfrdmn/cargoship/pkg/errors/handler.go:123.2,124.31 2 1
github.com/scttfrdmn/cargoship/pkg/errors/handler.go:124.31,126.3 1 1
github.com/scttfrdmn/cargoship/pkg/errors/handler.go:128.2,129.35 2 1
github.com/scttfrdmn/cargoship/pkg/errors/handler.go:129.35,131.3 1 1
github.com/scttfrdmn/cargoship/pkg/errors/handler.go:137.2,140.35 1 1
github.com/scttfrdmn/cargoship/pkg/errors/handler.go:140.35,142.3 1 1
github.com/scttfrdmn/cargoship/pkg/errors/handler.go:145.2,148.42 1 1
github.com/scttfrdmn/cargoship/pkg/errors/handler.go:148.42,150.3 1 1
github.com/scttfrdmn/cargoship/pkg/errors/handler.go:153.2,156.41 1 1
github.com/scttfrdmn/cargoship/pkg/errors/handler.go:156.41,158.3 1 1
github.com/scttfrdmn/cargoship/pkg/errors/handler.go:161.2,163.41 1 1
github.com/scttfrdmn/cargoship/pkg/errors/handler.go:163.41,165.3 1 1
github.com/scttfrdmn/cargoship/pkg/errors/handler.go:167.2,167.31 1 1
github.com/scttfrdmn/cargoship/pkg/errors/handler.go:171.92,174.14 2 1
github.com/scttfrdmn/cargoship/pkg/errors/handler.go:175.97,176.35 1 1
github.com/scttfrdmn/cargoship/pkg/errors/handler.go:177.60,178.36 1 1
github.com/scttfrdmn/cargoship/pkg/errors/handler.go:179.72,180.36 1 1
github.com/scttfrdmn/cargoship/pkg/errors/handler.go:181.63,182.32 1 1
github.com/scttfrdmn/cargoship/pkg/errors/handler.go:183.10,186.31 1 1
github.com/scttfrdmn/cargoship/pkg/errors/handler.go:191.103,196.64 4 1
github.com/scttfrdmn/cargoship/pkg/errors/handler.go:196.64,198.17 2 1
github.com/scttfrdmn/cargoship/pkg/errors/handler.go:198.17,200.4 1 1
github.com/scttfrdmn/cargoship/pkg/errors/handler.go:202.3,210.32 3 1
github.com/scttfrdmn/cargoship/pkg/errors/handler.go:210.32,212.4 1 1
github.com/scttfrdmn/cargoship/pkg/errors/handler.go:214.3,214.42 1 1
github.com/scttfrdmn/cargoship/pkg/errors/handler.go:219.61,220.16 1 1
github.com/scttfrdmn/cargoship/pkg/errors/handler.go:220.16,221.31 1 1
github.com/scttfrdmn/cargoship/pkg/errors/handler.go:221.31,223.25 2 1
github.com/scttfrdmn/cargoship/pkg/errors/handler.go:224.15,225.12 1 1
github.com/scttfrdmn/cargoship/pkg/errors/handler.go:226.16,227.37 1 1
github.com/scttfrdmn/cargoship/pkg/errors/handler.go:228.12,229.37 1 1
github.com/scttfrdmn/cargoship/pkg/errors/handler.go:232.4,236.42 2 1
github.com/scttfrdmn/cargoship/pkg/errors/handler.go:242.109,246.31 2 1
github.com/scttfrdmn/cargoship/pkg/errors/handler.go:246.31,248.3 1 1
github.com/scttfrdmn/cargoship/pkg/errors/handler.go:249.2,249.33 1 1
github.com/scttfrdmn/cargoship/pkg/errors/handler.go:249.33,251.3 1 1
github.com/scttfrdmn/cargoship/pkg/errors/handler.go:254.2,255.25 2 1
github.com/scttfrdmn/cargoship/pkg/errors/handler.go:256.45,257.25 1 1
github.com/scttfrdmn/cargoship/pkg/errors/handler.go:258.27,259.25 1 0
github.com/scttfrdmn/cargoship/pkg/errors/handler.go:262.2,268.39 1 1
github.com/scttfrdmn/cargoship/pkg/errors/handler.go:272.39,273.44 1 1
github.com/scttfrdmn/cargoship/pkg/errors/handler.go:273.44,275.3 1 1
github.com/scttfrdmn/cargoship/pkg/errors/handler.go:278.2,282.50 2 1
github.com/scttfrdmn/cargoship/pkg/errors/handler.go:286.40,287.44 1 1
github.com/scttfrdmn/cargoship/pkg/errors/handler.go:287.44,289.3 1 1
github.com/scttfrdmn/cargoship/pkg/errors/handler.go:290.2,290.25 1 1
github.com/scttfrdmn/cargoship/pkg/errors/handler.go:302.71,309.25 3 1
github.com/scttfrdmn/cargoship/pkg/errors/handler.go:310.27,317.113 2 1
github.com/scttfrdmn/cargoship/pkg/errors/handler.go:319.24,326.82 2 1
github.com/scttfrdmn/cargoship/pkg/errors/handler.go:328.27,335.110 2 1
github.com/scttfrdmn/cargoship/pkg/errors/handler.go:337.27,344.83 2 1
github.com/scttfrdmn/cargoship/pkg/errors/handler.go:346.23,354.59 3 1
github.com/scttfrdmn/cargoship/pkg/errors/handler.go:356.10,364.74 3 1
github.com/scttfrdmn/cargoship/pkg/errors/handler.go:367.2,367.16 1 1
github.com/scttfrdmn/cargoship/pkg/errors/handler.go:382.38,387.2 1 1
github.com/scttfrdmn/cargoship/pkg/errors/handler.go:390.57,395.2 4 1
github.com/scttfrdmn/cargoship/pkg/config/config.go:90.30,138.2 1 1
github.com/scttfrdmn/cargoship/pkg/config/config.go:148.28,153.2 1 1
github.com/scttfrdmn/cargoship/pkg/config/config.go:156.55,168.22 6 1
github.com/scttfrdmn/cargoship/pkg/config/config.go:168.22,170.3 1 1
github.com/scttfrdmn/cargoship/pkg/config/config.go:170.8,173.17 2 1
github.com/scttfrdmn/cargoship/pkg/config/config.go:173.17,176.4 2 1
github.com/scttfrdmn/cargoship/pkg/config/config.go:177.3,178.38 2 1
github.com/scttfrdmn/cargoship/pkg/config/config.go:182.2,182.47 1 1
github.com/scttfrdmn/cargoship/pkg/config/config.go:182.47,183.56 1 1
github.com/scttfrdmn/cargoship/pkg/config/config.go:183.56,185.4 1 1
github.com/scttfrdmn/cargoship/pkg/config/config.go:189.2,189.52 1 1
github.com/scttfrdmn/cargoship/pkg/config/config.go:189.52,191.3 1 0
github.com/scttfrdmn/cargoship/pkg/config/config.go:194.2,194.43 1 1
github.com/scttfrdmn/cargoship/pkg/config/config.go:194.43,196.3 1 1
github.com/scttfrdmn/cargoship/pkg/config/config.go:198.2,198.12 1 1
github.com/scttfrdmn/cargoship/pkg/config/config.go:202.33,242.2 27 1
github.com/scttfrdmn/cargoship/pkg/config/config.go:245.42,247.31 1 1
github.com/scttfrdmn/cargoship/pkg/config/config.go:247.31,249.3 1 1
github.com/scttfrdmn/cargoship/pkg/config/config.go:252.2,261.64 2 1
github.com/scttfrdmn/cargoship/pkg/config/config.go:261.64,263.3 1 1
github.com/scttfrdmn/cargoship/pkg/config/config.go:266.2,266.80 1 1
github.com/scttfrdmn/cargoship/pkg/config/config.go:266.80,268.3 1 1
github.com/scttfrdmn/cargoship/pkg/config/config.go:271.2,271.66 1 1
github.com/scttfrdmn/cargoship/pkg/config/config.go:271.66,273.3 1 1
github.com/scttfrdmn/cargoship/pkg/config/config.go:276.2,283.45 2 1
github.com/scttfrdmn/cargoship/pkg/config/config.go:283.45,285.3 1 1
github.com/scttfrdmn/cargoship/pkg/config/config.go:287.2,287.12 1 1
github.com/scttfrdmn/cargoship/pkg/config/config.go:291.39,293.2 1 1
github.com/scttfrdmn/cargoship/pkg/config/config.go:296.49,297.16 1 1
github.com/scttfrdmn/cargoship/pkg/config/config.go:297.16,298.25 1 1
github.com/scttfrdmn/cargoship/pkg/config/config.go:298.25,300.4 1 0
github.com/scttfrdmn/cargoship/pkg/config/config.go:300.9,302.18 2 1
github.com/scttfrdmn/cargoship/pkg/config/config.go:302.18,304.5 1 0
github.com/scttfrdmn/cargoship/pkg/config/config.go:305.4,305.49 1 1
github.com/scttfrdmn/cargoship/pkg/config/config.go:310.2,311.47 2 1
github.com/scttfrdmn/cargoship/pkg/config/config.go:311.47,313.3 1 0
github.com/scttfrdmn/cargoship/pkg/config/config.go:316.2,317.16 2 1
github.com/scttfrdmn/cargoship/pkg/config/config.go:317.16,319.3 1 0
github.com/scttfrdmn/cargoship/pkg/config/config.go:322.2,322.55 1 1
github.com/scttfrdmn/cargoship/pkg/config/config.go:322.55,324.3 1 0
github.com/scttfrdmn/cargoship/pkg/config/config.go:326.2,327.12 2 1
github.com/scttfrdmn/cargoship/pkg/config/config.go:331.70,332.34 1 1
github.com/scttfrdmn/cargoship/pkg/config/config.go:332.34,334.3 1 1
github.com/scttfrdmn/cargoship/pkg/config/config.go:337.2,337.52 1 1
github.com/scttfrdmn/cargoship/pkg/config/config.go:337.52,339.3 1 0
github.com/scttfrdmn/cargoship/pkg/config/config.go:342.2,342.43 1 1
github.com/scttfrdmn/cargoship/pkg/config/config.go:342.43,344.3 1 1
github.com/scttfrdmn/cargoship/pkg/config/config.go:346.2,346.12 1 1
github.com/scttfrdmn/cargoship/pkg/config/config.go:350.66,352.17 2 1
github.com/scttfrdmn/cargoship/pkg/config/config.go:352.17,354.3 1 1
github.com/scttfrdmn/cargoship/pkg/config/config.go:356.2,356.34 1 1
github.com/scttfrdmn/cargoship/pkg/config/config.go:360.55,362.17 2 1
github.com/scttfrdmn/cargoship/pkg/config/config.go:362.17,364.3 1 1
github.com/scttfrdmn/cargoship/pkg/config/config.go:366.2,366.26 1 1
github.com/scttfrdmn/cargoship/pkg/config/config.go:370.42,384.26 5 1
github.com/scttfrdmn/cargoship/pkg/config/config.go:384.26,386.3 1 1
github.com/scttfrdmn/cargoship/pkg/config/config.go:388.2,389.9 2 1
github.com/scttfrdmn/cargoship/pkg/config/config.go:389.9,391.3 1 1
github.com/scttfrdmn/cargoship/pkg/config/config.go:393.2,393.48 1 1
github.com/scttfrdmn/cargoship/pkg/config/config.go:397.37,414.2 10 1
github.com/scttfrdmn/cargoship/pkg/config/suitcase.go:29.65,31.59 1 1
github.com/scttfrdmn/cargoship/pkg/config/suitcase.go:31.59,34.17 3 1
github.com/scttfrdmn/cargoship/pkg/config/suitcase.go:34.17,36.4 1 1
github.com/scttfrdmn/cargoship/pkg/config/suitcase.go:38.2,38.12 1 1
github.com/scttfrdmn/cargoship/pkg/aws/config/config.go:79.36,95.2 1 1
github.com/scttfrdmn/cargoship/pkg/aws/config/config.go:98.38,99.20 1 1
github.com/scttfrdmn/cargoship/pkg/aws/config/config.go:99.20,101.3 1 1
github.com/scttfrdmn/cargoship/pkg/aws/config/config.go:103.2,103.23 1 1
github.com/scttfrdmn/cargoship/pkg/aws/config/config.go:103.23,105.3 1 1
github.com/scttfrdmn/cargoship/pkg/aws/config/config.go:107.2,107.26 1 1
github.com/scttfrdmn/cargoship/pkg/aws/config/config.go:107.26,109.3 1 1
github.com/scttfrdmn/cargoship/pkg/aws/config/config.go:111.2,111.43 1 1
github.com/scttfrdmn/cargoship/pkg/aws/config/config.go:111.43,113.3 1 1
github.com/scttfrdmn/cargoship/pkg/aws/config/config.go:115.2,115.74 1 1
github.com/scttfrdmn/cargoship/pkg/aws/config/config.go:115.74,117.3 1 1
github.com/scttfrdmn/cargoship/pkg/aws/config/config.go:119.2,119.12 1 1
github.com/scttfrdmn/cargoship/pkg/aws/config/config.go:123.85,126.19 2 1
github.com/scttfrdmn/cargoship/pkg/aws/config/config.go:126.19,128.3 1 1
github.com/scttfrdmn/cargoship/pkg/aws/config/config.go:130.2,130.18 1 1
github.com/scttfrdmn/cargoship/pkg/aws/config/config.go:130.18,132.3 1 1
github.com/scttfrdmn/cargoship/pkg/aws/config/config.go:134.2,134.50 1 1
github.com/scttfrdmn/cargoship/pkg/aws/costs/calculator.go:22.47,26.2 1 1
github.com/scttfrdmn/cargoship/pkg/aws/costs/calculator.go:29.91,34.2 1 1
github.com/scttfrdmn/cargoship/pkg/aws/costs/calculator.go:83.106,91.35 3 1
github.com/scttfrdmn/cargoship/pkg/aws/costs/calculator.go:91.35,93.3 1 1
github.com/scttfrdmn/cargoship/pkg/aws/costs/calculator.go:94.2,104.4 2 1
github.com/scttfrdmn/cargoship/pkg/aws/costs/calculator.go:104.4,109.23 4 1
github.com/scttfrdmn/cargoship/pkg/aws/costs/calculator.go:110.36,113.48 3 1
github.com/scttfrdmn/cargoship/pkg/aws/costs/calculator.go:114.38,117.50 3 1
github.com/scttfrdmn/cargoship/pkg/aws/costs/calculator.go:118.37,121.49 3 1
github.com/scttfrdmn/cargoship/pkg/aws/costs/calculator.go:122.46,125.58 3 1
github.com/scttfrdmn/cargoship/pkg/aws/costs/calculator.go:126.35,129.47 3 1
github.com/scttfrdmn/cargoship/pkg/aws/costs/calculator.go:130.39,133.51 3 1
github.com/scttfrdmn/cargoship/pkg/aws/costs/calculator.go:138.2,163.22 9 1
github.com/scttfrdmn/cargoship/pkg/aws/costs/calculator.go:167.122,169.29 1 1
github.com/scttfrdmn/cargoship/pkg/aws/costs/calculator.go:169.29,171.17 2 0
github.com/scttfrdmn/cargoship/pkg/aws/costs/calculator.go:171.17,172.69 1 0
github.com/scttfrdmn/cargoship/pkg/aws/costs/calculator.go:172.69,174.5 1 0
github.com/scttfrdmn/cargoship/pkg/aws/costs/calculator.go:181.2,191.13 3 1
github.com/scttfrdmn/cargoship/pkg/aws/costs/calculator.go:191.13,193.3 1 1
github.com/scttfrdmn/cargoship/pkg/aws/costs/calculator.go:195.2,195.23 1 1
github.com/scttfrdmn/cargoship/pkg/aws/costs/calculator.go:199.89,200.19 1 1
github.com/scttfrdmn/cargoship/pkg/aws/costs/calculator.go:200.19,202.3 1 1
github.com/scttfrdmn/cargoship/pkg/aws/costs/calculator.go:204.2,207.29 2 1
github.com/scttfrdmn/cargoship/pkg/aws/costs/calculator.go:207.29,209.48 2 0
github.com/scttfrdmn/cargoship/pkg/aws/costs/calculator.go:209.48,211.4 1 0
github.com/scttfrdmn/cargoship/pkg/aws/costs/calculator.go:215.2,215.28 1 1
github.com/scttfrdmn/cargoship/pkg/aws/costs/calculator.go:219.123,221.29 1 1
github.com/scttfrdmn/cargoship/pkg/aws/costs/calculator.go:221.29,223.17 2 0
github.com/scttfrdmn/cargoship/pkg/aws/costs/calculator.go:223.17,224.69 1 0
github.com/scttfrdmn/cargoship/pkg/aws/costs/calculator.go:224.69,226.5 1 0
github.com/scttfrdmn/cargoship/pkg/aws/costs/calculator.go:231.2,241.13 3 1
github.com/scttfrdmn/cargoship/pkg/aws/costs/calculator.go:241.13,243.3 1 1
github.com/scttfrdmn/cargoship/pkg/aws/costs/calculator.go:245.2,245.48 1 1
github.com/scttfrdmn/cargoship/pkg/aws/costs/calculator.go:249.110,253.35 2 1
github.com/scttfrdmn/cargoship/pkg/aws/costs/calculator.go:253.35,254.74 1 1
github.com/scttfrdmn/cargoship/pkg/aws/costs/calculator.go:254.74,258.28 3 1
github.com/scttfrdmn/cargoship/pkg/aws/costs/calculator.go:258.28,266.5 1 1
github.com/scttfrdmn/cargoship/pkg/aws/costs/calculator.go:271.2,271.31 1 1
github.com/scttfrdmn/cargoship/pkg/aws/costs/calculator.go:271.31,273.36 2 1
github.com/scttfrdmn/cargoship/pkg/aws/costs/calculator.go:273.36,274.73 1 1
github.com/scttfrdmn/cargoship/pkg/aws/costs/calculator.go:274.73,276.5 1 1
github.com/scttfrdmn/cargoship/pkg/aws/costs/calculator.go:279.3,279.64 1 1
github.com/scttfrdmn/cargoship/pkg/aws/costs/calculator.go:279.64,287.4 1 1
github.com/scttfrdmn/cargoship/pkg/aws/costs/calculator.go:291.2,292.35 2 1
github.com/scttfrdmn/cargoship/pkg/aws/costs/calculator.go:292.35,293.34 1 1
github.com/scttfrdmn/cargoship/pkg/aws/costs/calculator.go:293.34,295.4 1 1
github.com/scttfrdmn/cargoship/pkg/aws/costs/calculator.go:298.2,298.23 1 1
github.com/scttfrdmn/cargoship/pkg/aws/costs/calculator.go:298.23,306.3 1 1
github.com/scttfrdmn/cargoship/pkg/aws/costs/calculator.go:308.2,308.24 1 1
github.com/scttfrdmn/cargoship/pkg/inventory/inventory.go:78.107,80.47 2 1
github.com/scttfrdmn/cargoship/pkg/inventory/inventory.go:80.47,81.43 1 1
github.com/scttfrdmn/cargoship/pkg/inventory/inventory.go:81.43,83.4 1 1
github.com/scttfrdmn/cargoship/pkg/inventory/inventory.go:85.2,85.49 1 1
github.com/scttfrdmn/cargoship/pkg/inventory/inventory.go:89.40,91.23 2 1
github.com/scttfrdmn/cargoship/pkg/inventory/inventory.go:91.23,93.3 1 1
github.com/scttfrdmn/cargoship/pkg/inventory/inventory.go:94.2,94.33 1 1
github.com/scttfrdmn/cargoship/pkg/inventory/inventory.go:98.38,100.2 1 1
github.com/scttfrdmn/cargoship/pkg/inventory/inventory.go:103.45,104.29 1 1
github.com/scttfrdmn/cargoship/pkg/inventory/inventory.go:104.29,107.3 2 1
github.com/scttfrdmn/cargoship/pkg/inventory/inventory.go:108.2,108.80 1 1
github.com/scttfrdmn/cargoship/pkg/inventory/inventory.go:112.55,114.2 1 1
github.com/scttfrdmn/cargoship/pkg/inventory/inventory.go:140.109,142.49 2 1
github.com/scttfrdmn/cargoship/pkg/inventory/inventory.go:142.49,143.43 1 1
github.com/scttfrdmn/cargoship/pkg/inventory/inventory.go:143.43,145.4 1 1
github.com/scttfrdmn/cargoship/pkg/inventory/inventory.go:147.2,147.49 1 1
github.com/scttfrdmn/cargoship/pkg/inventory/inventory.go:150.33,152.23 2 1
github.com/scttfrdmn/cargoship/pkg/inventory/inventory.go:152.23,154.3 1 1
github.com/scttfrdmn/cargoship/pkg/inventory/inventory.go:155.2,155.25 1 1
github.com/scttfrdmn/cargoship/pkg/inventory/inventory.go:159.31,161.2 1 1
github.com/scttfrdmn/cargoship/pkg/inventory/inventory.go:164.38,165.31 1 1
github.com/scttfrdmn/cargoship/pkg/inventory/inventory.go:165.31,168.3 2 1
github.com/scttfrdmn/cargoship/pkg/inventory/inventory.go:169.2,169.84 1 1
github.com/scttfrdmn/cargoship/pkg/inventory/inventory.go:173.48,175.2 1 1
github.com/scttfrdmn/cargoship/pkg/inventory/inventory.go:195.45,197.16 2 1
github.com/scttfrdmn/cargoship/pkg/inventory/inventory.go:197.16,198.13 1 0
github.com/scttfrdmn/cargoship/pkg/inventory/inventory.go:200.2,200.10 1 1
github.com/scttfrdmn/cargoship/pkg/inventory/inventory.go:204.44,206.32 2 1
github.com/scttfrdmn/cargoship/pkg/inventory/inventory.go:206.32,207.33 1 1
github.com/scttfrdmn/cargoship/pkg/inventory/inventory.go:207.33,209.4 1 1
github.com/scttfrdmn/cargoship/pkg/inventory/inventory.go:211.2,211.27 1 1
github.com/scttfrdmn/cargoship/pkg/inventory/inventory.go:211.27,213.3 1 1
github.com/scttfrdmn/cargoship/pkg/inventory/inventory.go:214.2,214.12 1 0
github.com/scttfrdmn/cargoship/pkg/inventory/inventory.go:218.50,220.16 2 1
github.com/scttfrdmn/cargoship/pkg/inventory/inventory.go:220.16,222.3 1 0
github.com/scttfrdmn/cargoship/pkg/inventory/inventory.go:223.2,223.23 1 1
github.com/scttfrdmn/cargoship/pkg/inventory/inventory.go:238.40,239.24 1 1
github.com/scttfrdmn/cargoship/pkg/inventory/inventory.go:239.24,241.3 1 0
github.com/scttfrdmn/cargoship/pkg/inventory/inventory.go:243.2,247.29 4 1
github.com/scttfrdmn/cargoship/pkg/inventory/inventory.go:247.29,251.28 3 1
github.com/scttfrdmn/cargoship/pkg/inventory/inventory.go:251.28,253.4 1 1
github.com/scttfrdmn/cargoship/pkg/inventory/inventory.go:256.2,265.3 2 1
github.com/scttfrdmn/cargoship/pkg/inventory/inventory.go:268.36,269.11 1 1
github.com/scttfrdmn/cargoship/pkg/inventory/inventory.go:269.11,270.63 1 0
github.com/scttfrdmn/cargoship/pkg/inventory/inventory.go:272.2,272.18 1 1
github.com/scttfrdmn/cargoship/pkg/inventory/inventory.go:276.34,280.41 3 1
github.com/scttfrdmn/cargoship/pkg/inventory/inventory.go:280.41,290.3 3 0
github.com/scttfrdmn/cargoship/pkg/inventory/inventory.go:291.2,295.3 1 1
github.com/scttfrdmn/cargoship/pkg/inventory/inventory.go:328.47,330.16 2 1
github.com/scttfrdmn/cargoship/pkg/inventory/inventory.go:330.16,332.3 1 0
github.com/scttfrdmn/cargoship/pkg/inventory/inventory.go:333.2,334.12 2 1
github.com/scttfrdmn/cargoship/pkg/inventory/inventory.go:338.38,339.26 1 1
github.com/scttfrdmn/cargoship/pkg/inventory/inventory.go:339.26,341.3 1 1
github.com/scttfrdmn/cargoship/pkg/inventory/inventory.go:345.42,346.26 1 1
github.com/scttfrdmn/cargoship/pkg/inventory/inventory.go:346.26,348.3 1 1
github.com/scttfrdmn/cargoship/pkg/inventory/inventory.go:352.49,353.26 1 1
github.com/scttfrdmn/cargoship/pkg/inventory/inventory.go:353.26,355.3 1 1
github.com/scttfrdmn/cargoship/pkg/inventory/inventory.go:359.42,360.26 1 1
github.com/scttfrdmn/cargoship/pkg/inventory/inventory.go:360.26,362.3 1 1
github.com/scttfrdmn/cargoship/pkg/inventory/inventory.go:366.49,367.26 1 1
github.com/scttfrdmn/cargoship/pkg/inventory/inventory.go:367.26,369.3 1 1
github.com/scttfrdmn/cargoship/pkg/inventory/inventory.go:373.51,374.26 1 1
github.com/scttfrdmn/cargoship/pkg/inventory/inventory.go:374.26,376.3 1 1
github.com/scttfrdmn/cargoship/pkg/inventory/inventory.go:380.50,382.26 2 1
github.com/scttfrdmn/cargoship/pkg/inventory/inventory.go:382.26,383.14 1 1
github.com/scttfrdmn/cargoship/pkg/inventory/inventory.go:383.14,385.4 1 1
github.com/scttfrdmn/cargoship/pkg/inventory/inventory.go:390.47,391.26 1 1
github.com/scttfrdmn/cargoship/pkg/inventory/inventory.go:391.26,393.3 1 1
github.com/scttfrdmn/cargoship/pkg/inventory/inventory.go:397.50,398.26 1 1
github.com/scttfrdmn/cargoship/pkg/inventory/inventory.go:398.26,400.3 1 1
github.com/scttfrdmn/cargoship/pkg/inventory/inventory.go:404.40,405.26 1 1
github.com/scttfrdmn/cargoship/pkg/inventory/inventory.go:405.26,406.14 1 1
github.com/scttfrdmn/cargoship/pkg/inventory/inventory.go:406.14,408.4 1 1
github.com/scttfrdmn/cargoship/pkg/inventory/inventory.go:413.42,414.26 1 1
github.com/scttfrdmn/cargoship/pkg/inventory/inventory.go:414.26,416.3 1 1
github.com/scttfrdmn/cargoship/pkg/inventory/inventory.go:420.57,421.26 1 1
github.com/scttfrdmn/cargoship/pkg/inventory/inventory.go:421.26,423.3 1 1
github.com/scttfrdmn/cargoship/pkg/inventory/inventory.go:427.53,429.16 2 1
github.com/scttfrdmn/cargoship/pkg/inventory/inventory.go:429.16,430.13 1 0
github.com/scttfrdmn/cargoship/pkg/inventory/inventory.go:432.2,438.30 2 1
github.com/scttfrdmn/cargoship/pkg/inventory/inventory.go:438.30,440.3 1 1
github.com/scttfrdmn/cargoship/pkg/inventory/inventory.go:441.2,442.16 2 1
github.com/scttfrdmn/cargoship/pkg/inventory/inventory.go:442.16,443.13 1 0
github.com/scttfrdmn/cargoship/pkg/inventory/inventory.go:445.2,445.12 1 1
github.com/scttfrdmn/cargoship/pkg/inventory/inventory.go:465.44,466.29 1 1
github.com/scttfrdmn/cargoship/pkg/inventory/inventory.go:466.29,467.27 1 1
github.com/scttfrdmn/cargoship/pkg/inventory/inventory.go:467.27,469.4 1 1
github.com/scttfrdmn/cargoship/pkg/inventory/inventory.go:474.46,477.31 2 1
github.com/scttfrdmn/cargoship/pkg/inventory/inventory.go:477.31,479.3 1 1
github.com/scttfrdmn/cargoship/pkg/inventory/inventory.go:480.2,480.12 1 1
github.com/scttfrdmn/cargoship/pkg/inventory/inventory.go:484.52,487.39 2 1
github.com/scttfrdmn/cargoship/pkg/inventory/inventory.go:487.39,489.3 1 1
github.com/scttfrdmn/cargoship/pkg/inventory/inventory.go:490.2,490.12 1 1
github.com/scttfrdmn/cargoship/pkg/inventory/inventory.go:495.57,499.43 3 1
github.com/scttfrdmn/cargoship/pkg/inventory/inventory.go:499.43,501.3 1 1
github.com/scttfrdmn/cargoship/pkg/inventory/inventory.go:502.2,502.32 1 1
github.com/scttfrdmn/cargoship/pkg/inventory/inventory.go:502.32,505.19 1 1
github.com/scttfrdmn/cargoship/pkg/inventory/inventory.go:505.19,507.4 1 1
github.com/scttfrdmn/cargoship/pkg/inventory/inventory.go:507.9,509.18 2 1
github.com/scttfrdmn/cargoship/pkg/inventory/inventory.go:509.18,511.5 1 1
github.com/scttfrdmn/cargoship/pkg/inventory/inventory.go:513.4,514.41 2 1
github.com/scttfrdmn/cargoship/pkg/inventory/inventory.go:514.41,515.30 1 1
github.com/scttfrdmn/cargoship/pkg/inventory/inventory.go:515.30,519.11 4 1
github.com/scttfrdmn/cargoship/pkg/inventory/inventory.go:522.4,522.15 1 1
github.com/scttfrdmn/cargoship/pkg/inventory/inventory.go:522.15,531.5 4 1
github.com/scttfrdmn/cargoship/pkg/inventory/inventory.go:534.3,534.31 1 1
github.com/scttfrdmn/cargoship/pkg/inventory/inventory.go:534.31,536.4 1 1
github.com/scttfrdmn/cargoship/pkg/inventory/inventory.go:538.3,538.58 1 1
github.com/scttfrdmn/cargoship/pkg/inventory/inventory.go:538.58,540.4 1 1
github.com/scttfrdmn/cargoship/pkg/inventory/inventory.go:541.3,543.22 3 1
github.com/scttfrdmn/cargoship/pkg/inventory/inventory.go:546.2,546.38 1 1
github.com/scttfrdmn/cargoship/pkg/inventory/inventory.go:546.38,548.3 1 1
github.com/scttfrdmn/cargoship/pkg/inventory/inventory.go:549.2,551.12 3 1
github.com/scttfrdmn/cargoship/pkg/inventory/inventory.go:555.63,559.23 2 1
github.com/scttfrdmn/cargoship/pkg/inventory/inventory.go:559.23,561.3 1 1
github.com/scttfrdmn/cargoship/pkg/inventory/inventory.go:562.2,562.37 1 1
github.com/scttfrdmn/cargoship/pkg/inventory/inventory.go:562.37,564.3 1 1
github.com/scttfrdmn/cargoship/pkg/inventory/inventory.go:566.2,566.32 1 1
github.com/scttfrdmn/cargoship/pkg/inventory/inventory.go:566.32,568.3 1 1
github.com/scttfrdmn/cargoship/pkg/inventory/inventory.go:570.2,572.18 3 1
github.com/scttfrdmn/cargoship/pkg/inventory/inventory.go:572.18,574.3 1 0
github.com/scttfrdmn/cargoship/pkg/inventory/inventory.go:577.2,578.41 2 1
github.com/scttfrdmn/cargoship/pkg/inventory/inventory.go:578.41,580.3 1 0
github.com/scttfrdmn/cargoship/pkg/inventory/inventory.go:582.2,582.70 1 1
github.com/scttfrdmn/cargoship/pkg/inventory/inventory.go:582.70,588.3 1 1
github.com/scttfrdmn/cargoship/pkg/inventory/inventory.go:590.2,590.39 1 1
github.com/scttfrdmn/cargoship/pkg/inventory/inventory.go:590.39,591.24 1 1
github.com/scttfrdmn/cargoship/pkg/inventory/inventory.go:591.24,594.4 2 0
github.com/scttfrdmn/cargoship/pkg/inventory/inventory.go:595.3,597.17 3 1
github.com/scttfrdmn/cargoship/pkg/inventory/inventory.go:597.17,598.29 1 0
github.com/scttfrdmn/cargoship/pkg/inventory/inventory.go:598.29,600.5 1 0
github.com/scttfrdmn/cargoship/pkg/inventory/inventory.go:603.2,603.66 1 1
github.com/scttfrdmn/cargoship/pkg/inventory/inventory.go:603.66,605.3 1 0
github.com/scttfrdmn/cargoship/pkg/inventory/inventory.go:606.2,606.17 1 1
github.com/scttfrdmn/cargoship/pkg/inventory/inventory.go:610.65,612.16 2 1
github.com/scttfrdmn/cargoship/pkg/inventory/inventory.go:612.16,614.3 1 0
github.com/scttfrdmn/cargoship/pkg/inventory/inventory.go:615.2,615.38 1 1
github.com/scttfrdmn/cargoship/pkg/inventory/inventory.go:619.70,622.26 3 1
github.com/scttfrdmn/cargoship/pkg/inventory/inventory.go:622.26,624.17 2 1
github.com/scttfrdmn/cargoship/pkg/inventory/inventory.go:624.17,626.4 1 0
github.com/scttfrdmn/cargoship/pkg/inventory/inventory.go:627.3,628.17 2 1
github.com/scttfrdmn/cargoship/pkg/inventory/inventory.go:628.17,630.4 1 0
github.com/scttfrdmn/cargoship/pkg/inventory/inventory.go:631.3,631.25 1 1
github.com/scttfrdmn/cargoship/pkg/inventory/inventory.go:631.25,633.4 1 0
github.com/scttfrdmn/cargoship/pkg/inventory/inventory.go:634.3,634.24 1 1
github.com/scttfrdmn/cargoship/pkg/inventory/inventory.go:636.2,636.17 1 1
github.com/scttfrdmn/cargoship/pkg/inventory/inventory.go:639.22,649.2 3 1
github.com/scttfrdmn/cargoship/pkg/inventory/inventory.go:652.61,654.16 2 1
github.com/scttfrdmn/cargoship/pkg/inventory/inventory.go:654.16,656.3 1 0
github.com/scttfrdmn/cargoship/pkg/inventory/inventory.go:657.2,658.16 2 1
github.com/scttfrdmn/cargoship/pkg/inventory/inventory.go:658.16,660.3 1 0
github.com/scttfrdmn/cargoship/pkg/inventory/inventory.go:662.2,663.16 2 1
github.com/scttfrdmn/cargoship/pkg/inventory/inventory.go:663.16,665.3 1 0
github.com/scttfrdmn/cargoship/pkg/inventory/inventory.go:666.2,666.24 1 1
github.com/scttfrdmn/cargoship/pkg/inventory/inventory.go:670.71,673.13 3 1
github.com/scttfrdmn/cargoship/pkg/inventory/inventory.go:674.23,675.17 1 1
github.com/scttfrdmn/cargoship/pkg/inventory/inventory.go:676.10,677.63 1 1
github.com/scttfrdmn/cargoship/pkg/inventory/inventory.go:679.2,679.16 1 1
github.com/scttfrdmn/cargoship/pkg/inventory/inventory.go:691.50,692.26 1 1
github.com/scttfrdmn/cargoship/pkg/inventory/inventory.go:692.26,694.3 1 1
github.com/scttfrdmn/cargoship/pkg/inventory/inventory.go:698.47,699.14 1 1
github.com/scttfrdmn/cargoship/pkg/inventory/inventory.go:699.14,700.25 1 0
github.com/scttfrdmn/cargoship/pkg/inventory/inventory.go:700.26,700.27 0 0
github.com/scttfrdmn/cargoship/pkg/inventory/inventory.go:702.2,702.26 1 1
github.com/scttfrdmn/cargoship/pkg/inventory/inventory.go:702.26,723.19 16 1
github.com/scttfrdmn/cargoship/pkg/inventory/inventory.go:723.19,725.4 1 1
github.com/scttfrdmn/cargoship/pkg/inventory/inventory.go:726.3,727.20 2 1
github.com/scttfrdmn/cargoship/pkg/inventory/inventory.go:727.20,729.4 1 0
github.com/scttfrdmn/cargoship/pkg/inventory/inventory.go:733.78,735.28 2 1
github.com/scttfrdmn/cargoship/pkg/inventory/inventory.go:736.20,738.18 2 1
github.com/scttfrdmn/cargoship/pkg/inventory/inventory.go:738.18,740.4 1 1
github.com/scttfrdmn/cargoship/pkg/inventory/inventory.go:741.22,743.28 2 1
github.com/scttfrdmn/cargoship/pkg/inventory/inventory.go:743.28,745.4 1 1
github.com/scttfrdmn/cargoship/pkg/inventory/inventory.go:746.10,747.52 1 0
github.com/scttfrdmn/cargoship/pkg/inventory/inventory.go:751.72,753.28 2 1
github.com/scttfrdmn/cargoship/pkg/inventory/inventory.go:754.20,756.18 2 1
github.com/scttfrdmn/cargoship/pkg/inventory/inventory.go:756.18,758.4 1 0
github.com/scttfrdmn/cargoship/pkg/inventory/inventory.go:759.22,761.28 2 1
github.com/scttfrdmn/cargoship/pkg/inventory/inventory.go:761.28,763.4 1 1
github.com/scttfrdmn/cargoship/pkg/inventory/inventory.go:764.10,765.52 1 0
github.com/scttfrdmn/cargoship/pkg/inventory/inventory.go:769.64,771.28 2 1
github.com/scttfrdmn/cargoship/pkg/inventory/inventory.go:772.20,774.18 2 1
github.com/scttfrdmn/cargoship/pkg/inventory/inventory.go:774.18,776.4 1 1
github.com/scttfrdmn/cargoship/pkg/inventory/inventory.go:777.22,779.28 2 1
github.com/scttfrdmn/cargoship/pkg/inventory/inventory.go:779.28,781.4 1 1
github.com/scttfrdmn/cargoship/pkg/inventory/inventory.go:782.10,783.52 1 0
github.com/scttfrdmn/cargoship/pkg/inventory/inventory.go:787.69,789.28 2 1
github.com/scttfrdmn/cargoship/pkg/inventory/inventory.go:790.20,792.18 2 1
github.com/scttfrdmn/cargoship/pkg/inventory/inventory.go:792.18,794.4 1 1
github.com/scttfrdmn/cargoship/pkg/inventory/inventory.go:795.22,797.28 2 1
github.com/scttfrdmn/cargoship/pkg/inventory/inventory.go:797.28,799.4 1 0
github.com/scttfrdmn/cargoship/pkg/inventory/inventory.go:800.10,801.52 1 0
github.com/scttfrdmn/cargoship/pkg/inventory/inventory.go:805.79,807.28 2 1
github.com/scttfrdmn/cargoship/pkg/inventory/inventory.go:808.20,810.18 2 1
github.com/scttfrdmn/cargoship/pkg/inventory/inventory.go:810.18,812.4 1 1
github.com/scttfrdmn/cargoship/pkg/inventory/inventory.go:813.22,815.28 2 1
github.com/scttfrdmn/cargoship/pkg/inventory/inventory.go:815.28,817.4 1 0
github.com/scttfrdmn/cargoship/pkg/inventory/inventory.go:818.10,819.52 1 0
github.com/scttfrdmn/cargoship/pkg/inventory/inventory.go:823.70,825.28 2 1
github.com/scttfrdmn/cargoship/pkg/inventory/inventory.go:826.20,828.18 2 1
github.com/scttfrdmn/cargoship/pkg/inventory/inventory.go:828.18,830.4 1 1
github.com/scttfrdmn/cargoship/pkg/inventory/inventory.go:831.22,833.28 2 1
github.com/scttfrdmn/cargoship/pkg/inventory/inventory.go:833.28,835.4 1 1
github.com/scttfrdmn/cargoship/pkg/inventory/inventory.go:836.10,837.52 1 0
github.com/scttfrdmn/cargoship/pkg/inventory/inventory.go:841.72,843.28 2 1
github.com/scttfrdmn/cargoship/pkg/inventory/inventory.go:844.20,846.18 2 1
github.com/scttfrdmn/cargoship/pkg/inventory/inventory.go:846.18,848.4 1 0
github.com/scttfrdmn/cargoship/pkg/inventory/inventory.go:849.22,851.28 2 1
github.com/scttfrdmn/cargoship/pkg/inventory/inventory.go:851.28,853.4 1 1
github.com/scttfrdmn/cargoship/pkg/inventory/inventory.go:854.10,855.52 1 0
github.com/scttfrdmn/cargoship/pkg/inventory/inventory.go:859.68,861.28 2 1
github.com/scttfrdmn/cargoship/pkg/inventory/inventory.go:862.20,864.18 2 1
github.com/scttfrdmn/cargoship/pkg/inventory/inventory.go:864.18,866.4 1 0
github.com/scttfrdmn/cargoship/pkg/inventory/inventory.go:867.22,869.28 2 1
github.com/scttfrdmn/cargoship/pkg/inventory/inventory.go:869.28,871.4 1 1
github.com/scttfrdmn/cargoship/pkg/inventory/inventory.go:872.10,873.52 1 0
github.com/scttfrdmn/cargoship/pkg/inventory/inventory.go:877.67,879.28 2 1
github.com/scttfrdmn/cargoship/pkg/inventory/inventory.go:880.20,882.18 2 1
github.com/scttfrdmn/cargoship/pkg/inventory/inventory.go:882.18,884.4 1 0
github.com/scttfrdmn/cargoship/pkg/inventory/inventory.go:885.22,887.28 2 1
github.com/scttfrdmn/cargoship/pkg/inventory/inventory.go:887.28,889.4 1 1
github.com/scttfrdmn/cargoship/pkg/inventory/inventory.go:890.10,891.52 1 0
github.com/scttfrdmn/cargoship/pkg/inventory/inventory.go:895.74,897.28 2 1
github.com/scttfrdmn/cargoship/pkg/inventory/inventory.go:898.20,900.18 2 1
github.com/scttfrdmn/cargoship/pkg/inventory/inventory.go:900.18,906.4 1 0
github.com/scttfrdmn/cargoship/pkg/inventory/inventory.go:907.22,909.28 2 1
github.com/scttfrdmn/cargoship/pkg/inventory/inventory.go:909.28,915.4 1 0
github.com/scttfrdmn/cargoship/pkg/inventory/inventory.go:916.10,917.52 1 0
github.com/scttfrdmn/cargoship/pkg/inventory/inventory.go:921.74,923.28 2 1
github.com/scttfrdmn/cargoship/pkg/inventory/inventory.go:924.20,926.18 2 1
github.com/scttfrdmn/cargoship/pkg/inventory/inventory.go:926.18,928.4 1 0
github.com/scttfrdmn/cargoship/pkg/inventory/inventory.go:929.22,931.28 2 1
github.com/scttfrdmn/cargoship/pkg/inventory/inventory.go:931.28,933.4 1 0
github.com/scttfrdmn/cargoship/pkg/inventory/inventory.go:934.10,935.52 1 0
github.com/scttfrdmn/cargoship/pkg/inventory/inventory.go:939.72,941.28 2 1
github.com/scttfrdmn/cargoship/pkg/inventory/inventory.go:942.20,944.18 2 1
github.com/scttfrdmn/cargoship/pkg/inventory/inventory.go:944.18,946.4 1 1
github.com/scttfrdmn/cargoship/pkg/inventory/inventory.go:947.22,949.28 2 1
github.com/scttfrdmn/cargoship/pkg/inventory/inventory.go:949.28,951.4 1 1
github.com/scttfrdmn/cargoship/pkg/inventory/inventory.go:952.10,953.52 1 0
github.com/scttfrdmn/cargoship/pkg/inventory/inventory.go:957.73,959.28 2 1
github.com/scttfrdmn/cargoship/pkg/inventory/inventory.go:960.20,962.18 2 1
github.com/scttfrdmn/cargoship/pkg/inventory/inventory.go:962.18,964.4 1 1
github.com/scttfrdmn/cargoship/pkg/inventory/inventory.go:965.22,966.83 1 1
github.com/scttfrdmn/cargoship/pkg/inventory/inventory.go:967.10,968.52 1 0
github.com/scttfrdmn/cargoship/pkg/inventory/inventory.go:972.62,974.28 2 1
github.com/scttfrdmn/cargoship/pkg/inventory/inventory.go:975.20,977.18 2 1
github.com/scttfrdmn/cargoship/pkg/inventory/inventory.go:977.18,979.4 1 1
github.com/scttfrdmn/cargoship/pkg/inventory/inventory.go:980.22,982.28 2 1
github.com/scttfrdmn/cargoship/pkg/inventory/inventory.go:982.28,984.4 1 1
github.com/scttfrdmn/cargoship/pkg/inventory/inventory.go:985.10,986.52 1 0
github.com/scttfrdmn/cargoship/pkg/inventory/inventory.go:990.41,992.16 2 1
github.com/scttfrdmn/cargoship/pkg/inventory/inventory.go:992.16,993.13 1 0
github.com/scttfrdmn/cargoship/pkg/inventory/inventory.go:995.2,995.25 1 1
github.com/scttfrdmn/cargoship/pkg/inventory/inventory.go:998.36,999.23 1 1
github.com/scttfrdmn/cargoship/pkg/inventory/inventory.go:999.23,1000.40 1 0
github.com/scttfrdmn/cargoship/pkg/inventory/inventory.go:1002.2,1002.17 1 1
github.com/scttfrdmn/cargoship/pkg/inventory/inventory.go:1006.66,1007.26 1 1
github.com/scttfrdmn/cargoship/pkg/inventory/inventory.go:1007.26,1024.20 15 1
github.com/scttfrdmn/cargoship/pkg/inventory/inventory.go:1024.20,1026.4 1 1
github.com/scttfrdmn/cargoship/pkg/inventory/inventory.go:1035.40,1039.2 1 1
github.com/scttfrdmn/cargoship/pkg/inventory/inventory.go:1067.53,1068.25 1 1
github.com/scttfrdmn/cargoship/pkg/inventory/inventory.go:1068.25,1075.3 2 1
github.com/scttfrdmn/cargoship/pkg/inventory/inventory.go:1076.2,1076.12 1 1
github.com/scttfrdmn/cargoship/pkg/inventory/inventory.go:1079.61,1081.20 1 1
github.com/scttfrdmn/cargoship/pkg/inventory/inventory.go:1081.20,1083.3 1 1
github.com/scttfrdmn/cargoship/pkg/inventory/inventory.go:1084.2,1084.27 1 0
github.com/scttfrdmn/cargoship/pkg/inventory/inventory.go:1087.64,1089.39 2 1
github.com/scttfrdmn/cargoship/pkg/inventory/inventory.go:1089.39,1091.17 2 1
github.com/scttfrdmn/cargoship/pkg/inventory/inventory.go:1091.17,1093.4 1 0
github.com/scttfrdmn/cargoship/pkg/inventory/inventory.go:1094.3,1094.26 1 1
github.com/scttfrdmn/cargoship/pkg/inventory/inventory.go:1094.26,1096.4 1 1
github.com/scttfrdmn/cargoship/pkg/inventory/inventory.go:1098.2,1098.26 1 1
github.com/scttfrdmn/cargoship/pkg/inventory/inventory.go:1112.43,1115.16 2 1
github.com/scttfrdmn/cargoship/pkg/inventory/inventory.go:1115.16,1118.3 1 1
github.com/scttfrdmn/cargoship/pkg/inventory/inventory.go:1119.2,1123.19 3 0
github.com/scttfrdmn/cargoship/pkg/inventory/inventory.go:1123.19,1125.3 1 0
github.com/scttfrdmn/cargoship/pkg/inventory/inventory.go:1126.2,1126.16 1 0
github.com/scttfrdmn/cargoship/pkg/inventory/inventory.go:1126.16,1128.3 1 0
github.com/scttfrdmn/cargoship/pkg/inventory/inventory.go:1129.2,1129.19 1 0
github.com/scttfrdmn/cargoship/pkg/inventory/inventory.go:1132.63,1136.59 2 1
github.com/scttfrdmn/cargoship/pkg/inventory/inventory.go:1136.59,1137.18 1 1
github.com/scttfrdmn/cargoship/pkg/inventory/inventory.go:1137.18,1139.5 1 1
github.com/scttfrdmn/cargoship/pkg/inventory/inventory.go:1141.4,1142.22 2 1
github.com/scttfrdmn/cargoship/pkg/inventory/inventory.go:1142.22,1144.37 2 1
github.com/scttfrdmn/cargoship/pkg/inventory/inventory.go:1144.37,1146.6 1 1
github.com/scttfrdmn/cargoship/pkg/inventory/inventory.go:1147.5,1147.18 1 1
github.com/scttfrdmn/cargoship/pkg/inventory/inventory.go:1150.4,1153.52 3 1
github.com/scttfrdmn/cargoship/pkg/inventory/inventory.go:1153.52,1155.5 1 1
github.com/scttfrdmn/cargoship/pkg/inventory/inventory.go:1157.4,1164.81 2 1
github.com/scttfrdmn/cargoship/pkg/inventory/inventory.go:1164.81,1166.62 2 1
github.com/scttfrdmn/cargoship/pkg/inventory/inventory.go:1166.62,1168.6 1 1
github.com/scttfrdmn/cargoship/pkg/inventory/inventory.go:1171.4,1174.58 3 1
github.com/scttfrdmn/cargoship/pkg/inventory/inventory.go:1174.58,1176.5 1 1
github.com/scttfrdmn/cargoship/pkg/inventory/inventory.go:1178.4,1178.14 1 1
github.com/scttfrdmn/cargoship/pkg/inventory/inventory.go:1182.17,1184.3 1 1
github.com/scttfrdmn/cargoship/pkg/inventory/inventory.go:1185.2,1185.12 1 1
github.com/scttfrdmn/cargoship/pkg/inventory/inventory.go:1189.52,1191.17 2 1
github.com/scttfrdmn/cargoship/pkg/inventory/inventory.go:1191.17,1194.3 2 0
github.com/scttfrdmn/cargoship/pkg/inventory/inventory.go:1195.2,1196.17 2 1
github.com/scttfrdmn/cargoship/pkg/inventory/inventory.go:1196.17,1199.3 2 0
github.com/scttfrdmn/cargoship/pkg/inventory/inventory.go:1201.2,1201.15 1 1
github.com/scttfrdmn/cargoship/pkg/inventory/inventory.go:1201.15,1203.3 1 1
github.com/scttfrdmn/cargoship/pkg/inventory/inventory.go:1204.2,1204.22 1 1
github.com/scttfrdmn/cargoship/pkg/inventory/inventory.go:1207.55,1208.66 1 1
github.com/scttfrdmn/cargoship/pkg/inventory/inventory.go:1208.66,1211.3 2 1
github.com/scttfrdmn/cargoship/pkg/inventory/inventory.go:1212.2,1212.12 1 1
github.com/scttfrdmn/cargoship/pkg/inventory/inventory.go:1216.51,1218.19 2 1
github.com/scttfrdmn/cargoship/pkg/inventory/inventory.go:1218.19,1219.14 1 1
github.com/scttfrdmn/cargoship/pkg/inventory/inventory.go:1219.14,1221.4 1 1
github.com/scttfrdmn/cargoship/pkg/inventory/inventory.go:1223.2,1224.12 2 1
github.com/scttfrdmn/cargoship/pkg/inventory/inventory.go:1228.81,1230.22 2 1
github.com/scttfrdmn/cargoship/pkg/inventory/inventory.go:1230.22,1232.3 1 1
github.com/scttfrdmn/cargoship/pkg/inventory/inventory.go:1233.2,1233.12 1 1
github.com/scttfrdmn/cargoship/pkg/inventory/inventory.go:1237.64,1239.28 2 1
github.com/scttfrdmn/cargoship/pkg/inventory/inventory.go:1239.28,1241.17 2 1
github.com/scttfrdmn/cargoship/pkg/inventory/inventory.go:1241.17,1243.4 1 0
github.com/scttfrdmn/cargoship/pkg/inventory/inventory.go:1244.3,1244.45 1 1
github.com/scttfrdmn/cargoship/pkg/inventory/inventory.go:1246.2,1246.17 1 1
github.com/scttfrdmn/cargoship/pkg/inventory/inventory.go:1250.36,1252.16 2 1
github.com/scttfrdmn/cargoship/pkg/inventory/inventory.go:1252.16,1254.3 1 0
github.com/scttfrdmn/cargoship/pkg/inventory/inventory.go:1255.2,1255.25 1 1
github.com/scttfrdmn/cargoship/pkg/inventory/inventory.go:1259.65,1260.29 1 1
github.com/scttfrdmn/cargoship/pkg/inventory/inventory.go:1260.29,1261.50 1 1
github.com/scttfrdmn/cargoship/pkg/inventory/inventory.go:1261.50,1264.4 2 1
github.com/scttfrdmn/cargoship/pkg/inventory/inventory.go:1266.2,1266.14 1 1
github.com/scttfrdmn/cargoship/pkg/inventory/inventory.go:1271.58,1273.2 1 1
github.com/scttfrdmn/cargoship/pkg/inventory/inventory.go:1276.39,1280.2 3 1
github.com/scttfrdmn/cargoship/pkg/inventory/inventory.go:1283.36,1308.2 23 1
github.com/scttfrdmn/cargoship/pkg/inventory/inventory.go:1311.106,1312.28 1 1
github.com/scttfrdmn/cargoship/pkg/inventory/inventory.go:1313.12,1316.23 3 1
github.com/scttfrdmn/cargoship/pkg/inventory/inventory.go:1317.15,1320.23 3 1
github.com/scttfrdmn/cargoship/pkg/inventory/inventory.go:1321.17,1324.23 3 0
github.com/scttfrdmn/cargoship/pkg/inventory/inventory.go:1325.13,1328.23 3 1
github.com/scttfrdmn/cargoship/pkg/inventory/inventory.go:1329.14,1332.23 3 0
github.com/scttfrdmn/cargoship/pkg/inventory/inventory.go:1333.18,1336.23 3 0
github.com/scttfrdmn/cargoship/pkg/inventory/inventory.go:1337.10,1338.76 1 0
github.com/scttfrdmn/cargoship/pkg/inventory/inventory.go:1342.28,1343.16 1 1
github.com/scttfrdmn/cargoship/pkg/inventory/inventory.go:1343.16,1344.13 1 0
github.com/scttfrdmn/cargoship/pkg/inventory/inventory.go:1348.38,1350.9 2 1
github.com/scttfrdmn/cargoship/pkg/inventory/inventory.go:1350.9,1351.50 1 0
github.com/scttfrdmn/cargoship/pkg/inventory/inventory.go:1353.2,1353.11 1 1
github.com/scttfrdmn/cargoship/pkg/inventory/inventory.go:1356.42,1358.9 2 1
github.com/scttfrdmn/cargoship/pkg/inventory/inventory.go:1358.9,1359.52 1 0
github.com/scttfrdmn/cargoship/pkg/inventory/inventory.go:1361.2,1361.11 1 1
github.com/scttfrdmn/cargoship/pkg/inventory/inventory.go:1387.52,1392.29 4 1
github.com/scttfrdmn/cargoship/pkg/inventory/inventory.go:1392.29,1394.70 2 1
github.com/scttfrdmn/cargoship/pkg/inventory/inventory.go:1394.70,1396.4 1 1
github.com/scttfrdmn/cargoship/pkg/inventory/inventory.go:1399.3,1399.36 1 1
github.com/scttfrdmn/cargoship/pkg/inventory/inventory.go:1399.36,1400.66 1 0
github.com/scttfrdmn/cargoship/pkg/inventory/inventory.go:1400.66,1402.10 2 0
github.com/scttfrdmn/cargoship/pkg/inventory/inventory.go:1407.3,1407.69 1 1
github.com/scttfrdmn/cargoship/pkg/inventory/inventory.go:1407.69,1409.4 1 1
github.com/scttfrdmn/cargoship/pkg/inventory/inventory.go:1411.2,1414.25 3 1
github.com/scttfrdmn/cargoship/pkg/inventory/inventory.go:1414.25,1424.3 3 1
github.com/scttfrdmn/cargoship/pkg/inventory/inventory.go:1426.2,1426.10 1 1
github.com/scttfrdmn/cargoship/pkg/inventory/inventory.go:1430.58,1433.24 3 1
github.com/scttfrdmn/cargoship/pkg/inventory/inventory.go:1433.24,1434.42 1 1
github.com/scttfrdmn/cargoship/pkg/inventory/inventory.go:1434.42,1436.44 2 1
github.com/scttfrdmn/cargoship/pkg/inventory/inventory.go:1436.44,1438.5 1 1
github.com/scttfrdmn/cargoship/pkg/inventory/inventory.go:1441.2,1441.15 1 1
github.com/scttfrdmn/cargoship/pkg/inventory/inventory.go:1444.57,1446.26 2 1
github.com/scttfrdmn/cargoship/pkg/inventory/inventory.go:1446.26,1448.3 1 1
github.com/scttfrdmn/cargoship/pkg/inventory/inventory.go:1449.2,1449.25 1 1
github.com/scttfrdmn/cargoship/pkg/inventory/inventory.go:1453.49,1454.39 1 1
github.com/scttfrdmn/cargoship/pkg/inventory/inventory.go:1454.39,1456.3 1 1
github.com/scttfrdmn/cargoship/pkg/inventory/inventory.go:1458.2,1459.26 2 1
github.com/scttfrdmn/cargoship/pkg/inventory/inventory.go:1459.26,1461.30 2 1
github.com/scttfrdmn/cargoship/pkg/inventory/inventory.go:1461.30,1463.4 1 1
github.com/scttfrdmn/cargoship/pkg/inventory/inventory.go:1465.2,1465.12 1 1
github.com/scttfrdmn/cargoship/pkg/inventory/inventory.go:1468.48,1469.22 1 1
github.com/scttfrdmn/cargoship/pkg/inventory/inventory.go:1469.22,1470.13 1 1
github.com/scttfrdmn/cargoship/pkg/inventory/inventory.go:1470.13,1472.4 1 1
github.com/scttfrdmn/cargoship/pkg/inventory/inventory.go:1474.2,1474.14 1 1
github.com/scttfrdmn/cargoship/pkg/inventory/inventory.go:1478.46,1480.16 2 1
github.com/scttfrdmn/cargoship/pkg/inventory/inventory.go:1480.16,1482.3 1 0
github.com/scttfrdmn/cargoship/pkg/inventory/inventory.go:1483.2,1492.84 7 1
github.com/scttfrdmn/cargoship/pkg/inventory/inventory.go:1492.84,1493.21 1 1
github.com/scttfrdmn/cargoship/pkg/inventory/inventory.go:1493.21,1495.4 1 0
github.com/scttfrdmn/cargoship/pkg/inventory/inventory.go:1498.3,1499.27 2 1
github.com/scttfrdmn/cargoship/pkg/inventory/inventory.go:1499.27,1502.4 2 0
github.com/scttfrdmn/cargoship/pkg/inventory/inventory.go:1505.3,1506.23 2 1
github.com/scttfrdmn/cargoship/pkg/inventory/inventory.go:1506.23,1509.4 2 0
github.com/scttfrdmn/cargoship/pkg/inventory/inventory.go:1512.3,1512.25 1 1
github.com/scttfrdmn/cargoship/pkg/inventory/inventory.go:1512.25,1515.4 2 1
github.com/scttfrdmn/cargoship/pkg/inventory/inventory.go:1516.3,1520.71 2 1
github.com/scttfrdmn/cargoship/pkg/inventory/inventory.go:1520.71,1523.4 1 0
github.com/scttfrdmn/cargoship/pkg/inventory/inventory.go:1525.3,1526.17 2 1
github.com/scttfrdmn/cargoship/pkg/inventory/inventory.go:1526.17,1529.4 2 1
github.com/scttfrdmn/cargoship/pkg/inventory/inventory.go:1530.3,1530.13 1 1
github.com/scttfrdmn/cargoship/pkg/inventory/inventory.go:1532.2,1532.16 1 1
github.com/scttfrdmn/cargoship/pkg/inventory/inventory.go:1532.16,1534.3 1 0
github.com/scttfrdmn/cargoship/pkg/inventory/inventory.go:1537.2,1537.40 1 1
github.com/scttfrdmn/cargoship/pkg/inventory/inventory.go:1537.40,1539.3 1 1
github.com/scttfrdmn/cargoship/pkg/inventory/inventory.go:1542.2,1543.17 2 1
github.com/scttfrdmn/cargoship/pkg/inventory/inventory.go:1546.40,1550.2 3 1
github.com/scttfrdmn/cargoship/pkg/inventory/inventory.go:1556.58,1558.23 2 1
github.com/scttfrdmn/cargoship/pkg/inventory/inventory.go:1558.23,1559.79 1 1
github.com/scttfrdmn/cargoship/pkg/inventory/inventory.go:1559.79,1560.75 1 1
github.com/scttfrdmn/cargoship/pkg/inventory/inventory.go:1560.75,1562.19 2 1
github.com/scttfrdmn/cargoship/pkg/inventory/inventory.go:1562.19,1564.6 1 0
github.com/scttfrdmn/cargoship/pkg/inventory/inventory.go:1565.5,1565.19 1 1
github.com/scttfrdmn/cargoship/pkg/inventory/inventory.go:1567.4,1567.14 1 1
github.com/scttfrdmn/cargoship/pkg/inventory/inventory.go:1569.3,1569.17 1 1
github.com/scttfrdmn/cargoship/pkg/inventory/inventory.go:1569.17,1571.4 1 0
github.com/scttfrdmn/cargoship/pkg/inventory/inventory.go:1573.2,1573.18 1 1
github.com/scttfrdmn/cargoship/pkg/inventory/inventory.go:1581.31,1582.30 1 1
github.com/scttfrdmn/cargoship/pkg/inventory/inventory.go:1582.30,1583.32 1 1
github.com/scttfrdmn/cargoship/pkg/inventory/inventory.go:1583.32,1585.4 1 1
github.com/scttfrdmn/cargoship/pkg/inventory/inventory.go:1587.2,1587.14 1 1
github.com/scttfrdmn/cargoship/pkg/inventory/inventory.go:1590.26,1591.34 1 1
github.com/scttfrdmn/cargoship/pkg/inventory/inventory.go:1591.34,1593.3 1 1
github.com/scttfrdmn/cargoship/pkg/inventory/vaml.go:21.57,22.14 1 1
github.com/scttfrdmn/cargoship/pkg/inventory/vaml.go:22.14,24.3 1 1
github.com/scttfrdmn/cargoship/pkg/inventory/vaml.go:25.2,25.14 1 1
github.com/scttfrdmn/cargoship/pkg/inventory/vaml.go:25.14,27.3 1 1
github.com/scttfrdmn/cargoship/pkg/inventory/vaml.go:29.2,31.15 3 1
github.com/scttfrdmn/cargoship/pkg/inventory/vaml.go:31.15,33.17 2 1
github.com/scttfrdmn/cargoship/pkg/inventory/vaml.go:33.17,34.14 1 0
github.com/scttfrdmn/cargoship/pkg/inventory/vaml.go:39.2,42.22 4 1
github.com/scttfrdmn/cargoship/pkg/inventory/vaml.go:46.52,49.16 3 1
github.com/scttfrdmn/cargoship/pkg/inventory/vaml.go:49.16,51.3 1 1
github.com/scttfrdmn/cargoship/pkg/inventory/vaml.go:52.2,52.24 1 1
github.com/scttfrdmn/cargoship/pkg/plugins/transporters/transporter.go:30.31,35.24 3 1
github.com/scttfrdmn/cargoship/pkg/plugins/transporters/transporter.go:35.24,37.17 2 1
github.com/scttfrdmn/cargoship/pkg/plugins/transporters/transporter.go:37.17,39.4 1 0
github.com/scttfrdmn/cargoship/pkg/plugins/transporters/transporter.go:41.2,41.12 1 1
github.com/scttfrdmn/cargoship/pkg/plugins/transporters/transporter.go:45.36,48.2 2 1
github.com/scttfrdmn/cargoship/pkg/progress/tracker.go:70.60,79.2 1 1
github.com/scttfrdmn/cargoship/pkg/progress/tracker.go:82.76,87.2 1 1
github.com/scttfrdmn/cargoship/pkg/progress/tracker.go:90.58,94.2 3 1
github.com/scttfrdmn/cargoship/pkg/progress/tracker.go:97.51,102.2 4 1
github.com/scttfrdmn/cargoship/pkg/progress/tracker.go:105.41,110.2 4 1
github.com/scttfrdmn/cargoship/pkg/progress/tracker.go:113.34,119.2 5 1
github.com/scttfrdmn/cargoship/pkg/progress/tracker.go:122.39,129.39 5 1
github.com/scttfrdmn/cargoship/pkg/progress/tracker.go:129.39,131.3 1 1
github.com/scttfrdmn/cargoship/pkg/progress/tracker.go:135.48,139.2 3 1
github.com/scttfrdmn/cargoship/pkg/progress/tracker.go:142.30,152.39 7 1
github.com/scttfrdmn/cargoship/pkg/progress/tracker.go:152.39,154.3 1 1
github.com/scttfrdmn/cargoship/pkg/progress/tracker.go:158.56,163.22 4 1
github.com/scttfrdmn/cargoship/pkg/progress/tracker.go:163.22,165.3 1 1
github.com/scttfrdmn/cargoship/pkg/progress/tracker.go:168.2,169.27 2 1
github.com/scttfrdmn/cargoship/pkg/progress/tracker.go:169.27,171.3 1 1
github.com/scttfrdmn/cargoship/pkg/progress/tracker.go:174.2,174.41 1 1
github.com/scttfrdmn/cargoship/pkg/progress/tracker.go:174.41,176.3 1 1
github.com/scttfrdmn/cargoship/pkg/progress/tracker.go:179.2,180.50 2 1
github.com/scttfrdmn/cargoship/pkg/progress/tracker.go:180.50,183.3 2 1
github.com/scttfrdmn/cargoship/pkg/progress/tracker.go:186.2,187.23 2 1
github.com/scttfrdmn/cargoship/pkg/progress/tracker.go:187.23,189.3 1 1
github.com/scttfrdmn/cargoship/pkg/progress/tracker.go:191.2,207.3 1 1
github.com/scttfrdmn/cargoship/pkg/progress/tracker.go:211.37,215.46 2 1
github.com/scttfrdmn/cargoship/pkg/progress/tracker.go:215.46,217.3 1 1
github.com/scttfrdmn/cargoship/pkg/progress/tracker.go:219.2,222.39 3 1
github.com/scttfrdmn/cargoship/pkg/progress/tracker.go:222.39,224.3 1 1
github.com/scttfrdmn/cargoship/pkg/progress/tracker.go:228.69,232.44 2 1
github.com/scttfrdmn/cargoship/pkg/progress/tracker.go:232.44,234.3 1 1
github.com/scttfrdmn/cargoship/pkg/progress/tracker.go:235.2,241.32 5 1
github.com/scttfrdmn/cargoship/pkg/progress/tracker.go:241.32,242.17 1 1
github.com/scttfrdmn/cargoship/pkg/progress/tracker.go:242.17,244.4 1 1
github.com/scttfrdmn/cargoship/pkg/progress/tracker.go:244.9,246.4 1 1
github.com/scttfrdmn/cargoship/pkg/progress/tracker.go:250.2,252.19 2 1
github.com/scttfrdmn/cargoship/pkg/progress/tracker.go:252.19,258.31 2 1
github.com/scttfrdmn/cargoship/pkg/progress/tracker.go:258.31,260.4 1 1
github.com/scttfrdmn/cargoship/pkg/progress/tracker.go:262.3,262.28 1 1
github.com/scttfrdmn/cargoship/pkg/progress/tracker.go:262.28,264.4 1 1
github.com/scttfrdmn/cargoship/pkg/progress/tracker.go:268.2,268.35 1 1
github.com/scttfrdmn/cargoship/pkg/progress/tracker.go:268.35,270.3 1 0
github.com/scttfrdmn/cargoship/pkg/progress/tracker.go:274.69,279.27 4 1
github.com/scttfrdmn/cargoship/pkg/progress/tracker.go:279.27,281.3 1 1
github.com/scttfrdmn/cargoship/pkg/progress/tracker.go:285.77,290.2 2 1
github.com/scttfrdmn/cargoship/pkg/progress/tracker.go:293.38,295.18 2 1
github.com/scttfrdmn/cargoship/pkg/progress/tracker.go:295.18,297.3 1 1
github.com/scttfrdmn/cargoship/pkg/progress/tracker.go:299.2,300.46 2 1
github.com/scttfrdmn/cargoship/pkg/progress/tracker.go:300.46,303.3 2 1
github.com/scttfrdmn/cargoship/pkg/progress/tracker.go:305.2,306.23 2 1
github.com/scttfrdmn/cargoship/pkg/progress/tracker.go:306.23,308.3 1 1
github.com/scttfrdmn/cargoship/pkg/progress/tracker.go:309.2,309.72 1 1
github.com/scttfrdmn/cargoship/pkg/progress/tracker.go:313.45,314.12 1 1
github.com/scttfrdmn/cargoship/pkg/progress/tracker.go:314.12,316.3 1 1
github.com/scttfrdmn/cargoship/pkg/progress/tracker.go:318.2,318.21 1 1
github.com/scttfrdmn/cargoship/pkg/progress/tracker.go:318.21,320.3 1 1
github.com/scttfrdmn/cargoship/pkg/progress/tracker.go:322.2,322.19 1 1
github.com/scttfrdmn/cargoship/pkg/progress/tracker.go:322.19,326.3 3 1
github.com/scttfrdmn/cargoship/pkg/progress/tracker.go:328.2,330.47 3 1
github.com/scttfrdmn/cargoship/pkg/progress/tracker.go:339.92,343.2 1 1
github.com/scttfrdmn/cargoship/pkg/progress/tracker.go:346.66,347.25 1 1
github.com/scttfrdmn/cargoship/pkg/progress/tracker.go:347.25,349.3 1 1
github.com/scttfrdmn/cargoship/pkg/progress/tracker.go:353.66,354.25 1 1
github.com/scttfrdmn/cargoship/pkg/progress/tracker.go:354.25,356.3 1 1
github.com/scttfrdmn/cargoship/pkg/progress/tracker.go:360.74,361.25 1 1
github.com/scttfrdmn/cargoship/pkg/progress/tracker.go:361.25,363.3 1 1
github.com/scttfrdmn/cargoship/pkg/plugins/transporters/shell/shell.go:25.62,27.2 1 1
github.com/scttfrdmn/cargoship/pkg/plugins/transporters/shell/shell.go:30.37,31.32 1 1
github.com/scttfrdmn/cargoship/pkg/plugins/transporters/shell/shell.go:31.32,33.3 1 1
github.com/scttfrdmn/cargoship/pkg/plugins/transporters/shell/shell.go:35.2,35.25 1 1
github.com/scttfrdmn/cargoship/pkg/plugins/transporters/shell/shell.go:35.25,38.3 2 1
github.com/scttfrdmn/cargoship/pkg/plugins/transporters/shell/shell.go:40.2,49.35 7 1
github.com/scttfrdmn/cargoship/pkg/plugins/transporters/shell/shell.go:49.35,51.3 1 1
github.com/scttfrdmn/cargoship/pkg/plugins/transporters/shell/shell.go:53.2,53.12 1 1
github.com/scttfrdmn/cargoship/pkg/plugins/transporters/shell/shell.go:57.46,60.12 2 1
github.com/scttfrdmn/cargoship/pkg/plugins/transporters/shell/shell.go:60.12,61.7 1 1
github.com/scttfrdmn/cargoship/pkg/plugins/transporters/shell/shell.go:61.7,63.4 1 1
github.com/scttfrdmn/cargoship/pkg/plugins/transporters/shell/shell.go:65.2,65.35 1 1
github.com/scttfrdmn/cargoship/pkg/plugins/transporters/shell/shell.go:69.87,70.57 1 1
github.com/scttfrdmn/cargoship/pkg/plugins/transporters/shell/shell.go:70.57,72.3 1 0
github.com/scttfrdmn/cargoship/pkg/plugins/transporters/shell/shell.go:73.2,83.35 8 1
github.com/scttfrdmn/cargoship/pkg/plugins/transporters/shell/shell.go:83.35,85.3 1 0
github.com/scttfrdmn/cargoship/pkg/plugins/transporters/shell/shell.go:87.2,87.12 1 1
github.com/scttfrdmn/cargoship/pkg/suitcase/suitcase.go:59.109,61.47 2 1
github.com/scttfrdmn/cargoship/pkg/suitcase/suitcase.go:61.47,62.41 1 1
github.com/scttfrdmn/cargoship/pkg/suitcase/suitcase.go:62.41,64.4 1 1
github.com/scttfrdmn/cargoship/pkg/suitcase/suitcase.go:66.2,66.48 1 1
github.com/scttfrdmn/cargoship/pkg/suitcase/suitcase.go:69.33,71.23 2 1
github.com/scttfrdmn/cargoship/pkg/suitcase/suitcase.go:71.23,73.3 1 1
github.com/scttfrdmn/cargoship/pkg/suitcase/suitcase.go:74.2,74.25 1 1
github.com/scttfrdmn/cargoship/pkg/suitcase/suitcase.go:78.31,80.2 1 1
github.com/scttfrdmn/cargoship/pkg/suitcase/suitcase.go:83.38,84.31 1 1
github.com/scttfrdmn/cargoship/pkg/suitcase/suitcase.go:84.31,87.3 2 1
github.com/scttfrdmn/cargoship/pkg/suitcase/suitcase.go:88.2,88.84 1 1
github.com/scttfrdmn/cargoship/pkg/suitcase/suitcase.go:92.48,94.2 1 1
github.com/scttfrdmn/cargoship/pkg/suitcase/suitcase.go:105.68,107.44 1 1
github.com/scttfrdmn/cargoship/pkg/suitcase/suitcase.go:107.44,109.3 1 1
github.com/scttfrdmn/cargoship/pkg/suitcase/suitcase.go:111.2,111.44 1 1
github.com/scttfrdmn/cargoship/pkg/suitcase/suitcase.go:111.44,113.3 1 0
github.com/scttfrdmn/cargoship/pkg/suitcase/suitcase.go:115.2,115.71 1 1
github.com/scttfrdmn/cargoship/pkg/suitcase/suitcase.go:115.71,117.3 1 0
github.com/scttfrdmn/cargoship/pkg/suitcase/suitcase.go:118.2,118.21 1 1
github.com/scttfrdmn/cargoship/pkg/suitcase/suitcase.go:119.13,120.31 1 1
github.com/scttfrdmn/cargoship/pkg/suitcase/suitcase.go:121.17,122.34 1 1
github.com/scttfrdmn/cargoship/pkg/suitcase/suitcase.go:123.16,124.33 1 1
github.com/scttfrdmn/cargoship/pkg/suitcase/suitcase.go:125.20,126.36 1 1
github.com/scttfrdmn/cargoship/pkg/suitcase/suitcase.go:127.17,128.35 1 1
github.com/scttfrdmn/cargoship/pkg/suitcase/suitcase.go:129.17,130.34 1 1
github.com/scttfrdmn/cargoship/pkg/suitcase/suitcase.go:132.2,132.67 1 1
github.com/scttfrdmn/cargoship/pkg/suitcase/suitcase.go:136.70,139.31 3 1
github.com/scttfrdmn/cargoship/pkg/suitcase/suitcase.go:139.31,140.32 1 1
github.com/scttfrdmn/cargoship/pkg/suitcase/suitcase.go:140.32,142.4 1 1
github.com/scttfrdmn/cargoship/pkg/suitcase/suitcase.go:144.2,146.16 3 1
github.com/scttfrdmn/cargoship/pkg/suitcase/suitcase.go:146.16,149.3 2 0
github.com/scttfrdmn/cargoship/pkg/suitcase/suitcase.go:150.2,150.27 1 1
github.com/scttfrdmn/cargoship/pkg/suitcase/suitcase.go:150.27,152.3 1 1
github.com/scttfrdmn/cargoship/pkg/suitcase/suitcase.go:154.2,154.29 1 1
github.com/scttfrdmn/cargoship/pkg/suitcase/suitcase.go:154.29,155.9 1 1
github.com/scttfrdmn/cargoship/pkg/suitcase/suitcase.go:155.9,158.4 2 1
github.com/scttfrdmn/cargoship/pkg/suitcase/suitcase.go:160.2,160.13 1 1
github.com/scttfrdmn/cargoship/pkg/suitcase/suitcase.go:163.37,165.2 1 1
github.com/scttfrdmn/cargoship/pkg/suitcase/suitcase.go:168.51,170.19 2 1
github.com/scttfrdmn/cargoship/pkg/suitcase/suitcase.go:170.19,171.14 1 1
github.com/scttfrdmn/cargoship/pkg/suitcase/suitcase.go:171.14,173.4 1 1
github.com/scttfrdmn/cargoship/pkg/suitcase/suitcase.go:175.2,176.12 2 1
github.com/scttfrdmn/cargoship/pkg/suitcase/suitcase.go:180.65,182.22 2 1
github.com/scttfrdmn/cargoship/pkg/suitcase/suitcase.go:182.22,184.3 1 1
github.com/scttfrdmn/cargoship/pkg/suitcase/suitcase.go:185.2,185.12 1 1
github.com/scttfrdmn/cargoship/pkg/suitcase/suitcase.go:188.36,190.16 2 1
github.com/scttfrdmn/cargoship/pkg/suitcase/suitcase.go:190.16,191.13 1 0
github.com/scttfrdmn/cargoship/pkg/suitcase/suitcase.go:193.2,193.12 1 1
github.com/scttfrdmn/cargoship/pkg/suitcase/suitcase.go:196.41,198.16 2 1
github.com/scttfrdmn/cargoship/pkg/suitcase/suitcase.go:198.16,200.3 1 1
github.com/scttfrdmn/cargoship/pkg/suitcase/suitcase.go:201.2,201.53 1 1
github.com/scttfrdmn/cargoship/pkg/suitcase/suitcase.go:205.63,207.24 2 1
github.com/scttfrdmn/cargoship/pkg/suitcase/suitcase.go:207.24,209.17 2 1
github.com/scttfrdmn/cargoship/pkg/suitcase/suitcase.go:209.17,211.4 1 1
github.com/scttfrdmn/cargoship/pkg/suitcase/suitcase.go:212.3,212.72 1 1
github.com/scttfrdmn/cargoship/pkg/suitcase/suitcase.go:212.72,214.4 1 0
github.com/scttfrdmn/cargoship/pkg/suitcase/suitcase.go:216.2,216.34 1 1
github.com/scttfrdmn/cargoship/pkg/suitcase/suitcase.go:216.34,218.3 1 0
github.com/scttfrdmn/cargoship/pkg/suitcase/suitcase.go:219.2,219.12 1 1
github.com/scttfrdmn/cargoship/pkg/suitcase/suitcase.go:223.60,225.24 2 1
github.com/scttfrdmn/cargoship/pkg/suitcase/suitcase.go:225.24,226.77 1 1
github.com/scttfrdmn/cargoship/pkg/suitcase/suitcase.go:226.77,228.4 1 0
github.com/scttfrdmn/cargoship/pkg/suitcase/suitcase.go:230.2,231.16 2 1
github.com/scttfrdmn/cargoship/pkg/suitcase/suitcase.go:231.16,233.3 1 0
github.com/scttfrdmn/cargoship/pkg/suitcase/suitcase.go:234.2,234.12 1 1
github.com/scttfrdmn/cargoship/pkg/aws/s3/adaptive.go:90.86,91.30 1 1
github.com/scttfrdmn/cargoship/pkg/aws/s3/adaptive.go:91.30,93.3 1 1
github.com/scttfrdmn/cargoship/pkg/aws/s3/adaptive.go:94.2,94.30 1 1
github.com/scttfrdmn/cargoship/pkg/aws/s3/adaptive.go:94.30,96.3 1 1
github.com/scttfrdmn/cargoship/pkg/aws/s3/adaptive.go:97.2,97.34 1 1
github.com/scttfrdmn/cargoship/pkg/aws/s3/adaptive.go:97.34,99.3 1 1
github.com/scttfrdmn/cargoship/pkg/aws/s3/adaptive.go:100.2,100.32 1 1
github.com/scttfrdmn/cargoship/pkg/aws/s3/adaptive.go:100.32,102.3 1 1
github.com/scttfrdmn/cargoship/pkg/aws/s3/adaptive.go:103.2,103.36 1 1
github.com/scttfrdmn/cargoship/pkg/aws/s3/adaptive.go:103.36,105.3 1 1
github.com/scttfrdmn/cargoship/pkg/aws/s3/adaptive.go:106.2,106.32 1 1
github.com/scttfrdmn/cargoship/pkg/aws/s3/adaptive.go:106.32,108.3 1 1
github.com/scttfrdmn/cargoship/pkg/aws/s3/adaptive.go:110.2,120.3 1 1
github.com/scttfrdmn/cargoship/pkg/aws/s3/adaptive.go:124.96,135.44 5 1
github.com/scttfrdmn/cargoship/pkg/aws/s3/adaptive.go:135.44,137.3 1 0
github.com/scttfrdmn/cargoship/pkg/aws/s3/adaptive.go:140.2,143.36 2 1
github.com/scttfrdmn/cargoship/pkg/aws/s3/adaptive.go:147.73,148.9 1 1
github.com/scttfrdmn/cargoship/pkg/aws/s3/adaptive.go:149.32,150.25 1 1
github.com/scttfrdmn/cargoship/pkg/aws/s3/adaptive.go:151.33,152.26 1 1
github.com/scttfrdmn/cargoship/pkg/aws/s3/adaptive.go:153.36,154.26 1 1
github.com/scttfrdmn/cargoship/pkg/aws/s3/adaptive.go:155.10,156.26 1 0
github.com/scttfrdmn/cargoship/pkg/aws/s3/adaptive.go:161.77,166.20 3 1
github.com/scttfrdmn/cargoship/pkg/aws/s3/adaptive.go:166.20,168.3 1 1
github.com/scttfrdmn/cargoship/pkg/aws/s3/adaptive.go:171.2,172.9 2 1
github.com/scttfrdmn/cargoship/pkg/aws/s3/adaptive.go:173.23,174.28 1 0
github.com/scttfrdmn/cargoship/pkg/aws/s3/adaptive.go:175.23,176.29 1 0
github.com/scttfrdmn/cargoship/pkg/aws/s3/adaptive.go:177.24,178.28 1 1
github.com/scttfrdmn/cargoship/pkg/aws/s3/adaptive.go:179.10,180.28 1 0
github.com/scttfrdmn/cargoship/pkg/aws/s3/adaptive.go:184.2,185.9 2 1
github.com/scttfrdmn/cargoship/pkg/aws/s3/adaptive.go:186.38,187.26 1 0
github.com/scttfrdmn/cargoship/pkg/aws/s3/adaptive.go:188.38,189.26 1 0
github.com/scttfrdmn/cargoship/pkg/aws/s3/adaptive.go:190.10,191.26 1 1
github.com/scttfrdmn/cargoship/pkg/aws/s3/adaptive.go:194.2,195.24 2 1
github.com/scttfrdmn/cargoship/pkg/aws/s3/adaptive.go:199.91,202.21 2 1
github.com/scttfrdmn/cargoship/pkg/aws/s3/adaptive.go:203.46,205.19 1 1
github.com/scttfrdmn/cargoship/pkg/aws/s3/adaptive.go:206.32,208.19 1 1
github.com/scttfrdmn/cargoship/pkg/aws/s3/adaptive.go:209.33,211.19 1 1
github.com/scttfrdmn/cargoship/pkg/aws/s3/adaptive.go:212.40,214.19 1 1
github.com/scttfrdmn/cargoship/pkg/aws/s3/adaptive.go:215.34,217.19 1 1
github.com/scttfrdmn/cargoship/pkg/aws/s3/adaptive.go:220.2,220.46 1 1
github.com/scttfrdmn/cargoship/pkg/aws/s3/adaptive.go:224.87,230.51 4 1
github.com/scttfrdmn/cargoship/pkg/aws/s3/adaptive.go:230.51,231.60 1 1
github.com/scttfrdmn/cargoship/pkg/aws/s3/adaptive.go:231.60,233.4 1 1
github.com/scttfrdmn/cargoship/pkg/aws/s3/adaptive.go:236.2,236.31 1 1
github.com/scttfrdmn/cargoship/pkg/aws/s3/adaptive.go:236.31,238.3 1 1
github.com/scttfrdmn/cargoship/pkg/aws/s3/adaptive.go:241.2,242.42 2 1
github.com/scttfrdmn/cargoship/pkg/aws/s3/adaptive.go:242.42,244.3 1 1
github.com/scttfrdmn/cargoship/pkg/aws/s3/adaptive.go:246.2,251.16 3 1
github.com/scttfrdmn/cargoship/pkg/aws/s3/adaptive.go:255.61,256.34 1 1
github.com/scttfrdmn/cargoship/pkg/aws/s3/adaptive.go:256.34,258.3 1 1
github.com/scttfrdmn/cargoship/pkg/aws/s3/adaptive.go:259.2,259.34 1 1
github.com/scttfrdmn/cargoship/pkg/aws/s3/adaptive.go:259.34,261.3 1 1
github.com/scttfrdmn/cargoship/pkg/aws/s3/adaptive.go:262.2,262.13 1 1
github.com/scttfrdmn/cargoship/pkg/aws/s3/adaptive.go:266.93,274.9 4 1
github.com/scttfrdmn/cargoship/pkg/aws/s3/adaptive.go:275.23,276.22 1 1
github.com/scttfrdmn/cargoship/pkg/aws/s3/adaptive.go:277.23,278.22 1 0
github.com/scttfrdmn/cargoship/pkg/aws/s3/adaptive.go:279.24,280.22 1 1
github.com/scttfrdmn/cargoship/pkg/aws/s3/adaptive.go:281.10,282.44 1 0
github.com/scttfrdmn/cargoship/pkg/aws/s3/adaptive.go:286.2,286.33 1 1
github.com/scttfrdmn/cargoship/pkg/aws/s3/adaptive.go:286.33,288.3 1 0
github.com/scttfrdmn/cargoship/pkg/aws/s3/adaptive.go:291.2,292.28 2 1
github.com/scttfrdmn/cargoship/pkg/aws/s3/adaptive.go:292.28,295.56 2 0
github.com/scttfrdmn/cargoship/pkg/aws/s3/adaptive.go:295.56,297.4 1 0
github.com/scttfrdmn/cargoship/pkg/aws/s3/adaptive.go:300.2,300.24 1 1
github.com/scttfrdmn/cargoship/pkg/aws/s3/adaptive.go:304.70,312.65 4 1
github.com/scttfrdmn/cargoship/pkg/aws/s3/adaptive.go:312.65,314.3 1 0
github.com/scttfrdmn/cargoship/pkg/aws/s3/adaptive.go:316.2,319.27 2 1
github.com/scttfrdmn/cargoship/pkg/aws/s3/adaptive.go:323.52,325.23 2 1
github.com/scttfrdmn/cargoship/pkg/aws/s3/adaptive.go:325.23,327.3 1 0
github.com/scttfrdmn/cargoship/pkg/aws/s3/adaptive.go:329.2,333.33 4 1
github.com/scttfrdmn/cargoship/pkg/aws/s3/adaptive.go:333.33,334.21 1 1
github.com/scttfrdmn/cargoship/pkg/aws/s3/adaptive.go:334.21,338.4 3 1
github.com/scttfrdmn/cargoship/pkg/aws/s3/adaptive.go:341.2,341.22 1 1
github.com/scttfrdmn/cargoship/pkg/aws/s3/adaptive.go:341.22,344.3 2 1
github.com/scttfrdmn/cargoship/pkg/aws/s3/adaptive.go:348.71,361.65 7 1
github.com/scttfrdmn/cargoship/pkg/aws/s3/adaptive.go:361.65,363.3 1 0
github.com/scttfrdmn/cargoship/pkg/aws/s3/adaptive.go:365.2,370.49 1 1
github.com/scttfrdmn/cargoship/pkg/aws/s3/adaptive.go:374.86,375.67 1 1
github.com/scttfrdmn/cargoship/pkg/aws/s3/adaptive.go:375.67,377.3 1 0
github.com/scttfrdmn/cargoship/pkg/aws/s3/adaptive.go:380.2,383.49 3 1
github.com/scttfrdmn/cargoship/pkg/aws/s3/adaptive.go:383.49,384.64 1 1
github.com/scttfrdmn/cargoship/pkg/aws/s3/adaptive.go:384.64,387.4 2 1
github.com/scttfrdmn/cargoship/pkg/aws/s3/adaptive.go:390.2,390.21 1 1
github.com/scttfrdmn/cargoship/pkg/aws/s3/adaptive.go:394.90,396.21 1 1
github.com/scttfrdmn/cargoship/pkg/aws/s3/adaptive.go:396.21,398.3 1 1
github.com/scttfrdmn/cargoship/pkg/aws/s3/adaptive.go:399.2,399.38 1 1
github.com/scttfrdmn/cargoship/pkg/aws/s3/adaptive.go:403.83,404.35 1 1
github.com/scttfrdmn/cargoship/pkg/aws/s3/adaptive.go:404.35,406.3 1 1
github.com/scttfrdmn/cargoship/pkg/aws/s3/adaptive.go:409.2,410.49 2 1
github.com/scttfrdmn/cargoship/pkg/aws/s3/adaptive.go:410.49,412.3 1 1
github.com/scttfrdmn/cargoship/pkg/aws/s3/adaptive.go:413.2,415.9 2 1
github.com/scttfrdmn/cargoship/pkg/aws/s3/adaptive.go:416.27,417.16 1 1
github.com/scttfrdmn/cargoship/pkg/aws/s3/adaptive.go:418.27,419.16 1 1
github.com/scttfrdmn/cargoship/pkg/aws/s3/adaptive.go:420.28,421.16 1 1
github.com/scttfrdmn/cargoship/pkg/aws/s3/adaptive.go:422.10,423.21 1 1
github.com/scttfrdmn/cargoship/pkg/aws/s3/adaptive.go:428.67,432.40 3 1
github.com/scttfrdmn/cargoship/pkg/aws/s3/adaptive.go:432.40,434.3 1 1
github.com/scttfrdmn/cargoship/pkg/aws/s3/adaptive.go:437.2,441.51 4 1
github.com/scttfrdmn/cargoship/pkg/aws/s3/adaptive.go:441.51,442.23 1 1
github.com/scttfrdmn/cargoship/pkg/aws/s3/adaptive.go:442.23,443.12 1 1
github.com/scttfrdmn/cargoship/pkg/aws/s3/adaptive.go:447.3,451.24 4 1
github.com/scttfrdmn/cargoship/pkg/aws/s3/adaptive.go:454.2,454.21 1 1
github.com/scttfrdmn/cargoship/pkg/aws/s3/adaptive.go:454.21,456.3 1 1
github.com/scttfrdmn/cargoship/pkg/aws/s3/adaptive.go:458.2,458.10 1 0
github.com/scttfrdmn/cargoship/pkg/aws/s3/adaptive.go:462.57,465.9 2 1
github.com/scttfrdmn/cargoship/pkg/aws/s3/adaptive.go:466.23,467.16 1 1
github.com/scttfrdmn/cargoship/pkg/aws/s3/adaptive.go:468.23,469.16 1 1
github.com/scttfrdmn/cargoship/pkg/aws/s3/adaptive.go:470.24,471.16 1 1
github.com/scttfrdmn/cargoship/pkg/aws/s3/adaptive.go:472.10,473.21 1 1
github.com/scttfrdmn/cargoship/pkg/aws/s3/adaptive.go:478.57,482.2 3 1
github.com/scttfrdmn/cargoship/pkg/aws/s3/adaptive.go:485.61,489.2 3 1
github.com/scttfrdmn/cargoship/pkg/aws/s3/adaptive.go:492.106,504.2 3 1
github.com/scttfrdmn/cargoship/pkg/aws/s3/adaptive.go:517.109,519.20 2 1
github.com/scttfrdmn/cargoship/pkg/aws/s3/adaptive.go:519.20,521.3 1 1
github.com/scttfrdmn/cargoship/pkg/aws/s3/adaptive.go:524.2,529.63 3 1
github.com/scttfrdmn/cargoship/pkg/aws/s3/adaptive.go:533.58,542.2 5 1
github.com/scttfrdmn/cargoship/pkg/aws/s3/adaptive.go:545.127,555.2 2 1
github.com/scttfrdmn/cargoship/pkg/aws/s3/adaptive.go:558.24,559.11 1 1
github.com/scttfrdmn/cargoship/pkg/aws/s3/adaptive.go:559.11,561.3 1 1
github.com/scttfrdmn/cargoship/pkg/aws/s3/adaptive.go:562.2,562.10 1 1
github.com/scttfrdmn/cargoship/pkg/aws/s3/adaptive_transporter.go:56.184,57.19 1 1
github.com/scttfrdmn/cargoship/pkg/aws/s3/adaptive_transporter.go:57.19,59.3 1 1
github.com/scttfrdmn/cargoship/pkg/aws/s3/adaptive_transporter.go:61.2,61.19 1 1
github.com/scttfrdmn/cargoship/pkg/aws/s3/adaptive_transporter.go:61.19,63.3 1 1
github.com/scttfrdmn/cargoship/pkg/aws/s3/adaptive_transporter.go:66.2,67.16 2 1
github.com/scttfrdmn/cargoship/pkg/aws/s3/adaptive_transporter.go:67.16,69.3 1 0
github.com/scttfrdmn/cargoship/pkg/aws/s3/adaptive_transporter.go:71.2,79.37 2 1
github.com/scttfrdmn/cargoship/pkg/aws/s3/adaptive_transporter.go:79.37,94.17 6 1
github.com/scttfrdmn/cargoship/pkg/aws/s3/adaptive_transporter.go:94.17,96.4 1 0
github.com/scttfrdmn/cargoship/pkg/aws/s3/adaptive_transporter.go:98.3,101.60 1 1
github.com/scttfrdmn/cargoship/pkg/aws/s3/adaptive_transporter.go:102.8,104.3 1 1
github.com/scttfrdmn/cargoship/pkg/aws/s3/adaptive_transporter.go:106.2,106.16 1 1
github.com/scttfrdmn/cargoship/pkg/aws/s3/adaptive_transporter.go:110.68,119.2 1 1
github.com/scttfrdmn/cargoship/pkg/aws/s3/adaptive_transporter.go:122.82,124.52 1 1
github.com/scttfrdmn/cargoship/pkg/aws/s3/adaptive_transporter.go:124.52,126.3 1 0
github.com/scttfrdmn/cargoship/pkg/aws/s3/adaptive_transporter.go:129.2,129.57 1 1
github.com/scttfrdmn/cargoship/pkg/aws/s3/adaptive_transporter.go:129.57,131.3 1 0
github.com/scttfrdmn/cargoship/pkg/aws/s3/adaptive_transporter.go:134.2,134.57 1 1
github.com/scttfrdmn/cargoship/pkg/aws/s3/adaptive_transporter.go:134.57,136.3 1 0
github.com/scttfrdmn/cargoship/pkg/aws/s3/adaptive_transporter.go:138.2,138.12 1 1
github.com/scttfrdmn/cargoship/pkg/aws/s3/adaptive_transporter.go:142.59,144.105 1 1
github.com/scttfrdmn/cargoship/pkg/aws/s3/adaptive_transporter.go:144.105,146.3 1 0
github.com/scttfrdmn/cargoship/pkg/aws/s3/adaptive_transporter.go:149.2,149.141 1 1
github.com/scttfrdmn/cargoship/pkg/aws/s3/adaptive_transporter.go:149.141,151.3 1 1
github.com/scttfrdmn/cargoship/pkg/aws/s3/adaptive_transporter.go:154.2,154.128 1 1
github.com/scttfrdmn/cargoship/pkg/aws/s3/adaptive_transporter.go:154.128,156.3 1 0
github.com/scttfrdmn/cargoship/pkg/aws/s3/adaptive_transporter.go:160.114,185.34 6 1
github.com/scttfrdmn/cargoship/pkg/aws/s3/adaptive_transporter.go:185.34,187.17 2 0
github.com/scttfrdmn/cargoship/pkg/aws/s3/adaptive_transporter.go:187.17,189.4 1 0
github.com/scttfrdmn/cargoship/pkg/aws/s3/adaptive_transporter.go:193.2,198.16 3 1
github.com/scttfrdmn/cargoship/pkg/aws/s3/adaptive_transporter.go:198.16,200.3 1 1
github.com/scttfrdmn/cargoship/pkg/aws/s3/adaptive_transporter.go:202.2,209.20 2 0
github.com/scttfrdmn/cargoship/pkg/aws/s3/adaptive_transporter.go:213.124,222.34 4 1
github.com/scttfrdmn/cargoship/pkg/aws/s3/adaptive_transporter.go:222.34,224.3 1 1
github.com/scttfrdmn/cargoship/pkg/aws/s3/adaptive_transporter.go:227.2,227.40 1 0
github.com/scttfrdmn/cargoship/pkg/aws/s3/adaptive_transporter.go:231.104,235.6 3 1
github.com/scttfrdmn/cargoship/pkg/aws/s3/adaptive_transporter.go:235.6,236.10 1 1
github.com/scttfrdmn/cargoship/pkg/aws/s3/adaptive_transporter.go:237.21,238.10 1 1
github.com/scttfrdmn/cargoship/pkg/aws/s3/adaptive_transporter.go:239.19,241.41 2 0
github.com/scttfrdmn/cargoship/pkg/aws/s3/adaptive_transporter.go:247.79,250.32 2 1
github.com/scttfrdmn/cargoship/pkg/aws/s3/adaptive_transporter.go:250.32,252.31 2 0
github.com/scttfrdmn/cargoship/pkg/aws/s3/adaptive_transporter.go:252.31,254.4 1 0
github.com/scttfrdmn/cargoship/pkg/aws/s3/adaptive_transporter.go:257.2,257.29 1 1
github.com/scttfrdmn/cargoship/pkg/aws/s3/adaptive_transporter.go:257.29,268.3 1 1
github.com/scttfrdmn/cargoship/pkg/aws/s3/adaptive_transporter.go:271.2,273.17 3 1
github.com/scttfrdmn/cargoship/pkg/aws/s3/adaptive_transporter.go:273.17,275.3 1 1
github.com/scttfrdmn/cargoship/pkg/aws/s3/adaptive_transporter.go:278.2,293.50 6 1
github.com/scttfrdmn/cargoship/pkg/aws/s3/adaptive_transporter.go:293.50,295.3 1 0
github.com/scttfrdmn/cargoship/pkg/aws/s3/adaptive_transporter.go:296.2,296.46 1 1
github.com/scttfrdmn/cargoship/pkg/aws/s3/adaptive_transporter.go:296.46,298.3 1 0
github.com/scttfrdmn/cargoship/pkg/aws/s3/adaptive_transporter.go:299.2,302.34 2 1
github.com/scttfrdmn/cargoship/pkg/aws/s3/adaptive_transporter.go:302.34,304.17 2 0
github.com/scttfrdmn/cargoship/pkg/aws/s3/adaptive_transporter.go:304.17,306.4 1 0
github.com/scttfrdmn/cargoship/pkg/aws/s3/adaptive_transporter.go:311.84,316.37 3 1
github.com/scttfrdmn/cargoship/pkg/aws/s3/adaptive_transporter.go:316.37,318.3 1 1
github.com/scttfrdmn/cargoship/pkg/aws/s3/adaptive_transporter.go:321.2,321.32 1 0
github.com/scttfrdmn/cargoship/pkg/aws/s3/adaptive_transporter.go:321.32,323.3 1 0
github.com/scttfrdmn/cargoship/pkg/aws/s3/adaptive_transporter.go:325.2,326.30 2 0
github.com/scttfrdmn/cargoship/pkg/aws/s3/adaptive_transporter.go:326.30,328.3 1 0
github.com/scttfrdmn/cargoship/pkg/aws/s3/adaptive_transporter.go:331.2,331.57 1 0
github.com/scttfrdmn/cargoship/pkg/aws/s3/adaptive_transporter.go:335.82,337.35 1 1
github.com/scttfrdmn/cargoship/pkg/aws/s3/adaptive_transporter.go:337.35,339.3 1 1
github.com/scttfrdmn/cargoship/pkg/aws/s3/adaptive_transporter.go:342.2,342.57 1 1
github.com/scttfrdmn/cargoship/pkg/aws/s3/adaptive_transporter.go:342.57,344.3 1 1
github.com/scttfrdmn/cargoship/pkg/aws/s3/adaptive_transporter.go:347.2,347.41 1 1
github.com/scttfrdmn/cargoship/pkg/aws/s3/adaptive_transporter.go:347.41,349.3 1 1
github.com/scttfrdmn/cargoship/pkg/aws/s3/adaptive_transporter.go:352.2,353.30 2 1
github.com/scttfrdmn/cargoship/pkg/aws/s3/adaptive_transporter.go:353.30,355.3 1 0
github.com/scttfrdmn/cargoship/pkg/aws/s3/adaptive_transporter.go:357.2,361.47 3 1
github.com/scttfrdmn/cargoship/pkg/aws/s3/adaptive_transporter.go:365.120,404.2 8 1
github.com/scttfrdmn/cargoship/pkg/aws/s3/adaptive_transporter.go:407.83,410.12 3 1
github.com/scttfrdmn/cargoship/pkg/aws/s3/adaptive_transporter.go:410.12,413.3 2 1
github.com/scttfrdmn/cargoship/pkg/aws/s3/adaptive_transporter.go:414.2,417.44 2 1
github.com/scttfrdmn/cargoship/pkg/aws/s3/adaptive_transporter.go:417.44,419.17 2 0
github.com/scttfrdmn/cargoship/pkg/aws/s3/adaptive_transporter.go:419.17,421.4 1 0
github.com/scttfrdmn/cargoship/pkg/aws/s3/adaptive_transporter.go:424.2,424.12 1 1
github.com/scttfrdmn/cargoship/pkg/aws/s3/adaptive_transporter.go:424.12,430.3 1 1
github.com/scttfrdmn/cargoship/pkg/aws/s3/adaptive_transporter.go:436.106,444.2 2 1
github.com/scttfrdmn/cargoship/pkg/aws/s3/adaptive_transporter.go:447.143,457.2 2 1
github.com/scttfrdmn/cargoship/pkg/aws/s3/adaptive_transporter.go:460.136,468.2 2 1
github.com/scttfrdmn/cargoship/pkg/aws/s3/adaptive_transporter.go:473.109,474.25 1 1
github.com/scttfrdmn/cargoship/pkg/aws/s3/adaptive_transporter.go:474.25,476.3 1 1
github.com/scttfrdmn/cargoship/pkg/aws/s3/adaptive_transporter.go:478.2,479.37 2 1
github.com/scttfrdmn/cargoship/pkg/aws/s3/adaptive_transporter.go:479.37,481.3 1 1
github.com/scttfrdmn/cargoship/pkg/aws/s3/adaptive_transporter.go:483.2,483.40 1 1
github.com/scttfrdmn/cargoship/pkg/aws/s3/adaptive_transporter.go:487.93,488.42 1 1
github.com/scttfrdmn/cargoship/pkg/aws/s3/adaptive_transporter.go:488.42,490.3 1 1
github.com/scttfrdmn/cargoship/pkg/aws/s3/adaptive_transporter.go:492.2,499.33 4 1
github.com/scttfrdmn/cargoship/pkg/aws/s3/adaptive_transporter.go:499.33,501.3 1 1
github.com/scttfrdmn/cargoship/pkg/aws/s3/adaptive_transporter.go:503.2,503.34 1 1
github.com/scttfrdmn/cargoship/pkg/aws/s3/adaptive_transporter.go:509.74,515.32 2 1
github.com/scttfrdmn/cargoship/pkg/aws/s3/adaptive_transporter.go:515.32,517.3 1 0
github.com/scttfrdmn/cargoship/pkg/aws/s3/adaptive_transporter.go:520.2,520.34 1 1
github.com/scttfrdmn/cargoship/pkg/aws/s3/adaptive_transporter.go:520.34,522.3 1 0
github.com/scttfrdmn/cargoship/pkg/aws/s3/adaptive_transporter.go:525.2,530.34 4 1
github.com/scttfrdmn/cargoship/pkg/aws/s3/adaptive_transporter.go:530.34,532.3 1 1
github.com/scttfrdmn/cargoship/pkg/aws/s3/adaptive_transporter.go:534.2,534.16 1 1
github.com/scttfrdmn/cargoship/pkg/aws/s3/adaptive_transporter.go:538.80,544.45 4 1
github.com/scttfrdmn/cargoship/pkg/aws/s3/adaptive_transporter.go:544.45,547.3 2 1
github.com/scttfrdmn/cargoship/pkg/aws/s3/adaptive_transporter.go:549.2,549.15 1 1
github.com/scttfrdmn/cargoship/pkg/aws/s3/adaptive_transporter.go:553.50,554.32 1 1
github.com/scttfrdmn/cargoship/pkg/aws/s3/adaptive_transporter.go:554.32,556.3 1 0
github.com/scttfrdmn/cargoship/pkg/aws/s3/adaptive_transporter.go:557.2,557.34 1 1
github.com/scttfrdmn/cargoship/pkg/aws/s3/adaptive_transporter.go:557.34,559.3 1 0
github.com/scttfrdmn/cargoship/pkg/aws/s3/adaptive_transporter.go:563.45,565.32 1 1
github.com/scttfrdmn/cargoship/pkg/aws/s3/adaptive_transporter.go:565.32,566.52 1 0
github.com/scttfrdmn/cargoship/pkg/aws/s3/adaptive_transporter.go:566.52,568.4 1 0
github.com/scttfrdmn/cargoship/pkg/aws/s3/adaptive_transporter.go:571.2,571.34 1 1
github.com/scttfrdmn/cargoship/pkg/aws/s3/adaptive_transporter.go:571.34,572.54 1 0
github.com/scttfrdmn/cargoship/pkg/aws/s3/adaptive_transporter.go:572.54,574.4 1 0
github.com/scttfrdmn/cargoship/pkg/aws/s3/adaptive_transporter.go:577.2,577.34 1 1
github.com/scttfrdmn/cargoship/pkg/aws/s3/adaptive_transporter.go:577.34,578.54 1 0
github.com/scttfrdmn/cargoship/pkg/aws/s3/adaptive_transporter.go:578.54,580.4 1 0
github.com/scttfrdmn/cargoship/pkg/aws/s3/adaptive_transporter.go:584.2,584.34 1 1
github.com/scttfrdmn/cargoship/pkg/aws/s3/adaptive_transporter.go:584.34,586.3 1 1
github.com/scttfrdmn/cargoship/pkg/aws/s3/adaptive_transporter.go:588.2,588.12 1 0
github.com/scttfrdmn/cargoship/pkg/aws/s3/congestion.go:17.67,21.2 3 1
github.com/scttfrdmn/cargoship/pkg/aws/s3/congestion.go:24.90,39.33 4 1
github.com/scttfrdmn/cargoship/pkg/aws/s3/congestion.go:39.33,41.3 1 1
github.com/scttfrdmn/cargoship/pkg/aws/s3/congestion.go:47.110,52.13 4 1
github.com/scttfrdmn/cargoship/pkg/aws/s3/congestion.go:52.13,58.3 1 1
github.com/scttfrdmn/cargoship/pkg/aws/s3/congestion.go:61.2,61.56 1 1
github.com/scttfrdmn/cargoship/pkg/aws/s3/congestion.go:61.56,76.3 3 1
github.com/scttfrdmn/cargoship/pkg/aws/s3/congestion.go:79.2,85.24 4 1
github.com/scttfrdmn/cargoship/pkg/aws/s3/congestion.go:89.116,94.13 4 1
github.com/scttfrdmn/cargoship/pkg/aws/s3/congestion.go:94.13,96.3 1 1
github.com/scttfrdmn/cargoship/pkg/aws/s3/congestion.go:99.2,109.49 5 1
github.com/scttfrdmn/cargoship/pkg/aws/s3/congestion.go:113.128,114.29 1 1
github.com/scttfrdmn/cargoship/pkg/aws/s3/congestion.go:115.32,116.42 1 1
github.com/scttfrdmn/cargoship/pkg/aws/s3/congestion.go:117.32,118.52 1 1
github.com/scttfrdmn/cargoship/pkg/aws/s3/congestion.go:119.31,120.41 1 1
github.com/scttfrdmn/cargoship/pkg/aws/s3/congestion.go:121.35,122.45 1 1
github.com/scttfrdmn/cargoship/pkg/aws/s3/congestion.go:123.10,124.42 1 0
github.com/scttfrdmn/cargoship/pkg/aws/s3/congestion.go:129.120,130.30 1 1
github.com/scttfrdmn/cargoship/pkg/aws/s3/congestion.go:130.30,141.60 3 1
github.com/scttfrdmn/cargoship/pkg/aws/s3/congestion.go:141.60,143.4 1 0
github.com/scttfrdmn/cargoship/pkg/aws/s3/congestion.go:144.8,147.3 1 1
github.com/scttfrdmn/cargoship/pkg/aws/s3/congestion.go:151.130,152.30 1 1
github.com/scttfrdmn/cargoship/pkg/aws/s3/congestion.go:152.30,156.3 2 1
github.com/scttfrdmn/cargoship/pkg/aws/s3/congestion.go:156.8,159.3 1 0
github.com/scttfrdmn/cargoship/pkg/aws/s3/congestion.go:163.119,165.31 1 1
github.com/scttfrdmn/cargoship/pkg/aws/s3/congestion.go:165.31,171.56 3 1
github.com/scttfrdmn/cargoship/pkg/aws/s3/congestion.go:171.56,173.4 1 0
github.com/scttfrdmn/cargoship/pkg/aws/s3/congestion.go:174.8,174.37 1 1
github.com/scttfrdmn/cargoship/pkg/aws/s3/congestion.go:174.37,177.3 1 1
github.com/scttfrdmn/cargoship/pkg/aws/s3/congestion.go:181.123,182.31 1 1
github.com/scttfrdmn/cargoship/pkg/aws/s3/congestion.go:182.31,186.3 2 1
github.com/scttfrdmn/cargoship/pkg/aws/s3/congestion.go:186.8,190.3 2 0
github.com/scttfrdmn/cargoship/pkg/aws/s3/congestion.go:194.95,203.76 5 1
github.com/scttfrdmn/cargoship/pkg/aws/s3/congestion.go:203.76,205.3 1 0
github.com/scttfrdmn/cargoship/pkg/aws/s3/congestion.go:205.8,207.3 1 1
github.com/scttfrdmn/cargoship/pkg/aws/s3/congestion.go:211.97,215.2 2 1
github.com/scttfrdmn/cargoship/pkg/aws/s3/congestion.go:218.105,221.27 2 1
github.com/scttfrdmn/cargoship/pkg/aws/s3/congestion.go:221.27,227.88 3 1
github.com/scttfrdmn/cargoship/pkg/aws/s3/congestion.go:227.88,235.4 2 1
github.com/scttfrdmn/cargoship/pkg/aws/s3/congestion.go:240.128,242.30 1 1
github.com/scttfrdmn/cargoship/pkg/aws/s3/congestion.go:242.30,244.3 1 1
github.com/scttfrdmn/cargoship/pkg/aws/s3/congestion.go:247.2,249.45 3 1
github.com/scttfrdmn/cargoship/pkg/aws/s3/congestion.go:249.45,251.3 1 1
github.com/scttfrdmn/cargoship/pkg/aws/s3/congestion.go:257.94,262.2 3 1
github.com/scttfrdmn/cargoship/pkg/aws/s3/congestion.go:265.96,269.2 2 1
github.com/scttfrdmn/cargoship/pkg/aws/s3/congestion.go:272.106,281.22 5 1
github.com/scttfrdmn/cargoship/pkg/aws/s3/congestion.go:281.22,283.3 1 0
github.com/scttfrdmn/cargoship/pkg/aws/s3/congestion.go:286.2,290.14 4 1
github.com/scttfrdmn/cargoship/pkg/aws/s3/congestion.go:294.90,296.18 1 1
github.com/scttfrdmn/cargoship/pkg/aws/s3/congestion.go:297.9,298.13 1 1
github.com/scttfrdmn/cargoship/pkg/aws/s3/congestion.go:299.9,300.14 1 1
github.com/scttfrdmn/cargoship/pkg/aws/s3/congestion.go:301.9,302.13 1 1
github.com/scttfrdmn/cargoship/pkg/aws/s3/congestion.go:303.9,304.14 1 1
github.com/scttfrdmn/cargoship/pkg/aws/s3/congestion.go:305.9,306.13 1 1
github.com/scttfrdmn/cargoship/pkg/aws/s3/congestion.go:307.10,308.13 1 1
github.com/scttfrdmn/cargoship/pkg/aws/s3/congestion.go:313.63,314.36 1 1
github.com/scttfrdmn/cargoship/pkg/aws/s3/congestion.go:314.36,316.3 1 0
github.com/scttfrdmn/cargoship/pkg/aws/s3/congestion.go:319.2,322.50 3 1
github.com/scttfrdmn/cargoship/pkg/aws/s3/congestion.go:322.50,325.3 2 1
github.com/scttfrdmn/cargoship/pkg/aws/s3/congestion.go:328.2,328.50 1 1
github.com/scttfrdmn/cargoship/pkg/aws/s3/congestion.go:328.50,340.3 4 1
github.com/scttfrdmn/cargoship/pkg/aws/s3/congestion.go:344.72,352.50 6 1
github.com/scttfrdmn/cargoship/pkg/aws/s3/congestion.go:352.50,356.3 3 1
github.com/scttfrdmn/cargoship/pkg/aws/s3/congestion.go:358.2,359.35 2 1
github.com/scttfrdmn/cargoship/pkg/aws/s3/congestion.go:359.35,361.3 1 1
github.com/scttfrdmn/cargoship/pkg/aws/s3/congestion.go:363.2,374.3 1 1
github.com/scttfrdmn/cargoship/pkg/aws/s3/congestion.go:393.83,397.6 3 1
github.com/scttfrdmn/cargoship/pkg/aws/s3/congestion.go:397.6,398.10 1 1
github.com/scttfrdmn/cargoship/pkg/aws/s3/congestion.go:399.21,400.10 1 1
github.com/scttfrdmn/cargoship/pkg/aws/s3/congestion.go:401.19,402.41 1 1
github.com/scttfrdmn/cargoship/pkg/aws/s3/congestion.go:407.82,408.87 1 1
github.com/scttfrdmn/cargoship/pkg/aws/s3/congestion.go:408.87,410.3 1 0
github.com/scttfrdmn/cargoship/pkg/aws/s3/congestion.go:412.2,415.6 3 1
github.com/scttfrdmn/cargoship/pkg/aws/s3/congestion.go:415.6,416.10 1 1
github.com/scttfrdmn/cargoship/pkg/aws/s3/congestion.go:417.21,418.10 1 1
github.com/scttfrdmn/cargoship/pkg/aws/s3/congestion.go:419.19,420.33 1 0
github.com/scttfrdmn/cargoship/pkg/aws/s3/congestion.go:425.82,429.6 3 1
github.com/scttfrdmn/cargoship/pkg/aws/s3/congestion.go:429.6,430.10 1 1
github.com/scttfrdmn/cargoship/pkg/aws/s3/congestion.go:431.21,432.10 1 1
github.com/scttfrdmn/cargoship/pkg/aws/s3/congestion.go:433.19,434.33 1 0
github.com/scttfrdmn/cargoship/pkg/aws/s3/congestion.go:439.74,447.57 4 1
github.com/scttfrdmn/cargoship/pkg/aws/s3/congestion.go:447.57,449.3 1 0
github.com/scttfrdmn/cargoship/pkg/aws/s3/congestion.go:452.2,452.32 1 1
github.com/scttfrdmn/cargoship/pkg/aws/s3/congestion.go:455.66,460.87 3 1
github.com/scttfrdmn/cargoship/pkg/aws/s3/congestion.go:460.87,469.33 4 1
github.com/scttfrdmn/cargoship/pkg/aws/s3/congestion.go:469.33,471.4 1 1
github.com/scttfrdmn/cargoship/pkg/aws/s3/congestion.go:475.66,481.57 3 1
github.com/scttfrdmn/cargoship/pkg/aws/s3/congestion.go:481.57,485.27 2 0
github.com/scttfrdmn/cargoship/pkg/aws/s3/congestion.go:485.27,486.52 1 0
github.com/scttfrdmn/cargoship/pkg/aws/s3/congestion.go:486.52,489.5 2 0
github.com/scttfrdmn/cargoship/pkg/aws/s3/congestion.go:496.71,500.26 2 1
github.com/scttfrdmn/cargoship/pkg/aws/s3/congestion.go:500.26,504.3 2 0
github.com/scttfrdmn/cargoship/pkg/aws/s3/congestion.go:504.8,504.33 1 1
github.com/scttfrdmn/cargoship/pkg/aws/s3/congestion.go:504.33,508.3 2 1
github.com/scttfrdmn/cargoship/pkg/aws/s3/congestion.go:511.67,512.35 1 1
github.com/scttfrdmn/cargoship/pkg/aws/s3/congestion.go:512.35,514.3 1 0
github.com/scttfrdmn/cargoship/pkg/aws/s3/congestion.go:517.2,518.21 2 1
github.com/scttfrdmn/cargoship/pkg/aws/s3/congestion.go:518.21,520.20 2 0
github.com/scttfrdmn/cargoship/pkg/aws/s3/congestion.go:520.20,522.4 1 0
github.com/scttfrdmn/cargoship/pkg/aws/s3/congestion.go:523.3,523.48 1 0
github.com/scttfrdmn/cargoship/pkg/aws/s3/congestion.go:524.8,526.21 2 1
github.com/scttfrdmn/cargoship/pkg/aws/s3/congestion.go:526.21,528.4 1 0
github.com/scttfrdmn/cargoship/pkg/aws/s3/congestion.go:529.3,529.48 1 1
github.com/scttfrdmn/cargoship/pkg/aws/s3/congestion.go:533.2,534.37 2 1
github.com/scttfrdmn/cargoship/pkg/aws/s3/congestion.go:534.37,536.27 2 0
github.com/scttfrdmn/cargoship/pkg/aws/s3/congestion.go:536.27,538.4 1 0
github.com/scttfrdmn/cargoship/pkg/aws/s3/congestion.go:539.3,539.64 1 0
github.com/scttfrdmn/cargoship/pkg/aws/s3/congestion.go:540.8,542.27 2 1
github.com/scttfrdmn/cargoship/pkg/aws/s3/congestion.go:542.27,544.4 1 0
github.com/scttfrdmn/cargoship/pkg/aws/s3/congestion.go:545.3,545.64 1 1
github.com/scttfrdmn/cargoship/pkg/aws/s3/congestion.go:549.84,553.50 3 1
github.com/scttfrdmn/cargoship/pkg/aws/s3/congestion.go:553.50,554.49 1 1
github.com/scttfrdmn/cargoship/pkg/aws/s3/congestion.go:554.49,557.4 2 1
github.com/scttfrdmn/cargoship/pkg/aws/s3/congestion.go:560.2,560.22 1 1
github.com/scttfrdmn/cargoship/pkg/aws/s3/congestion.go:563.78,564.36 1 1
github.com/scttfrdmn/cargoship/pkg/aws/s3/congestion.go:564.36,566.3 1 1
github.com/scttfrdmn/cargoship/pkg/aws/s3/congestion.go:568.2,569.50 2 1
github.com/scttfrdmn/cargoship/pkg/aws/s3/congestion.go:569.50,571.3 1 1
github.com/scttfrdmn/cargoship/pkg/aws/s3/congestion.go:573.2,573.62 1 1
github.com/scttfrdmn/cargoship/pkg/aws/s3/congestion.go:576.68,579.2 1 1
github.com/scttfrdmn/cargoship/pkg/aws/s3/congestion.go:581.75,586.2 2 1
github.com/scttfrdmn/cargoship/pkg/aws/s3/congestion.go:588.75,592.2 1 1
github.com/scttfrdmn/cargoship/pkg/aws/s3/congestion.go:594.85,598.2 1 1
github.com/scttfrdmn/cargoship/pkg/aws/s3/congestion.go:601.62,610.68 5 1
github.com/scttfrdmn/cargoship/pkg/aws/s3/congestion.go:610.68,612.3 1 1
github.com/scttfrdmn/cargoship/pkg/aws/s3/congestion.go:615.2,615.23 1 1
github.com/scttfrdmn/cargoship/pkg/aws/s3/congestion.go:619.54,624.2 3 1
github.com/scttfrdmn/cargoship/pkg/aws/s3/congestion.go:626.47,628.36 2 1
github.com/scttfrdmn/cargoship/pkg/aws/s3/congestion.go:628.36,629.43 1 1
github.com/scttfrdmn/cargoship/pkg/aws/s3/congestion.go:629.43,631.4 1 1
github.com/scttfrdmn/cargoship/pkg/aws/s3/congestion.go:637.27,638.11 1 1
github.com/scttfrdmn/cargoship/pkg/aws/s3/congestion.go:638.11,640.3 1 1
github.com/scttfrdmn/cargoship/pkg/aws/s3/congestion.go:641.2,641.10 1 1
github.com/scttfrdmn/cargoship/pkg/aws/s3/congestion.go:644.27,645.11 1 1
github.com/scttfrdmn/cargoship/pkg/aws/s3/congestion.go:645.11,647.3 1 1
github.com/scttfrdmn/cargoship/pkg/aws/s3/congestion.go:648.2,648.10 1 1
github.com/scttfrdmn/cargoship/pkg/aws/s3/coordinator.go:54.54,64.2 1 1
github.com/scttfrdmn/cargoship/pkg/aws/s3/coordinator.go:309.99,310.19 1 1
github.com/scttfrdmn/cargoship/pkg/aws/s3/coordinator.go:310.19,312.3 1 1
github.com/scttfrdmn/cargoship/pkg/aws/s3/coordinator.go:314.2,327.11 3 1
github.com/scttfrdmn/cargoship/pkg/aws/s3/coordinator.go:331.74,339.2 1 1
github.com/scttfrdmn/cargoship/pkg/aws/s3/coordinator.go:342.92,352.2 1 1
github.com/scttfrdmn/cargoship/pkg/aws/s3/coordinator.go:355.42,368.2 1 1
github.com/scttfrdmn/cargoship/pkg/aws/s3/coordinator.go:371.52,386.2 1 1
github.com/scttfrdmn/cargoship/pkg/aws/s3/coordinator.go:389.78,398.2 1 1
github.com/scttfrdmn/cargoship/pkg/aws/s3/coordinator.go:401.50,411.2 1 1
github.com/scttfrdmn/cargoship/pkg/aws/s3/coordinator.go:414.68,420.2 1 1
github.com/scttfrdmn/cargoship/pkg/aws/s3/coordinator.go:423.52,442.2 1 1
github.com/scttfrdmn/cargoship/pkg/aws/s3/coordinator.go:445.46,449.15 3 1
github.com/scttfrdmn/cargoship/pkg/aws/s3/coordinator.go:449.15,451.3 1 1
github.com/scttfrdmn/cargoship/pkg/aws/s3/coordinator.go:453.2,460.12 5 1
github.com/scttfrdmn/cargoship/pkg/aws/s3/coordinator.go:464.45,468.16 3 1
github.com/scttfrdmn/cargoship/pkg/aws/s3/coordinator.go:468.16,470.3 1 1
github.com/scttfrdmn/cargoship/pkg/aws/s3/coordinator.go:472.2,476.39 3 1
github.com/scttfrdmn/cargoship/pkg/aws/s3/coordinator.go:476.39,478.3 1 1
github.com/scttfrdmn/cargoship/pkg/aws/s3/coordinator.go:480.2,480.12 1 1
github.com/scttfrdmn/cargoship/pkg/aws/s3/coordinator.go:484.88,488.16 3 1
github.com/scttfrdmn/cargoship/pkg/aws/s3/coordinator.go:488.16,493.3 1 1
github.com/scttfrdmn/cargoship/pkg/aws/s3/coordinator.go:496.2,502.12 4 1
github.com/scttfrdmn/cargoship/pkg/aws/s3/coordinator.go:506.78,510.16 3 1
github.com/scttfrdmn/cargoship/pkg/aws/s3/coordinator.go:510.16,515.3 1 1
github.com/scttfrdmn/cargoship/pkg/aws/s3/coordinator.go:518.2,519.16 2 1
github.com/scttfrdmn/cargoship/pkg/aws/s3/coordinator.go:519.16,521.3 1 1
github.com/scttfrdmn/cargoship/pkg/aws/s3/coordinator.go:523.2,528.16 4 1
github.com/scttfrdmn/cargoship/pkg/aws/s3/coordinator.go:528.16,530.3 1 0
github.com/scttfrdmn/cargoship/pkg/aws/s3/coordinator.go:532.2,536.9 3 1
github.com/scttfrdmn/cargoship/pkg/aws/s3/coordinator.go:537.50,538.13 1 1
github.com/scttfrdmn/cargoship/pkg/aws/s3/coordinator.go:539.10,544.4 1 1
github.com/scttfrdmn/cargoship/pkg/aws/s3/coordinator.go:549.66,554.2 3 1
github.com/scttfrdmn/cargoship/pkg/aws/s3/coordinator.go:557.104,560.2 2 1
github.com/scttfrdmn/cargoship/pkg/aws/s3/coordinator.go:563.70,567.6 3 1
github.com/scttfrdmn/cargoship/pkg/aws/s3/coordinator.go:567.6,568.10 1 1
github.com/scttfrdmn/cargoship/pkg/aws/s3/coordinator.go:569.21,570.10 1 1
github.com/scttfrdmn/cargoship/pkg/aws/s3/coordinator.go:571.19,572.34 1 1
github.com/scttfrdmn/cargoship/pkg/aws/s3/coordinator.go:578.60,595.87 11 1
github.com/scttfrdmn/cargoship/pkg/aws/s3/coordinator.go:595.87,599.3 2 0
github.com/scttfrdmn/cargoship/pkg/aws/s3/coordinator.go:610.44,611.22 1 1
github.com/scttfrdmn/cargoship/pkg/aws/s3/coordinator.go:611.22,613.3 1 1
github.com/scttfrdmn/cargoship/pkg/aws/s3/coordinator.go:614.2,614.34 1 1
github.com/scttfrdmn/cargoship/pkg/aws/s3/parallel.go:87.93,88.29 1 1
github.com/scttfrdmn/cargoship/pkg/aws/s3/parallel.go:88.29,90.3 1 1
github.com/scttfrdmn/cargoship/pkg/aws/s3/parallel.go:91.2,91.38 1 1
github.com/scttfrdmn/cargoship/pkg/aws/s3/parallel.go:91.38,93.3 1 1
github.com/scttfrdmn/cargoship/pkg/aws/s3/parallel.go:94.2,94.32 1 1
github.com/scttfrdmn/cargoship/pkg/aws/s3/parallel.go:94.32,96.3 1 1
github.com/scttfrdmn/cargoship/pkg/aws/s3/parallel.go:97.2,97.32 1 1
github.com/scttfrdmn/cargoship/pkg/aws/s3/parallel.go:97.32,99.3 1 1
github.com/scttfrdmn/cargoship/pkg/aws/s3/parallel.go:101.2,111.31 2 1
github.com/scttfrdmn/cargoship/pkg/aws/s3/parallel.go:111.31,113.32 2 1
github.com/scttfrdmn/cargoship/pkg/aws/s3/parallel.go:113.32,115.4 1 0
github.com/scttfrdmn/cargoship/pkg/aws/s3/parallel.go:117.3,120.54 2 1
github.com/scttfrdmn/cargoship/pkg/aws/s3/parallel.go:120.54,123.4 2 0
github.com/scttfrdmn/cargoship/pkg/aws/s3/parallel.go:126.2,126.17 1 1
github.com/scttfrdmn/cargoship/pkg/aws/s3/parallel.go:130.115,131.24 1 1
github.com/scttfrdmn/cargoship/pkg/aws/s3/parallel.go:131.24,133.3 1 1
github.com/scttfrdmn/cargoship/pkg/aws/s3/parallel.go:135.2,144.46 4 0
github.com/scttfrdmn/cargoship/pkg/aws/s3/parallel.go:148.72,149.32 1 1
github.com/scttfrdmn/cargoship/pkg/aws/s3/parallel.go:150.16,151.39 1 1
github.com/scttfrdmn/cargoship/pkg/aws/s3/parallel.go:151.39,153.4 1 1
github.com/scttfrdmn/cargoship/pkg/aws/s3/parallel.go:154.3,154.14 1 0
github.com/scttfrdmn/cargoship/pkg/aws/s3/parallel.go:155.14,156.34 1 1
github.com/scttfrdmn/cargoship/pkg/aws/s3/parallel.go:157.20,158.40 1 1
github.com/scttfrdmn/cargoship/pkg/aws/s3/parallel.go:159.14,160.14 1 1
github.com/scttfrdmn/cargoship/pkg/aws/s3/parallel.go:161.10,162.34 1 1
github.com/scttfrdmn/cargoship/pkg/aws/s3/parallel.go:167.60,171.44 3 1
github.com/scttfrdmn/cargoship/pkg/aws/s3/parallel.go:171.44,176.3 2 1
github.com/scttfrdmn/cargoship/pkg/aws/s3/parallel.go:178.2,178.17 1 1
github.com/scttfrdmn/cargoship/pkg/aws/s3/parallel.go:182.66,185.44 2 1
github.com/scttfrdmn/cargoship/pkg/aws/s3/parallel.go:185.44,187.3 1 1
github.com/scttfrdmn/cargoship/pkg/aws/s3/parallel.go:189.2,189.17 1 1
github.com/scttfrdmn/cargoship/pkg/aws/s3/parallel.go:193.60,199.44 3 1
github.com/scttfrdmn/cargoship/pkg/aws/s3/parallel.go:199.44,204.3 3 1
github.com/scttfrdmn/cargoship/pkg/aws/s3/parallel.go:206.2,206.17 1 1
github.com/scttfrdmn/cargoship/pkg/aws/s3/parallel.go:210.100,214.34 2 1
github.com/scttfrdmn/cargoship/pkg/aws/s3/parallel.go:214.34,220.3 1 1
github.com/scttfrdmn/cargoship/pkg/aws/s3/parallel.go:223.2,223.32 1 1
github.com/scttfrdmn/cargoship/pkg/aws/s3/parallel.go:224.21,225.36 1 1
github.com/scttfrdmn/cargoship/pkg/aws/s3/parallel.go:225.36,228.4 2 1
github.com/scttfrdmn/cargoship/pkg/aws/s3/parallel.go:230.20,231.36 1 1
github.com/scttfrdmn/cargoship/pkg/aws/s3/parallel.go:231.36,235.4 3 1
github.com/scttfrdmn/cargoship/pkg/aws/s3/parallel.go:237.22,238.14 1 1
github.com/scttfrdmn/cargoship/pkg/aws/s3/parallel.go:239.10,241.40 1 1
github.com/scttfrdmn/cargoship/pkg/aws/s3/parallel.go:245.2,245.25 1 1
github.com/scttfrdmn/cargoship/pkg/aws/s3/parallel.go:245.25,247.47 2 1
github.com/scttfrdmn/cargoship/pkg/aws/s3/parallel.go:247.47,249.4 1 1
github.com/scttfrdmn/cargoship/pkg/aws/s3/parallel.go:250.3,250.55 1 1
github.com/scttfrdmn/cargoship/pkg/aws/s3/parallel.go:253.2,253.16 1 1
github.com/scttfrdmn/cargoship/pkg/aws/s3/parallel.go:257.88,261.35 2 1
github.com/scttfrdmn/cargoship/pkg/aws/s3/parallel.go:261.35,266.35 3 1
github.com/scttfrdmn/cargoship/pkg/aws/s3/parallel.go:266.35,267.22 1 1
github.com/scttfrdmn/cargoship/pkg/aws/s3/parallel.go:267.22,270.5 2 1
github.com/scttfrdmn/cargoship/pkg/aws/s3/parallel.go:274.3,275.37 2 1
github.com/scttfrdmn/cargoship/pkg/aws/s3/parallel.go:280.62,284.2 3 1
github.com/scttfrdmn/cargoship/pkg/aws/s3/parallel.go:287.125,295.26 2 1
github.com/scttfrdmn/cargoship/pkg/aws/s3/parallel.go:295.26,297.33 1 0
github.com/scttfrdmn/cargoship/pkg/aws/s3/parallel.go:297.33,299.79 2 0
github.com/scttfrdmn/cargoship/pkg/aws/s3/parallel.go:299.79,301.5 1 0
github.com/scttfrdmn/cargoship/pkg/aws/s3/parallel.go:306.2,311.32 3 1
github.com/scttfrdmn/cargoship/pkg/aws/s3/parallel.go:311.32,314.31 2 0
github.com/scttfrdmn/cargoship/pkg/aws/s3/parallel.go:314.31,315.12 1 0
github.com/scttfrdmn/cargoship/pkg/aws/s3/parallel.go:318.3,320.49 2 0
github.com/scttfrdmn/cargoship/pkg/aws/s3/parallel.go:320.49,325.28 3 0
github.com/scttfrdmn/cargoship/pkg/aws/s3/parallel.go:325.28,327.5 1 0
github.com/scttfrdmn/cargoship/pkg/aws/s3/parallel.go:327.10,330.5 1 0
github.com/scttfrdmn/cargoship/pkg/aws/s3/parallel.go:332.4,333.27 2 0
github.com/scttfrdmn/cargoship/pkg/aws/s3/parallel.go:333.27,338.5 4 0
github.com/scttfrdmn/cargoship/pkg/aws/s3/parallel.go:339.4,341.14 2 0
github.com/scttfrdmn/cargoship/pkg/aws/s3/parallel.go:346.2,346.42 1 1
github.com/scttfrdmn/cargoship/pkg/aws/s3/parallel.go:346.42,350.3 3 0
github.com/scttfrdmn/cargoship/pkg/aws/s3/parallel.go:352.2,361.20 4 1
github.com/scttfrdmn/cargoship/pkg/aws/s3/parallel.go:365.115,382.41 4 1
github.com/scttfrdmn/cargoship/pkg/aws/s3/parallel.go:382.41,388.50 3 0
github.com/scttfrdmn/cargoship/pkg/aws/s3/parallel.go:388.50,400.18 7 0
github.com/scttfrdmn/cargoship/pkg/aws/s3/parallel.go:400.18,403.5 2 0
github.com/scttfrdmn/cargoship/pkg/aws/s3/parallel.go:403.10,408.5 4 0
github.com/scttfrdmn/cargoship/pkg/aws/s3/parallel.go:409.4,411.18 2 0
github.com/scttfrdmn/cargoship/pkg/aws/s3/parallel.go:411.18,414.5 2 0
github.com/scttfrdmn/cargoship/pkg/aws/s3/parallel.go:416.4,417.14 2 0
github.com/scttfrdmn/cargoship/pkg/aws/s3/parallel.go:422.2,427.41 3 1
github.com/scttfrdmn/cargoship/pkg/aws/s3/parallel.go:427.41,430.3 2 1
github.com/scttfrdmn/cargoship/pkg/aws/s3/parallel.go:432.2,434.26 2 1
github.com/scttfrdmn/cargoship/pkg/aws/s3/parallel.go:461.51,465.38 2 1
github.com/scttfrdmn/cargoship/pkg/aws/s3/parallel.go:465.38,467.3 1 1
github.com/scttfrdmn/cargoship/pkg/aws/s3/parallel.go:469.2,471.30 2 1
github.com/scttfrdmn/cargoship/pkg/aws/s3/parallel.go:471.30,474.3 2 1
github.com/scttfrdmn/cargoship/pkg/aws/s3/parallel.go:478.67,482.9 2 1
github.com/scttfrdmn/cargoship/pkg/aws/s3/parallel.go:483.18,484.11 1 1
github.com/scttfrdmn/cargoship/pkg/aws/s3/parallel.go:485.19,486.11 1 1
github.com/scttfrdmn/cargoship/pkg/aws/s3/parallel.go:487.20,488.11 1 1
github.com/scttfrdmn/cargoship/pkg/aws/s3/parallel.go:489.21,490.11 1 1
github.com/scttfrdmn/cargoship/pkg/aws/s3/parallel.go:491.10,492.12 1 1
github.com/scttfrdmn/cargoship/pkg/aws/s3/parallel.go:497.95,502.35 4 1
github.com/scttfrdmn/cargoship/pkg/aws/s3/parallel.go:502.35,504.29 2 1
github.com/scttfrdmn/cargoship/pkg/aws/s3/parallel.go:504.29,506.4 1 1
github.com/scttfrdmn/cargoship/pkg/aws/s3/parallel.go:507.3,507.29 1 1
github.com/scttfrdmn/cargoship/pkg/aws/s3/parallel.go:507.29,509.4 1 1
github.com/scttfrdmn/cargoship/pkg/aws/s3/parallel.go:512.2,521.3 2 1
github.com/scttfrdmn/cargoship/pkg/aws/s3/parallel.go:535.91,538.9 2 1
github.com/scttfrdmn/cargoship/pkg/aws/s3/parallel.go:539.26,540.22 1 1
github.com/scttfrdmn/cargoship/pkg/aws/s3/parallel.go:541.20,542.16 1 1
github.com/scttfrdmn/cargoship/pkg/aws/s3/parallel.go:543.10,544.16 1 1
github.com/scttfrdmn/cargoship/pkg/aws/s3/parallel.go:549.126,567.41 5 1
github.com/scttfrdmn/cargoship/pkg/aws/s3/parallel.go:567.41,571.50 3 1
github.com/scttfrdmn/cargoship/pkg/aws/s3/parallel.go:571.50,585.72 2 1
github.com/scttfrdmn/cargoship/pkg/aws/s3/parallel.go:585.72,586.98 1 1
github.com/scttfrdmn/cargoship/pkg/aws/s3/parallel.go:586.98,588.13 1 0
github.com/scttfrdmn/cargoship/pkg/aws/s3/parallel.go:589.54,589.54 0 0
github.com/scttfrdmn/cargoship/pkg/aws/s3/parallel.go:591.24,592.23 1 0
github.com/scttfrdmn/cargoship/pkg/aws/s3/parallel.go:594.11,596.6 1 1
github.com/scttfrdmn/cargoship/pkg/aws/s3/parallel.go:600.4,612.27 7 0
github.com/scttfrdmn/cargoship/pkg/aws/s3/parallel.go:612.27,619.53 5 0
github.com/scttfrdmn/cargoship/pkg/aws/s3/parallel.go:619.53,621.6 1 0
github.com/scttfrdmn/cargoship/pkg/aws/s3/parallel.go:622.5,622.89 1 0
github.com/scttfrdmn/cargoship/pkg/aws/s3/parallel.go:622.89,624.6 1 0
github.com/scttfrdmn/cargoship/pkg/aws/s3/parallel.go:627.4,627.18 1 0
github.com/scttfrdmn/cargoship/pkg/aws/s3/parallel.go:627.18,630.5 2 0
github.com/scttfrdmn/cargoship/pkg/aws/s3/parallel.go:631.4,633.14 2 0
github.com/scttfrdmn/cargoship/pkg/aws/s3/parallel.go:638.2,638.43 1 1
github.com/scttfrdmn/cargoship/pkg/aws/s3/parallel.go:638.43,641.3 2 1
github.com/scttfrdmn/cargoship/pkg/aws/s3/parallel.go:644.2,647.36 3 0
github.com/scttfrdmn/cargoship/pkg/aws/s3/parallel.go:647.36,650.3 2 0
github.com/scttfrdmn/cargoship/pkg/aws/s3/parallel.go:652.2,660.20 2 0
github.com/scttfrdmn/cargoship/pkg/aws/s3/parallel.go:664.134,665.26 1 1
github.com/scttfrdmn/cargoship/pkg/aws/s3/parallel.go:665.26,667.3 1 0
github.com/scttfrdmn/cargoship/pkg/aws/s3/parallel.go:670.2,676.41 2 1
github.com/scttfrdmn/cargoship/pkg/aws/s3/parallel.go:676.41,690.41 6 1
github.com/scttfrdmn/cargoship/pkg/aws/s3/parallel.go:690.41,692.4 1 0
github.com/scttfrdmn/cargoship/pkg/aws/s3/parallel.go:696.2,696.16 1 1
github.com/scttfrdmn/cargoship/pkg/aws/s3/parallel.go:696.16,698.3 1 0
github.com/scttfrdmn/cargoship/pkg/aws/s3/parallel.go:698.8,700.3 1 1
github.com/scttfrdmn/cargoship/pkg/aws/s3/parallel.go:703.2,703.54 1 1
github.com/scttfrdmn/cargoship/pkg/aws/s3/parallel.go:707.74,708.26 1 1
github.com/scttfrdmn/cargoship/pkg/aws/s3/parallel.go:708.26,710.3 1 0
github.com/scttfrdmn/cargoship/pkg/aws/s3/parallel.go:711.2,711.35 1 1
github.com/scttfrdmn/cargoship/pkg/aws/s3/parallel.go:715.42,716.26 1 1
github.com/scttfrdmn/cargoship/pkg/aws/s3/parallel.go:716.26,718.3 1 1
github.com/scttfrdmn/cargoship/pkg/aws/s3/parallel.go:719.2,719.12 1 0
github.com/scttfrdmn/cargoship/pkg/aws/s3/parallel.go:723.24,724.11 1 1
github.com/scttfrdmn/cargoship/pkg/aws/s3/parallel.go:724.11,726.3 1 1
github.com/scttfrdmn/cargoship/pkg/aws/s3/parallel.go:727.2,727.10 1 1
github.com/scttfrdmn/cargoship/pkg/aws/s3/scheduler.go:18.57,22.2 3 1
github.com/scttfrdmn/cargoship/pkg/aws/s3/scheduler.go:25.80,47.2 5 1
github.com/scttfrdmn/cargoship/pkg/aws/s3/scheduler.go:50.91,54.32 3 1
github.com/scttfrdmn/cargoship/pkg/aws/s3/scheduler.go:54.32,56.3 1 1
github.com/scttfrdmn/cargoship/pkg/aws/s3/scheduler.go:58.2,58.28 1 1
github.com/scttfrdmn/cargoship/pkg/aws/s3/scheduler.go:59.18,60.40 1 1
github.com/scttfrdmn/cargoship/pkg/aws/s3/scheduler.go:61.20,62.42 1 1
github.com/scttfrdmn/cargoship/pkg/aws/s3/scheduler.go:63.18,64.41 1 1
github.com/scttfrdmn/cargoship/pkg/aws/s3/scheduler.go:65.10,66.41 1 0
github.com/scttfrdmn/cargoship/pkg/aws/s3/scheduler.go:71.91,80.50 3 1
github.com/scttfrdmn/cargoship/pkg/aws/s3/scheduler.go:80.50,100.3 7 1
github.com/scttfrdmn/cargoship/pkg/aws/s3/scheduler.go:103.2,103.45 1 1
github.com/scttfrdmn/cargoship/pkg/aws/s3/scheduler.go:103.45,105.3 1 1
github.com/scttfrdmn/cargoship/pkg/aws/s3/scheduler.go:108.2,108.74 1 1
github.com/scttfrdmn/cargoship/pkg/aws/s3/scheduler.go:108.74,110.35 1 1
github.com/scttfrdmn/cargoship/pkg/aws/s3/scheduler.go:110.35,112.4 1 1
github.com/scttfrdmn/cargoship/pkg/aws/s3/scheduler.go:115.2,115.36 1 1
github.com/scttfrdmn/cargoship/pkg/aws/s3/scheduler.go:119.93,123.50 3 1
github.com/scttfrdmn/cargoship/pkg/aws/s3/scheduler.go:123.50,125.37 2 1
github.com/scttfrdmn/cargoship/pkg/aws/s3/scheduler.go:125.37,127.4 1 1
github.com/scttfrdmn/cargoship/pkg/aws/s3/scheduler.go:129.3,129.38 1 1
github.com/scttfrdmn/cargoship/pkg/aws/s3/scheduler.go:129.38,132.4 2 1
github.com/scttfrdmn/cargoship/pkg/aws/s3/scheduler.go:135.2,135.22 1 1
github.com/scttfrdmn/cargoship/pkg/aws/s3/scheduler.go:135.22,137.42 1 0
github.com/scttfrdmn/cargoship/pkg/aws/s3/scheduler.go:137.42,139.4 1 0
github.com/scttfrdmn/cargoship/pkg/aws/s3/scheduler.go:140.3,140.49 1 0
github.com/scttfrdmn/cargoship/pkg/aws/s3/scheduler.go:143.2,143.24 1 1
github.com/scttfrdmn/cargoship/pkg/aws/s3/scheduler.go:147.92,150.16 2 1
github.com/scttfrdmn/cargoship/pkg/aws/s3/scheduler.go:150.16,152.3 1 0
github.com/scttfrdmn/cargoship/pkg/aws/s3/scheduler.go:155.2,160.25 3 1
github.com/scttfrdmn/cargoship/pkg/aws/s3/scheduler.go:164.110,168.41 2 1
github.com/scttfrdmn/cargoship/pkg/aws/s3/scheduler.go:168.41,173.33 3 1
github.com/scttfrdmn/cargoship/pkg/aws/s3/scheduler.go:173.33,175.55 1 0
github.com/scttfrdmn/cargoship/pkg/aws/s3/scheduler.go:175.55,176.77 1 0
github.com/scttfrdmn/cargoship/pkg/aws/s3/scheduler.go:176.77,178.105 2 0
github.com/scttfrdmn/cargoship/pkg/aws/s3/scheduler.go:178.105,180.7 1 0
github.com/scttfrdmn/cargoship/pkg/aws/s3/scheduler.go:186.2,186.23 1 1
github.com/scttfrdmn/cargoship/pkg/aws/s3/scheduler.go:190.113,192.48 1 1
github.com/scttfrdmn/cargoship/pkg/aws/s3/scheduler.go:192.48,196.44 1 1
github.com/scttfrdmn/cargoship/pkg/aws/s3/scheduler.go:196.44,197.59 1 1
github.com/scttfrdmn/cargoship/pkg/aws/s3/scheduler.go:197.59,200.25 2 0
github.com/scttfrdmn/cargoship/pkg/aws/s3/scheduler.go:200.25,202.6 1 0
github.com/scttfrdmn/cargoship/pkg/aws/s3/scheduler.go:207.3,207.75 1 1
github.com/scttfrdmn/cargoship/pkg/aws/s3/scheduler.go:207.75,209.30 2 1
github.com/scttfrdmn/cargoship/pkg/aws/s3/scheduler.go:209.30,211.5 1 1
github.com/scttfrdmn/cargoship/pkg/aws/s3/scheduler.go:215.2,215.23 1 1
github.com/scttfrdmn/cargoship/pkg/aws/s3/scheduler.go:219.102,224.13 4 1
github.com/scttfrdmn/cargoship/pkg/aws/s3/scheduler.go:224.13,226.3 1 1
github.com/scttfrdmn/cargoship/pkg/aws/s3/scheduler.go:229.2,244.34 10 1
github.com/scttfrdmn/cargoship/pkg/aws/s3/scheduler.go:248.95,253.50 3 1
github.com/scttfrdmn/cargoship/pkg/aws/s3/scheduler.go:253.50,255.3 1 1
github.com/scttfrdmn/cargoship/pkg/aws/s3/scheduler.go:258.2,259.47 2 1
github.com/scttfrdmn/cargoship/pkg/aws/s3/scheduler.go:259.47,261.3 1 1
github.com/scttfrdmn/cargoship/pkg/aws/s3/scheduler.go:264.2,265.45 2 1
github.com/scttfrdmn/cargoship/pkg/aws/s3/scheduler.go:265.45,267.3 1 1
github.com/scttfrdmn/cargoship/pkg/aws/s3/scheduler.go:271.50,277.43 5 1
github.com/scttfrdmn/cargoship/pkg/aws/s3/scheduler.go:277.43,281.32 4 1
github.com/scttfrdmn/cargoship/pkg/aws/s3/scheduler.go:281.32,283.4 1 1
github.com/scttfrdmn/cargoship/pkg/aws/s3/scheduler.go:286.2,288.21 3 1
github.com/scttfrdmn/cargoship/pkg/aws/s3/scheduler.go:288.21,290.3 1 1
github.com/scttfrdmn/cargoship/pkg/aws/s3/scheduler.go:291.2,291.40 1 1
github.com/scttfrdmn/cargoship/pkg/aws/s3/scheduler.go:295.86,297.71 1 1
github.com/scttfrdmn/cargoship/pkg/aws/s3/scheduler.go:297.71,303.3 2 1
github.com/scttfrdmn/cargoship/pkg/aws/s3/scheduler.go:306.2,306.27 1 1
github.com/scttfrdmn/cargoship/pkg/aws/s3/scheduler.go:306.27,308.83 2 1
github.com/scttfrdmn/cargoship/pkg/aws/s3/scheduler.go:308.83,310.4 1 1
github.com/scttfrdmn/cargoship/pkg/aws/s3/scheduler.go:314.2,322.50 3 1
github.com/scttfrdmn/cargoship/pkg/aws/s3/scheduler.go:326.56,332.43 4 1
github.com/scttfrdmn/cargoship/pkg/aws/s3/scheduler.go:332.43,333.42 1 1
github.com/scttfrdmn/cargoship/pkg/aws/s3/scheduler.go:333.42,340.4 5 1
github.com/scttfrdmn/cargoship/pkg/aws/s3/scheduler.go:343.2,343.21 1 1
github.com/scttfrdmn/cargoship/pkg/aws/s3/scheduler.go:343.21,349.17 4 1
github.com/scttfrdmn/cargoship/pkg/aws/s3/scheduler.go:349.17,351.4 1 1
github.com/scttfrdmn/cargoship/pkg/aws/s3/scheduler.go:351.9,351.25 1 1
github.com/scttfrdmn/cargoship/pkg/aws/s3/scheduler.go:351.25,353.4 1 1
github.com/scttfrdmn/cargoship/pkg/aws/s3/scheduler.go:353.9,355.4 1 1
github.com/scttfrdmn/cargoship/pkg/aws/s3/scheduler.go:360.61,373.2 3 1
github.com/scttfrdmn/cargoship/pkg/aws/s3/scheduler.go:388.90,389.22 1 1
github.com/scttfrdmn/cargoship/pkg/aws/s3/scheduler.go:389.22,391.3 1 0
github.com/scttfrdmn/cargoship/pkg/aws/s3/scheduler.go:393.2,394.15 2 1
github.com/scttfrdmn/cargoship/pkg/aws/s3/scheduler.go:394.15,396.3 1 0
github.com/scttfrdmn/cargoship/pkg/aws/s3/scheduler.go:398.2,399.39 2 1
github.com/scttfrdmn/cargoship/pkg/aws/s3/scheduler.go:399.39,401.3 1 1
github.com/scttfrdmn/cargoship/pkg/aws/s3/scheduler.go:403.2,403.41 1 1
github.com/scttfrdmn/cargoship/pkg/aws/s3/scheduler.go:406.80,407.22 1 1
github.com/scttfrdmn/cargoship/pkg/aws/s3/scheduler.go:407.22,409.3 1 0
github.com/scttfrdmn/cargoship/pkg/aws/s3/scheduler.go:411.2,412.27 2 1
github.com/scttfrdmn/cargoship/pkg/aws/s3/scheduler.go:412.27,414.3 1 1
github.com/scttfrdmn/cargoship/pkg/aws/s3/scheduler.go:416.2,416.35 1 1
github.com/scttfrdmn/cargoship/pkg/aws/s3/scheduler.go:419.88,423.50 3 1
github.com/scttfrdmn/cargoship/pkg/aws/s3/scheduler.go:423.50,424.42 1 1
github.com/scttfrdmn/cargoship/pkg/aws/s3/scheduler.go:424.42,429.58 4 1
github.com/scttfrdmn/cargoship/pkg/aws/s3/scheduler.go:429.58,432.5 2 1
github.com/scttfrdmn/cargoship/pkg/aws/s3/scheduler.go:436.2,436.19 1 1
github.com/scttfrdmn/cargoship/pkg/aws/s3/scheduler.go:439.63,443.50 3 1
github.com/scttfrdmn/cargoship/pkg/aws/s3/scheduler.go:443.50,444.101 1 1
github.com/scttfrdmn/cargoship/pkg/aws/s3/scheduler.go:444.101,447.4 2 1
github.com/scttfrdmn/cargoship/pkg/aws/s3/scheduler.go:450.2,450.19 1 1
github.com/scttfrdmn/cargoship/pkg/aws/s3/scheduler.go:453.71,454.32 1 1
github.com/scttfrdmn/cargoship/pkg/aws/s3/scheduler.go:454.32,456.3 1 1
github.com/scttfrdmn/cargoship/pkg/aws/s3/scheduler.go:458.2,462.43 3 1
github.com/scttfrdmn/cargoship/pkg/aws/s3/scheduler.go:462.43,465.3 2 1
github.com/scttfrdmn/cargoship/pkg/aws/s3/scheduler.go:466.2,469.43 2 1
github.com/scttfrdmn/cargoship/pkg/aws/s3/scheduler.go:469.43,472.3 2 1
github.com/scttfrdmn/cargoship/pkg/aws/s3/scheduler.go:473.2,477.34 3 1
github.com/scttfrdmn/cargoship/pkg/aws/s3/scheduler.go:480.68,481.32 1 1
github.com/scttfrdmn/cargoship/pkg/aws/s3/scheduler.go:481.32,483.3 1 1
github.com/scttfrdmn/cargoship/pkg/aws/s3/scheduler.go:485.2,486.43 2 1
github.com/scttfrdmn/cargoship/pkg/aws/s3/scheduler.go:486.43,488.3 1 1
github.com/scttfrdmn/cargoship/pkg/aws/s3/scheduler.go:490.2,490.61 1 1
github.com/scttfrdmn/cargoship/pkg/aws/s3/scheduler.go:493.68,494.51 1 1
github.com/scttfrdmn/cargoship/pkg/aws/s3/scheduler.go:494.51,496.3 1 0
github.com/scttfrdmn/cargoship/pkg/aws/s3/scheduler.go:498.2,498.102 1 1
github.com/scttfrdmn/cargoship/pkg/aws/s3/scheduler.go:502.66,506.6 3 1
github.com/scttfrdmn/cargoship/pkg/aws/s3/scheduler.go:506.6,507.10 1 1
github.com/scttfrdmn/cargoship/pkg/aws/s3/scheduler.go:508.21,509.10 1 1
github.com/scttfrdmn/cargoship/pkg/aws/s3/scheduler.go:510.19,511.39 1 1
github.com/scttfrdmn/cargoship/pkg/aws/s3/scheduler.go:517.73,521.6 3 1
github.com/scttfrdmn/cargoship/pkg/aws/s3/scheduler.go:521.6,522.10 1 1
github.com/scttfrdmn/cargoship/pkg/aws/s3/scheduler.go:523.21,524.10 1 1
github.com/scttfrdmn/cargoship/pkg/aws/s3/scheduler.go:525.19,526.33 1 0
github.com/scttfrdmn/cargoship/pkg/aws/s3/scheduler.go:532.76,536.6 3 1
github.com/scttfrdmn/cargoship/pkg/aws/s3/scheduler.go:536.6,537.10 1 1
github.com/scttfrdmn/cargoship/pkg/aws/s3/scheduler.go:538.21,539.10 1 1
github.com/scttfrdmn/cargoship/pkg/aws/s3/scheduler.go:540.19,541.37 1 0
github.com/scttfrdmn/cargoship/pkg/aws/s3/scheduler.go:546.63,558.2 5 1
github.com/scttfrdmn/cargoship/pkg/aws/s3/scheduler.go:560.57,572.2 5 1
github.com/scttfrdmn/cargoship/pkg/aws/s3/scheduler.go:574.61,586.2 5 1
github.com/scttfrdmn/cargoship/pkg/aws/s3/scheduler.go:588.56,590.50 1 1
github.com/scttfrdmn/cargoship/pkg/aws/s3/scheduler.go:590.50,591.31 1 1
github.com/scttfrdmn/cargoship/pkg/aws/s3/scheduler.go:591.31,594.36 2 0
github.com/scttfrdmn/cargoship/pkg/aws/s3/scheduler.go:594.36,596.5 1 0
github.com/scttfrdmn/cargoship/pkg/aws/s3/scheduler.go:597.9,597.76 1 1
github.com/scttfrdmn/cargoship/pkg/aws/s3/scheduler.go:597.76,600.67 2 1
github.com/scttfrdmn/cargoship/pkg/aws/s3/scheduler.go:600.67,602.5 1 0
github.com/scttfrdmn/cargoship/pkg/aws/s3/scheduler.go:605.3,605.39 1 1
github.com/scttfrdmn/cargoship/pkg/aws/s3/scheduler.go:609.57,612.48 1 1
github.com/scttfrdmn/cargoship/pkg/aws/s3/scheduler.go:612.48,614.3 1 1
github.com/scttfrdmn/cargoship/pkg/aws/s3/scheduler.go:617.60,620.2 0 1
github.com/scttfrdmn/cargoship/pkg/aws/s3/scheduler.go:622.60,625.2 0 1
github.com/scttfrdmn/cargoship/pkg/aws/s3/scheduler.go:627.62,630.2 0 1
github.com/scttfrdmn/cargoship/pkg/aws/s3/scheduler.go:632.54,635.2 0 1
github.com/scttfrdmn/cargoship/pkg/aws/s3/scheduler.go:637.58,640.2 0 1
github.com/scttfrdmn/cargoship/pkg/aws/s3/scheduler.go:642.58,645.2 0 1
github.com/scttfrdmn/cargoship/pkg/aws/s3/scheduler.go:648.82,654.2 4 1
github.com/scttfrdmn/cargoship/pkg/aws/s3/scheduler.go:657.102,661.59 3 1
github.com/scttfrdmn/cargoship/pkg/aws/s3/scheduler.go:661.59,663.3 1 1
github.com/scttfrdmn/cargoship/pkg/aws/s3/scheduler.go:666.2,666.40 1 0
github.com/scttfrdmn/cargoship/pkg/aws/s3/scheduler.go:666.40,669.3 2 0
github.com/scttfrdmn/cargoship/pkg/aws/s3/scheduler.go:672.105,673.28 1 1
github.com/scttfrdmn/cargoship/pkg/aws/s3/scheduler.go:673.28,675.3 1 0
github.com/scttfrdmn/cargoship/pkg/aws/s3/scheduler.go:677.2,678.40 2 1
github.com/scttfrdmn/cargoship/pkg/aws/s3/scheduler.go:678.40,680.3 1 1
github.com/scttfrdmn/cargoship/pkg/aws/s3/scheduler.go:683.2,684.38 2 1
github.com/scttfrdmn/cargoship/pkg/aws/s3/scheduler.go:684.38,686.3 1 1
github.com/scttfrdmn/cargoship/pkg/aws/s3/scheduler.go:687.2,690.38 3 1
github.com/scttfrdmn/cargoship/pkg/aws/s3/scheduler.go:690.38,693.3 2 1
github.com/scttfrdmn/cargoship/pkg/aws/s3/scheduler.go:694.2,697.36 3 1
github.com/scttfrdmn/cargoship/pkg/aws/s3/scheduler.go:700.101,702.47 1 1
github.com/scttfrdmn/cargoship/pkg/aws/s3/scheduler.go:702.47,703.60 1 1
github.com/scttfrdmn/cargoship/pkg/aws/s3/scheduler.go:703.60,713.4 5 1
github.com/scttfrdmn/cargoship/pkg/aws/s3/staging_transporter.go:36.177,40.26 2 1
github.com/scttfrdmn/cargoship/pkg/aws/s3/staging_transporter.go:40.26,42.3 1 1
github.com/scttfrdmn/cargoship/pkg/aws/s3/staging_transporter.go:44.2,44.19 1 1
github.com/scttfrdmn/cargoship/pkg/aws/s3/staging_transporter.go:44.19,46.3 1 1
github.com/scttfrdmn/cargoship/pkg/aws/s3/staging_transporter.go:48.2,55.33 2 1
github.com/scttfrdmn/cargoship/pkg/aws/s3/staging_transporter.go:55.33,73.17 4 1
github.com/scttfrdmn/cargoship/pkg/aws/s3/staging_transporter.go:73.17,75.4 1 0
github.com/scttfrdmn/cargoship/pkg/aws/s3/staging_transporter.go:77.3,80.57 1 1
github.com/scttfrdmn/cargoship/pkg/aws/s3/staging_transporter.go:81.8,83.3 1 1
github.com/scttfrdmn/cargoship/pkg/aws/s3/staging_transporter.go:85.2,85.16 1 1
github.com/scttfrdmn/cargoship/pkg/aws/s3/staging_transporter.go:89.44,97.2 1 1
github.com/scttfrdmn/cargoship/pkg/aws/s3/staging_transporter.go:100.110,101.57 1 1
github.com/scttfrdmn/cargoship/pkg/aws/s3/staging_transporter.go:101.57,104.3 1 0
github.com/scttfrdmn/cargoship/pkg/aws/s3/staging_transporter.go:106.2,128.16 5 1
github.com/scttfrdmn/cargoship/pkg/aws/s3/staging_transporter.go:128.16,135.3 2 1
github.com/scttfrdmn/cargoship/pkg/aws/s3/staging_transporter.go:138.2,147.20 3 0
github.com/scttfrdmn/cargoship/pkg/aws/s3/staging_transporter.go:151.142,154.39 2 1
github.com/scttfrdmn/cargoship/pkg/aws/s3/staging_transporter.go:154.39,156.3 1 0
github.com/scttfrdmn/cargoship/pkg/aws/s3/staging_transporter.go:158.2,158.20 1 1
github.com/scttfrdmn/cargoship/pkg/aws/s3/staging_transporter.go:162.127,167.75 2 1
github.com/scttfrdmn/cargoship/pkg/aws/s3/staging_transporter.go:167.75,169.3 1 1
github.com/scttfrdmn/cargoship/pkg/aws/s3/staging_transporter.go:172.2,172.68 1 0
github.com/scttfrdmn/cargoship/pkg/aws/s3/staging_transporter.go:176.156,181.2 2 1
github.com/scttfrdmn/cargoship/pkg/aws/s3/staging_transporter.go:184.167,194.16 3 0
github.com/scttfrdmn/cargoship/pkg/aws/s3/staging_transporter.go:194.16,196.3 1 0
github.com/scttfrdmn/cargoship/pkg/aws/s3/staging_transporter.go:198.2,205.16 5 0
github.com/scttfrdmn/cargoship/pkg/aws/s3/staging_transporter.go:205.16,207.97 1 0
github.com/scttfrdmn/cargoship/pkg/aws/s3/staging_transporter.go:207.97,209.4 1 0
github.com/scttfrdmn/cargoship/pkg/aws/s3/staging_transporter.go:210.3,210.60 1 0
github.com/scttfrdmn/cargoship/pkg/aws/s3/staging_transporter.go:214.2,222.16 2 0
github.com/scttfrdmn/cargoship/pkg/aws/s3/staging_transporter.go:222.16,224.3 1 0
github.com/scttfrdmn/cargoship/pkg/aws/s3/staging_transporter.go:226.2,237.8 3 0
github.com/scttfrdmn/cargoship/pkg/aws/s3/staging_transporter.go:241.138,246.6 4 0
github.com/scttfrdmn/cargoship/pkg/aws/s3/staging_transporter.go:246.6,249.20 2 0
github.com/scttfrdmn/cargoship/pkg/aws/s3/staging_transporter.go:249.20,250.9 1 0
github.com/scttfrdmn/cargoship/pkg/aws/s3/staging_transporter.go:252.3,252.17 1 0
github.com/scttfrdmn/cargoship/pkg/aws/s3/staging_transporter.go:252.17,254.4 1 0
github.com/scttfrdmn/cargoship/pkg/aws/s3/staging_transporter.go:256.3,269.66 3 0
github.com/scttfrdmn/cargoship/pkg/aws/s3/staging_transporter.go:269.66,272.4 1 0
github.com/scttfrdmn/cargoship/pkg/aws/s3/staging_transporter.go:275.3,282.17 2 0
github.com/scttfrdmn/cargoship/pkg/aws/s3/staging_transporter.go:282.17,284.4 1 0
github.com/scttfrdmn/cargoship/pkg/aws/s3/staging_transporter.go:287.3,302.10 6 0
github.com/scttfrdmn/cargoship/pkg/aws/s3/staging_transporter.go:303.21,304.25 1 0
github.com/scttfrdmn/cargoship/pkg/aws/s3/staging_transporter.go:305.11,305.11 0 0
github.com/scttfrdmn/cargoship/pkg/aws/s3/staging_transporter.go:309.2,309.28 1 0
github.com/scttfrdmn/cargoship/pkg/aws/s3/staging_transporter.go:313.110,314.29 1 1
github.com/scttfrdmn/cargoship/pkg/aws/s3/staging_transporter.go:314.29,316.3 1 0
github.com/scttfrdmn/cargoship/pkg/aws/s3/staging_transporter.go:319.2,332.60 2 1
github.com/scttfrdmn/cargoship/pkg/aws/s3/staging_transporter.go:336.82,337.31 1 1
github.com/scttfrdmn/cargoship/pkg/aws/s3/staging_transporter.go:337.31,339.3 1 1
github.com/scttfrdmn/cargoship/pkg/aws/s3/staging_transporter.go:341.2,341.62 1 1
github.com/scttfrdmn/cargoship/pkg/aws/s3/staging_transporter.go:345.86,358.2 1 1
github.com/scttfrdmn/cargoship/pkg/aws/s3/staging_transporter.go:361.82,362.25 1 1
github.com/scttfrdmn/cargoship/pkg/aws/s3/staging_transporter.go:363.31,364.22 1 1
github.com/scttfrdmn/cargoship/pkg/aws/s3/staging_transporter.go:365.13,366.18 1 1
github.com/scttfrdmn/cargoship/pkg/aws/s3/staging_transporter.go:367.10,368.18 1 1
github.com/scttfrdmn/cargoship/pkg/aws/s3/staging_transporter.go:373.108,377.18 3 1
github.com/scttfrdmn/cargoship/pkg/aws/s3/staging_transporter.go:377.18,381.3 3 1
github.com/scttfrdmn/cargoship/pkg/aws/s3/staging_transporter.go:385.98,386.53 1 1
github.com/scttfrdmn/cargoship/pkg/aws/s3/staging_transporter.go:386.53,388.3 1 1
github.com/scttfrdmn/cargoship/pkg/aws/s3/staging_transporter.go:391.2,392.72 2 1
github.com/scttfrdmn/cargoship/pkg/aws/s3/staging_transporter.go:396.101,403.2 2 0
github.com/scttfrdmn/cargoship/pkg/aws/s3/staging_transporter.go:406.75,407.29 1 1
github.com/scttfrdmn/cargoship/pkg/aws/s3/staging_transporter.go:407.29,409.3 1 1
github.com/scttfrdmn/cargoship/pkg/aws/s3/staging_transporter.go:411.2,411.38 1 1
github.com/scttfrdmn/cargoship/pkg/aws/s3/staging_transporter.go:415.44,416.29 1 1
github.com/scttfrdmn/cargoship/pkg/aws/s3/staging_transporter.go:416.29,418.3 1 1
github.com/scttfrdmn/cargoship/pkg/aws/s3/staging_transporter.go:419.2,419.12 1 1
github.com/scttfrdmn/cargoship/pkg/aws/s3/staging_transporter.go:450.58,451.31 1 1
github.com/scttfrdmn/cargoship/pkg/aws/s3/staging_transporter.go:451.31,453.3 1 1
github.com/scttfrdmn/cargoship/pkg/aws/s3/staging_transporter.go:455.2,457.15 3 1
github.com/scttfrdmn/cargoship/pkg/aws/s3/staging_transporter.go:461.70,462.16 1 1
github.com/scttfrdmn/cargoship/pkg/aws/s3/staging_transporter.go:463.20,464.26 1 1
github.com/scttfrdmn/cargoship/pkg/aws/s3/staging_transporter.go:465.22,466.27 1 1
github.com/scttfrdmn/cargoship/pkg/aws/s3/staging_transporter.go:467.18,468.41 1 1
github.com/scttfrdmn/cargoship/pkg/aws/s3/staging_transporter.go:471.2,471.19 1 1
github.com/scttfrdmn/cargoship/pkg/aws/s3/staging_transporter.go:471.19,473.3 1 1
github.com/scttfrdmn/cargoship/pkg/aws/s3/staging_transporter.go:474.2,474.30 1 1
github.com/scttfrdmn/cargoship/pkg/aws/s3/staging_transporter.go:474.30,476.3 1 1
github.com/scttfrdmn/cargoship/pkg/aws/s3/staging_transporter.go:478.2,478.30 1 1
github.com/scttfrdmn/cargoship/pkg/aws/s3/transporter.go:52.80,53.68 1 1
github.com/scttfrdmn/cargoship/pkg/aws/s3/transporter.go:53.68,58.3 4 1
github.com/scttfrdmn/cargoship/pkg/aws/s3/transporter.go:60.2,64.3 1 1
github.com/scttfrdmn/cargoship/pkg/aws/s3/transporter.go:68.91,84.29 4 1
github.com/scttfrdmn/cargoship/pkg/aws/s3/transporter.go:84.29,87.3 2 0
github.com/scttfrdmn/cargoship/pkg/aws/s3/transporter.go:90.2,91.16 2 1
github.com/scttfrdmn/cargoship/pkg/aws/s3/transporter.go:91.16,93.3 1 1
github.com/scttfrdmn/cargoship/pkg/aws/s3/transporter.go:95.2,106.8 3 0
github.com/scttfrdmn/cargoship/pkg/aws/s3/transporter.go:110.80,112.63 1 1
github.com/scttfrdmn/cargoship/pkg/aws/s3/transporter.go:112.63,114.3 1 1
github.com/scttfrdmn/cargoship/pkg/aws/s3/transporter.go:117.2,117.71 1 1
github.com/scttfrdmn/cargoship/pkg/aws/s3/transporter.go:117.71,119.3 1 1
github.com/scttfrdmn/cargoship/pkg/aws/s3/transporter.go:122.2,122.67 1 1
github.com/scttfrdmn/cargoship/pkg/aws/s3/transporter.go:122.67,124.3 1 1
github.com/scttfrdmn/cargoship/pkg/aws/s3/transporter.go:127.2,127.43 1 1
github.com/scttfrdmn/cargoship/pkg/aws/s3/transporter.go:127.43,129.3 1 1
github.com/scttfrdmn/cargoship/pkg/aws/s3/transporter.go:132.2,132.71 1 1
github.com/scttfrdmn/cargoship/pkg/aws/s3/transporter.go:132.71,134.3 1 1
github.com/scttfrdmn/cargoship/pkg/aws/s3/transporter.go:137.2,137.35 1 1
github.com/scttfrdmn/cargoship/pkg/aws/s3/transporter.go:141.72,145.37 2 1
github.com/scttfrdmn/cargoship/pkg/aws/s3/transporter.go:145.37,147.3 1 1
github.com/scttfrdmn/cargoship/pkg/aws/s3/transporter.go:150.2,155.33 5 1
github.com/scttfrdmn/cargoship/pkg/aws/s3/transporter.go:155.33,157.3 1 1
github.com/scttfrdmn/cargoship/pkg/aws/s3/transporter.go:159.2,159.31 1 1
github.com/scttfrdmn/cargoship/pkg/aws/s3/transporter.go:159.31,161.3 1 1
github.com/scttfrdmn/cargoship/pkg/aws/s3/transporter.go:163.2,163.17 1 1
github.com/scttfrdmn/cargoship/pkg/aws/s3/transporter.go:167.77,173.16 2 1
github.com/scttfrdmn/cargoship/pkg/aws/s3/transporter.go:173.16,176.32 2 0
github.com/scttfrdmn/cargoship/pkg/aws/s3/transporter.go:176.32,178.4 1 0
github.com/scttfrdmn/cargoship/pkg/aws/s3/transporter.go:179.3,179.20 1 0
github.com/scttfrdmn/cargoship/pkg/aws/s3/transporter.go:182.2,182.18 1 0
github.com/scttfrdmn/cargoship/pkg/aws/s3/transporter.go:186.100,191.2 1 1
github.com/scttfrdmn/cargoship/pkg/staging/adaptive_controller.go:91.90,100.2 1 1
github.com/scttfrdmn/cargoship/pkg/staging/adaptive_controller.go:103.73,107.16 3 1
github.com/scttfrdmn/cargoship/pkg/staging/adaptive_controller.go:107.16,109.3 1 1
github.com/scttfrdmn/cargoship/pkg/staging/adaptive_controller.go:111.2,117.12 4 1
github.com/scttfrdmn/cargoship/pkg/staging/adaptive_controller.go:121.53,125.17 3 1
github.com/scttfrdmn/cargoship/pkg/staging/adaptive_controller.go:125.17,127.3 1 0
github.com/scttfrdmn/cargoship/pkg/staging/adaptive_controller.go:129.2,132.12 3 1
github.com/scttfrdmn/cargoship/pkg/staging/adaptive_controller.go:136.138,140.26 3 1
github.com/scttfrdmn/cargoship/pkg/staging/adaptive_controller.go:140.26,142.3 1 1
github.com/scttfrdmn/cargoship/pkg/staging/adaptive_controller.go:144.2,159.12 3 1
github.com/scttfrdmn/cargoship/pkg/staging/adaptive_controller.go:163.83,168.13 4 1
github.com/scttfrdmn/cargoship/pkg/staging/adaptive_controller.go:168.13,170.3 1 1
github.com/scttfrdmn/cargoship/pkg/staging/adaptive_controller.go:172.2,180.12 4 1
github.com/scttfrdmn/cargoship/pkg/staging/adaptive_controller.go:184.96,199.54 4 1
github.com/scttfrdmn/cargoship/pkg/staging/adaptive_controller.go:199.54,200.21 1 1
github.com/scttfrdmn/cargoship/pkg/staging/adaptive_controller.go:200.21,202.18 2 1
github.com/scttfrdmn/cargoship/pkg/staging/adaptive_controller.go:202.18,203.13 1 0
github.com/scttfrdmn/cargoship/pkg/staging/adaptive_controller.go:208.2,208.12 1 1
github.com/scttfrdmn/cargoship/pkg/staging/adaptive_controller.go:212.116,214.13 2 1
github.com/scttfrdmn/cargoship/pkg/staging/adaptive_controller.go:214.13,216.3 1 0
github.com/scttfrdmn/cargoship/pkg/staging/adaptive_controller.go:218.2,235.55 8 1
github.com/scttfrdmn/cargoship/pkg/staging/adaptive_controller.go:235.55,237.3 1 0
github.com/scttfrdmn/cargoship/pkg/staging/adaptive_controller.go:239.2,239.12 1 1
github.com/scttfrdmn/cargoship/pkg/staging/adaptive_controller.go:243.133,250.24 4 1
github.com/scttfrdmn/cargoship/pkg/staging/adaptive_controller.go:250.24,252.67 2 1
github.com/scttfrdmn/cargoship/pkg/staging/adaptive_controller.go:252.67,254.4 1 1
github.com/scttfrdmn/cargoship/pkg/staging/adaptive_controller.go:258.2,258.55 1 1
github.com/scttfrdmn/cargoship/pkg/staging/adaptive_controller.go:258.55,260.3 1 0
github.com/scttfrdmn/cargoship/pkg/staging/adaptive_controller.go:263.2,264.28 2 1
github.com/scttfrdmn/cargoship/pkg/staging/adaptive_controller.go:264.28,266.3 1 0
github.com/scttfrdmn/cargoship/pkg/staging/adaptive_controller.go:268.2,268.19 1 1
github.com/scttfrdmn/cargoship/pkg/staging/adaptive_controller.go:272.174,277.13 4 1
github.com/scttfrdmn/cargoship/pkg/staging/adaptive_controller.go:277.13,279.3 1 0
github.com/scttfrdmn/cargoship/pkg/staging/adaptive_controller.go:281.2,298.50 6 1
github.com/scttfrdmn/cargoship/pkg/staging/adaptive_controller.go:298.50,300.3 1 0
github.com/scttfrdmn/cargoship/pkg/staging/adaptive_controller.go:301.2,301.46 1 1
github.com/scttfrdmn/cargoship/pkg/staging/adaptive_controller.go:301.46,303.3 1 0
github.com/scttfrdmn/cargoship/pkg/staging/adaptive_controller.go:306.2,308.12 2 1
github.com/scttfrdmn/cargoship/pkg/staging/adaptive_controller.go:312.87,316.6 3 1
github.com/scttfrdmn/cargoship/pkg/staging/adaptive_controller.go:316.6,317.10 1 1
github.com/scttfrdmn/cargoship/pkg/staging/adaptive_controller.go:318.21,319.10 1 1
github.com/scttfrdmn/cargoship/pkg/staging/adaptive_controller.go:320.19,321.36 1 0
github.com/scttfrdmn/cargoship/pkg/staging/adaptive_controller.go:327.69,330.46 3 1
github.com/scttfrdmn/cargoship/pkg/staging/adaptive_controller.go:330.46,331.21 1 1
github.com/scttfrdmn/cargoship/pkg/staging/adaptive_controller.go:331.21,333.4 1 1
github.com/scttfrdmn/cargoship/pkg/staging/adaptive_controller.go:335.2,337.35 2 1
github.com/scttfrdmn/cargoship/pkg/staging/adaptive_controller.go:337.35,339.3 1 1
github.com/scttfrdmn/cargoship/pkg/staging/adaptive_controller.go:343.92,344.41 1 1
github.com/scttfrdmn/cargoship/pkg/staging/adaptive_controller.go:344.41,346.3 1 1
github.com/scttfrdmn/cargoship/pkg/staging/adaptive_controller.go:349.2,349.54 1 0
github.com/scttfrdmn/cargoship/pkg/staging/adaptive_controller.go:349.54,351.3 1 0
github.com/scttfrdmn/cargoship/pkg/staging/adaptive_controller.go:354.2,355.30 2 0
github.com/scttfrdmn/cargoship/pkg/staging/adaptive_controller.go:355.30,357.3 1 0
github.com/scttfrdmn/cargoship/pkg/staging/adaptive_controller.go:359.2,364.37 4 0
github.com/scttfrdmn/cargoship/pkg/staging/adaptive_controller.go:364.37,366.3 1 0
github.com/scttfrdmn/cargoship/pkg/staging/adaptive_controller.go:369.2,374.44 4 0
github.com/scttfrdmn/cargoship/pkg/staging/adaptive_controller.go:374.44,377.3 2 0
github.com/scttfrdmn/cargoship/pkg/staging/adaptive_controller.go:380.2,380.28 1 0
github.com/scttfrdmn/cargoship/pkg/staging/adaptive_controller.go:380.28,383.3 2 0
github.com/scttfrdmn/cargoship/pkg/staging/adaptive_controller.go:386.2,387.22 2 0
github.com/scttfrdmn/cargoship/pkg/staging/adaptive_controller.go:387.22,390.3 2 0
github.com/scttfrdmn/cargoship/pkg/staging/adaptive_controller.go:392.2,392.22 1 0
github.com/scttfrdmn/cargoship/pkg/staging/adaptive_controller.go:392.22,394.3 1 0
github.com/scttfrdmn/cargoship/pkg/staging/adaptive_controller.go:398.135,400.22 2 1
github.com/scttfrdmn/cargoship/pkg/staging/adaptive_controller.go:400.22,402.3 1 0
github.com/scttfrdmn/cargoship/pkg/staging/adaptive_controller.go:404.2,408.16 4 1
github.com/scttfrdmn/cargoship/pkg/staging/adaptive_controller.go:408.16,411.3 1 0
github.com/scttfrdmn/cargoship/pkg/staging/adaptive_controller.go:415.156,419.16 3 1
github.com/scttfrdmn/cargoship/pkg/staging/adaptive_controller.go:420.26,421.75 1 1
github.com/scttfrdmn/cargoship/pkg/staging/adaptive_controller.go:422.31,423.80 1 1
github.com/scttfrdmn/cargoship/pkg/staging/adaptive_controller.go:424.25,425.70 1 1
github.com/scttfrdmn/cargoship/pkg/staging/adaptive_controller.go:429.2,429.52 1 1
github.com/scttfrdmn/cargoship/pkg/staging/adaptive_controller.go:433.167,435.107 1 1
github.com/scttfrdmn/cargoship/pkg/staging/adaptive_controller.go:435.107,437.3 1 1
github.com/scttfrdmn/cargoship/pkg/staging/adaptive_controller.go:440.2,440.22 1 1
github.com/scttfrdmn/cargoship/pkg/staging/adaptive_controller.go:440.22,443.3 2 1
github.com/scttfrdmn/cargoship/pkg/staging/adaptive_controller.go:446.2,446.54 1 1
github.com/scttfrdmn/cargoship/pkg/staging/adaptive_controller.go:446.54,448.3 1 1
github.com/scttfrdmn/cargoship/pkg/staging/adaptive_controller.go:450.2,450.15 1 1
github.com/scttfrdmn/cargoship/pkg/staging/adaptive_controller.go:454.172,456.28 1 1
github.com/scttfrdmn/cargoship/pkg/staging/adaptive_controller.go:456.28,458.3 1 1
github.com/scttfrdmn/cargoship/pkg/staging/adaptive_controller.go:461.2,467.15 4 1
github.com/scttfrdmn/cargoship/pkg/staging/adaptive_controller.go:471.162,489.2 9 1
github.com/scttfrdmn/cargoship/pkg/staging/adaptive_controller.go:494.109,495.25 1 1
github.com/scttfrdmn/cargoship/pkg/staging/adaptive_controller.go:495.25,497.3 1 1
github.com/scttfrdmn/cargoship/pkg/staging/adaptive_controller.go:499.2,500.37 2 1
github.com/scttfrdmn/cargoship/pkg/staging/adaptive_controller.go:500.37,502.3 1 1
github.com/scttfrdmn/cargoship/pkg/staging/adaptive_controller.go:504.2,504.40 1 1
github.com/scttfrdmn/cargoship/pkg/staging/adaptive_controller.go:508.107,509.24 1 1
github.com/scttfrdmn/cargoship/pkg/staging/adaptive_controller.go:509.24,511.3 1 1
github.com/scttfrdmn/cargoship/pkg/staging/adaptive_controller.go:514.2,520.19 5 1
github.com/scttfrdmn/cargoship/pkg/staging/adaptive_controller.go:520.19,522.3 1 1
github.com/scttfrdmn/cargoship/pkg/staging/adaptive_controller.go:524.2,524.42 1 1
github.com/scttfrdmn/cargoship/pkg/staging/adaptive_controller.go:528.133,529.22 1 1
github.com/scttfrdmn/cargoship/pkg/staging/adaptive_controller.go:529.22,531.3 1 1
github.com/scttfrdmn/cargoship/pkg/staging/adaptive_controller.go:534.2,538.28 3 1
github.com/scttfrdmn/cargoship/pkg/staging/adaptive_controller.go:538.28,540.3 1 1
github.com/scttfrdmn/cargoship/pkg/staging/adaptive_controller.go:541.2,547.56 4 1
github.com/scttfrdmn/cargoship/pkg/staging/adaptive_controller.go:551.99,555.2 1 1
github.com/scttfrdmn/cargoship/pkg/staging/adaptive_controller.go:558.135,564.67 3 1
github.com/scttfrdmn/cargoship/pkg/staging/adaptive_controller.go:564.67,567.3 1 0
github.com/scttfrdmn/cargoship/pkg/staging/adaptive_controller.go:570.2,573.41 2 1
github.com/scttfrdmn/cargoship/pkg/staging/adaptive_controller.go:573.41,575.3 1 1
github.com/scttfrdmn/cargoship/pkg/staging/adaptive_controller.go:576.2,576.41 1 1
github.com/scttfrdmn/cargoship/pkg/staging/adaptive_controller.go:576.41,578.3 1 0
github.com/scttfrdmn/cargoship/pkg/staging/adaptive_controller.go:580.2,580.16 1 1
github.com/scttfrdmn/cargoship/pkg/staging/adaptive_controller.go:584.124,585.49 1 1
github.com/scttfrdmn/cargoship/pkg/staging/adaptive_controller.go:585.49,586.32 1 1
github.com/scttfrdmn/cargoship/pkg/staging/adaptive_controller.go:586.32,588.4 1 1
github.com/scttfrdmn/cargoship/pkg/staging/adaptive_controller.go:595.92,600.2 3 1
github.com/scttfrdmn/cargoship/pkg/staging/adaptive_controller.go:603.89,609.47 4 1
github.com/scttfrdmn/cargoship/pkg/staging/adaptive_controller.go:609.47,612.3 2 1
github.com/scttfrdmn/cargoship/pkg/staging/adaptive_controller.go:614.2,614.15 1 1
github.com/scttfrdmn/cargoship/pkg/staging/adaptive_controller.go:618.103,623.13 4 1
github.com/scttfrdmn/cargoship/pkg/staging/adaptive_controller.go:623.13,625.3 1 1
github.com/scttfrdmn/cargoship/pkg/staging/adaptive_controller.go:628.2,629.26 2 1
github.com/scttfrdmn/cargoship/pkg/staging/adaptive_controller.go:635.54,645.2 1 1
github.com/scttfrdmn/cargoship/pkg/staging/adaptive_controller.go:648.40,656.2 1 1
github.com/scttfrdmn/cargoship/pkg/staging/adaptive_controller.go:659.48,666.2 1 1
github.com/scttfrdmn/cargoship/pkg/staging/adaptive_controller.go:669.56,676.2 1 1
github.com/scttfrdmn/cargoship/pkg/staging/adaptive_controller.go:697.46,703.2 1 1
github.com/scttfrdmn/cargoship/pkg/staging/adaptive_controller.go:706.106,720.41 5 1
github.com/scttfrdmn/cargoship/pkg/staging/adaptive_controller.go:720.41,724.3 2 1
github.com/scttfrdmn/cargoship/pkg/staging/adaptive_controller.go:728.69,735.40 4 1
github.com/scttfrdmn/cargoship/pkg/staging/adaptive_controller.go:735.40,737.3 1 0
github.com/scttfrdmn/cargoship/pkg/staging/adaptive_controller.go:747.66,751.2 1 1
github.com/scttfrdmn/cargoship/pkg/staging/adaptive_controller.go:754.107,758.43 3 1
github.com/scttfrdmn/cargoship/pkg/staging/adaptive_controller.go:758.43,760.3 1 1
github.com/scttfrdmn/cargoship/pkg/staging/adaptive_controller.go:762.2,766.57 3 1
github.com/scttfrdmn/cargoship/pkg/staging/adaptive_controller.go:766.57,768.3 1 1
github.com/scttfrdmn/cargoship/pkg/staging/adaptive_controller.go:773.24,774.11 1 1
github.com/scttfrdmn/cargoship/pkg/staging/adaptive_controller.go:774.11,776.3 1 1
github.com/scttfrdmn/cargoship/pkg/staging/adaptive_controller.go:777.2,777.10 1 1
github.com/scttfrdmn/cargoship/pkg/staging/adaptive_controller.go:780.24,781.11 1 1
github.com/scttfrdmn/cargoship/pkg/staging/adaptive_controller.go:781.11,783.3 1 1
github.com/scttfrdmn/cargoship/pkg/staging/adaptive_controller.go:784.2,784.10 1 1
github.com/scttfrdmn/cargoship/pkg/staging/bandwidth_optimizer.go:77.74,88.2 1 1
github.com/scttfrdmn/cargoship/pkg/staging/bandwidth_optimizer.go:91.64,95.15 3 1
github.com/scttfrdmn/cargoship/pkg/staging/bandwidth_optimizer.go:95.15,97.3 1 1
github.com/scttfrdmn/cargoship/pkg/staging/bandwidth_optimizer.go:99.2,111.12 6 1
github.com/scttfrdmn/cargoship/pkg/staging/bandwidth_optimizer.go:115.44,119.16 3 1
github.com/scttfrdmn/cargoship/pkg/staging/bandwidth_optimizer.go:119.16,121.3 1 0
github.com/scttfrdmn/cargoship/pkg/staging/bandwidth_optimizer.go:123.2,126.12 3 1
github.com/scttfrdmn/cargoship/pkg/staging/bandwidth_optimizer.go:130.69,134.6 3 1
github.com/scttfrdmn/cargoship/pkg/staging/bandwidth_optimizer.go:134.6,135.10 1 1
github.com/scttfrdmn/cargoship/pkg/staging/bandwidth_optimizer.go:136.21,137.10 1 1
github.com/scttfrdmn/cargoship/pkg/staging/bandwidth_optimizer.go:138.19,139.28 1 0
github.com/scttfrdmn/cargoship/pkg/staging/bandwidth_optimizer.go:145.53,154.27 5 1
github.com/scttfrdmn/cargoship/pkg/staging/bandwidth_optimizer.go:154.27,156.3 1 0
github.com/scttfrdmn/cargoship/pkg/staging/bandwidth_optimizer.go:159.2,162.71 2 1
github.com/scttfrdmn/cargoship/pkg/staging/bandwidth_optimizer.go:166.58,181.21 8 1
github.com/scttfrdmn/cargoship/pkg/staging/bandwidth_optimizer.go:181.21,183.3 1 1
github.com/scttfrdmn/cargoship/pkg/staging/bandwidth_optimizer.go:186.2,196.64 5 1
github.com/scttfrdmn/cargoship/pkg/staging/bandwidth_optimizer.go:200.96,205.25 3 1
github.com/scttfrdmn/cargoship/pkg/staging/bandwidth_optimizer.go:205.25,207.3 1 0
github.com/scttfrdmn/cargoship/pkg/staging/bandwidth_optimizer.go:209.2,216.16 2 1
github.com/scttfrdmn/cargoship/pkg/staging/bandwidth_optimizer.go:217.26,218.80 1 0
github.com/scttfrdmn/cargoship/pkg/staging/bandwidth_optimizer.go:219.20,220.74 1 0
github.com/scttfrdmn/cargoship/pkg/staging/bandwidth_optimizer.go:221.25,222.78 1 1
github.com/scttfrdmn/cargoship/pkg/staging/bandwidth_optimizer.go:223.29,224.82 1 0
github.com/scttfrdmn/cargoship/pkg/staging/bandwidth_optimizer.go:225.10,226.68 1 0
github.com/scttfrdmn/cargoship/pkg/staging/bandwidth_optimizer.go:230.2,233.23 3 1
github.com/scttfrdmn/cargoship/pkg/staging/bandwidth_optimizer.go:237.124,239.39 1 1
github.com/scttfrdmn/cargoship/pkg/staging/bandwidth_optimizer.go:239.39,241.3 1 1
github.com/scttfrdmn/cargoship/pkg/staging/bandwidth_optimizer.go:244.2,244.52 1 1
github.com/scttfrdmn/cargoship/pkg/staging/bandwidth_optimizer.go:244.52,246.3 1 1
github.com/scttfrdmn/cargoship/pkg/staging/bandwidth_optimizer.go:249.2,249.83 1 1
github.com/scttfrdmn/cargoship/pkg/staging/bandwidth_optimizer.go:249.83,251.3 1 1
github.com/scttfrdmn/cargoship/pkg/staging/bandwidth_optimizer.go:254.2,254.39 1 1
github.com/scttfrdmn/cargoship/pkg/staging/bandwidth_optimizer.go:254.39,256.3 1 1
github.com/scttfrdmn/cargoship/pkg/staging/bandwidth_optimizer.go:259.2,259.39 1 1
github.com/scttfrdmn/cargoship/pkg/staging/bandwidth_optimizer.go:259.39,261.3 1 1
github.com/scttfrdmn/cargoship/pkg/staging/bandwidth_optimizer.go:264.2,264.83 1 1
github.com/scttfrdmn/cargoship/pkg/staging/bandwidth_optimizer.go:264.83,266.3 1 1
github.com/scttfrdmn/cargoship/pkg/staging/bandwidth_optimizer.go:268.2,268.31 1 1
github.com/scttfrdmn/cargoship/pkg/staging/bandwidth_optimizer.go:272.149,280.38 3 0
github.com/scttfrdmn/cargoship/pkg/staging/bandwidth_optimizer.go:280.38,282.3 1 0
github.com/scttfrdmn/cargoship/pkg/staging/bandwidth_optimizer.go:282.8,284.3 1 0
github.com/scttfrdmn/cargoship/pkg/staging/bandwidth_optimizer.go:287.2,294.12 2 0
github.com/scttfrdmn/cargoship/pkg/staging/bandwidth_optimizer.go:298.143,317.2 5 0
github.com/scttfrdmn/cargoship/pkg/staging/bandwidth_optimizer.go:320.147,337.2 5 1
github.com/scttfrdmn/cargoship/pkg/staging/bandwidth_optimizer.go:340.151,357.2 5 0
github.com/scttfrdmn/cargoship/pkg/staging/bandwidth_optimizer.go:360.137,367.2 5 0
github.com/scttfrdmn/cargoship/pkg/staging/bandwidth_optimizer.go:372.94,381.52 4 1
github.com/scttfrdmn/cargoship/pkg/staging/bandwidth_optimizer.go:381.52,383.3 1 0
github.com/scttfrdmn/cargoship/pkg/staging/bandwidth_optimizer.go:384.2,384.52 1 1
github.com/scttfrdmn/cargoship/pkg/staging/bandwidth_optimizer.go:384.52,386.3 1 0
github.com/scttfrdmn/cargoship/pkg/staging/bandwidth_optimizer.go:388.2,388.28 1 1
github.com/scttfrdmn/cargoship/pkg/staging/bandwidth_optimizer.go:392.92,395.22 2 1
github.com/scttfrdmn/cargoship/pkg/staging/bandwidth_optimizer.go:395.22,397.3 1 0
github.com/scttfrdmn/cargoship/pkg/staging/bandwidth_optimizer.go:399.2,406.44 4 1
github.com/scttfrdmn/cargoship/pkg/staging/bandwidth_optimizer.go:406.44,408.3 1 1
github.com/scttfrdmn/cargoship/pkg/staging/bandwidth_optimizer.go:409.2,409.44 1 1
github.com/scttfrdmn/cargoship/pkg/staging/bandwidth_optimizer.go:409.44,411.3 1 0
github.com/scttfrdmn/cargoship/pkg/staging/bandwidth_optimizer.go:413.2,413.20 1 1
github.com/scttfrdmn/cargoship/pkg/staging/bandwidth_optimizer.go:417.66,428.66 5 1
github.com/scttfrdmn/cargoship/pkg/staging/bandwidth_optimizer.go:428.66,430.3 1 0
github.com/scttfrdmn/cargoship/pkg/staging/bandwidth_optimizer.go:432.2,434.49 2 1
github.com/scttfrdmn/cargoship/pkg/staging/bandwidth_optimizer.go:438.59,445.32 3 1
github.com/scttfrdmn/cargoship/pkg/staging/bandwidth_optimizer.go:445.32,447.3 1 0
github.com/scttfrdmn/cargoship/pkg/staging/bandwidth_optimizer.go:447.8,447.39 1 1
github.com/scttfrdmn/cargoship/pkg/staging/bandwidth_optimizer.go:447.39,449.3 1 1
github.com/scttfrdmn/cargoship/pkg/staging/bandwidth_optimizer.go:451.2,451.28 1 1
github.com/scttfrdmn/cargoship/pkg/staging/bandwidth_optimizer.go:455.73,468.64 5 1
github.com/scttfrdmn/cargoship/pkg/staging/bandwidth_optimizer.go:468.64,470.3 1 0
github.com/scttfrdmn/cargoship/pkg/staging/bandwidth_optimizer.go:473.2,473.24 1 1
github.com/scttfrdmn/cargoship/pkg/staging/bandwidth_optimizer.go:473.24,475.3 1 0
github.com/scttfrdmn/cargoship/pkg/staging/bandwidth_optimizer.go:475.8,475.31 1 1
github.com/scttfrdmn/cargoship/pkg/staging/bandwidth_optimizer.go:475.31,477.3 1 0
github.com/scttfrdmn/cargoship/pkg/staging/bandwidth_optimizer.go:477.8,477.31 1 1
github.com/scttfrdmn/cargoship/pkg/staging/bandwidth_optimizer.go:477.31,479.3 1 1
github.com/scttfrdmn/cargoship/pkg/staging/bandwidth_optimizer.go:479.8,479.31 1 0
github.com/scttfrdmn/cargoship/pkg/staging/bandwidth_optimizer.go:479.31,481.3 1 0
github.com/scttfrdmn/cargoship/pkg/staging/bandwidth_optimizer.go:483.2,483.30 1 0
github.com/scttfrdmn/cargoship/pkg/staging/bandwidth_optimizer.go:487.134,491.32 2 1
github.com/scttfrdmn/cargoship/pkg/staging/bandwidth_optimizer.go:491.32,493.3 1 0
github.com/scttfrdmn/cargoship/pkg/staging/bandwidth_optimizer.go:494.2,494.33 1 1
github.com/scttfrdmn/cargoship/pkg/staging/bandwidth_optimizer.go:494.33,496.3 1 0
github.com/scttfrdmn/cargoship/pkg/staging/bandwidth_optimizer.go:499.2,499.32 1 1
github.com/scttfrdmn/cargoship/pkg/staging/bandwidth_optimizer.go:499.32,501.3 1 0
github.com/scttfrdmn/cargoship/pkg/staging/bandwidth_optimizer.go:504.2,507.50 3 1
github.com/scttfrdmn/cargoship/pkg/staging/bandwidth_optimizer.go:511.119,515.20 2 1
github.com/scttfrdmn/cargoship/pkg/staging/bandwidth_optimizer.go:516.26,517.52 1 0
github.com/scttfrdmn/cargoship/pkg/staging/bandwidth_optimizer.go:518.20,519.43 1 0
github.com/scttfrdmn/cargoship/pkg/staging/bandwidth_optimizer.go:520.25,521.51 1 1
github.com/scttfrdmn/cargoship/pkg/staging/bandwidth_optimizer.go:522.29,523.20 1 0
github.com/scttfrdmn/cargoship/pkg/staging/bandwidth_optimizer.go:524.10,525.20 1 0
github.com/scttfrdmn/cargoship/pkg/staging/bandwidth_optimizer.go:528.2,528.35 1 1
github.com/scttfrdmn/cargoship/pkg/staging/bandwidth_optimizer.go:532.120,533.52 1 1
github.com/scttfrdmn/cargoship/pkg/staging/bandwidth_optimizer.go:533.52,534.36 1 1
github.com/scttfrdmn/cargoship/pkg/staging/bandwidth_optimizer.go:534.36,536.4 1 1
github.com/scttfrdmn/cargoship/pkg/staging/bandwidth_optimizer.go:543.77,550.2 4 1
github.com/scttfrdmn/cargoship/pkg/staging/bandwidth_optimizer.go:553.91,558.2 3 1
github.com/scttfrdmn/cargoship/pkg/staging/bandwidth_optimizer.go:561.51,563.2 1 1
github.com/scttfrdmn/cargoship/pkg/staging/bandwidth_optimizer.go:566.61,579.2 1 1
github.com/scttfrdmn/cargoship/pkg/staging/bandwidth_optimizer.go:592.78,598.2 1 1
github.com/scttfrdmn/cargoship/pkg/staging/bandwidth_optimizer.go:601.60,605.6 3 1
github.com/scttfrdmn/cargoship/pkg/staging/bandwidth_optimizer.go:605.6,606.10 1 1
github.com/scttfrdmn/cargoship/pkg/staging/bandwidth_optimizer.go:607.21,608.10 1 1
github.com/scttfrdmn/cargoship/pkg/staging/bandwidth_optimizer.go:609.19,610.30 1 0
github.com/scttfrdmn/cargoship/pkg/staging/bandwidth_optimizer.go:616.57,629.37 6 0
github.com/scttfrdmn/cargoship/pkg/staging/bandwidth_optimizer.go:629.37,631.3 1 0
github.com/scttfrdmn/cargoship/pkg/staging/bandwidth_optimizer.go:635.62,639.2 3 1
github.com/scttfrdmn/cargoship/pkg/staging/bandwidth_optimizer.go:649.50,654.2 1 1
github.com/scttfrdmn/cargoship/pkg/staging/bandwidth_optimizer.go:657.58,661.6 3 1
github.com/scttfrdmn/cargoship/pkg/staging/bandwidth_optimizer.go:661.6,662.10 1 1
github.com/scttfrdmn/cargoship/pkg/staging/bandwidth_optimizer.go:663.21,664.10 1 1
github.com/scttfrdmn/cargoship/pkg/staging/bandwidth_optimizer.go:665.19,666.33 1 0
github.com/scttfrdmn/cargoship/pkg/staging/bandwidth_optimizer.go:672.58,686.2 6 0
github.com/scttfrdmn/cargoship/pkg/staging/bandwidth_optimizer.go:689.63,693.2 3 1
github.com/scttfrdmn/cargoship/pkg/staging/bandwidth_optimizer.go:696.62,700.2 3 1
github.com/scttfrdmn/cargoship/pkg/staging/bandwidth_optimizer.go:709.66,714.2 1 1
github.com/scttfrdmn/cargoship/pkg/staging/bandwidth_optimizer.go:724.50,729.2 1 1
github.com/scttfrdmn/cargoship/pkg/staging/bandwidth_optimizer.go:732.77,739.42 4 1
github.com/scttfrdmn/cargoship/pkg/staging/bandwidth_optimizer.go:739.42,741.3 1 0
github.com/scttfrdmn/cargoship/pkg/staging/bandwidth_optimizer.go:745.60,750.23 4 1
github.com/scttfrdmn/cargoship/pkg/staging/bandwidth_optimizer.go:750.23,752.3 1 1
github.com/scttfrdmn/cargoship/pkg/staging/bandwidth_optimizer.go:755.2,755.55 1 0
github.com/scttfrdmn/cargoship/pkg/staging/boundary_detector.go:9.67,27.2 1 1
github.com/scttfrdmn/cargoship/pkg/staging/boundary_detector.go:30.109,53.37 11 1
github.com/scttfrdmn/cargoship/pkg/staging/boundary_detector.go:53.37,55.3 1 0
github.com/scttfrdmn/cargoship/pkg/staging/boundary_detector.go:57.2,57.19 1 1
github.com/scttfrdmn/cargoship/pkg/staging/boundary_detector.go:61.116,64.37 2 1
github.com/scttfrdmn/cargoship/pkg/staging/boundary_detector.go:64.37,66.3 1 1
github.com/scttfrdmn/cargoship/pkg/staging/boundary_detector.go:69.2,72.50 3 1
github.com/scttfrdmn/cargoship/pkg/staging/boundary_detector.go:72.50,78.71 3 1
github.com/scttfrdmn/cargoship/pkg/staging/boundary_detector.go:78.71,91.4 4 1
github.com/scttfrdmn/cargoship/pkg/staging/boundary_detector.go:91.9,94.4 1 1
github.com/scttfrdmn/cargoship/pkg/staging/boundary_detector.go:98.2,98.26 1 1
github.com/scttfrdmn/cargoship/pkg/staging/boundary_detector.go:98.26,110.3 4 1
github.com/scttfrdmn/cargoship/pkg/staging/boundary_detector.go:112.2,112.19 1 1
github.com/scttfrdmn/cargoship/pkg/staging/boundary_detector.go:116.117,119.32 2 1
github.com/scttfrdmn/cargoship/pkg/staging/boundary_detector.go:119.32,121.3 1 1
github.com/scttfrdmn/cargoship/pkg/staging/boundary_detector.go:124.2,126.43 2 1
github.com/scttfrdmn/cargoship/pkg/staging/boundary_detector.go:126.43,128.12 1 1
github.com/scttfrdmn/cargoship/pkg/staging/boundary_detector.go:128.12,132.40 2 1
github.com/scttfrdmn/cargoship/pkg/staging/boundary_detector.go:132.40,136.77 2 1
github.com/scttfrdmn/cargoship/pkg/staging/boundary_detector.go:136.77,150.6 4 1
github.com/scttfrdmn/cargoship/pkg/staging/boundary_detector.go:155.3,155.36 1 1
github.com/scttfrdmn/cargoship/pkg/staging/boundary_detector.go:155.36,159.40 3 1
github.com/scttfrdmn/cargoship/pkg/staging/boundary_detector.go:159.40,169.5 2 1
github.com/scttfrdmn/cargoship/pkg/staging/boundary_detector.go:173.2,173.19 1 1
github.com/scttfrdmn/cargoship/pkg/staging/boundary_detector.go:177.110,180.20 2 1
github.com/scttfrdmn/cargoship/pkg/staging/boundary_detector.go:180.20,182.3 1 1
github.com/scttfrdmn/cargoship/pkg/staging/boundary_detector.go:185.2,186.19 2 1
github.com/scttfrdmn/cargoship/pkg/staging/boundary_detector.go:186.19,188.3 1 0
github.com/scttfrdmn/cargoship/pkg/staging/boundary_detector.go:191.2,193.33 2 1
github.com/scttfrdmn/cargoship/pkg/staging/boundary_detector.go:193.33,198.23 3 1
github.com/scttfrdmn/cargoship/pkg/staging/boundary_detector.go:198.23,200.4 1 1
github.com/scttfrdmn/cargoship/pkg/staging/boundary_detector.go:202.3,210.44 2 1
github.com/scttfrdmn/cargoship/pkg/staging/boundary_detector.go:213.2,213.19 1 1
github.com/scttfrdmn/cargoship/pkg/staging/boundary_detector.go:217.99,228.42 6 1
github.com/scttfrdmn/cargoship/pkg/staging/boundary_detector.go:228.42,230.3 1 1
github.com/scttfrdmn/cargoship/pkg/staging/boundary_detector.go:233.2,233.78 1 1
github.com/scttfrdmn/cargoship/pkg/staging/boundary_detector.go:237.67,242.2 3 1
github.com/scttfrdmn/cargoship/pkg/staging/boundary_detector.go:245.67,246.59 1 1
github.com/scttfrdmn/cargoship/pkg/staging/boundary_detector.go:246.59,248.3 1 1
github.com/scttfrdmn/cargoship/pkg/staging/boundary_detector.go:249.2,249.33 1 1
github.com/scttfrdmn/cargoship/pkg/staging/boundary_detector.go:253.110,257.30 2 1
github.com/scttfrdmn/cargoship/pkg/staging/boundary_detector.go:257.30,259.3 1 1
github.com/scttfrdmn/cargoship/pkg/staging/boundary_detector.go:262.2,262.32 1 1
github.com/scttfrdmn/cargoship/pkg/staging/boundary_detector.go:262.32,264.3 1 1
github.com/scttfrdmn/cargoship/pkg/staging/boundary_detector.go:267.2,270.19 4 1
github.com/scttfrdmn/cargoship/pkg/staging/boundary_detector.go:270.19,272.3 1 1
github.com/scttfrdmn/cargoship/pkg/staging/boundary_detector.go:273.2,275.29 2 1
github.com/scttfrdmn/cargoship/pkg/staging/boundary_detector.go:279.92,284.38 3 1
github.com/scttfrdmn/cargoship/pkg/staging/boundary_detector.go:284.38,286.35 2 1
github.com/scttfrdmn/cargoship/pkg/staging/boundary_detector.go:286.35,288.83 1 1
github.com/scttfrdmn/cargoship/pkg/staging/boundary_detector.go:288.83,290.10 2 1
github.com/scttfrdmn/cargoship/pkg/staging/boundary_detector.go:294.3,294.19 1 1
github.com/scttfrdmn/cargoship/pkg/staging/boundary_detector.go:294.19,296.4 1 1
github.com/scttfrdmn/cargoship/pkg/staging/boundary_detector.go:300.2,302.15 2 1
github.com/scttfrdmn/cargoship/pkg/staging/boundary_detector.go:306.81,308.39 1 1
github.com/scttfrdmn/cargoship/pkg/staging/boundary_detector.go:308.39,309.44 1 1
github.com/scttfrdmn/cargoship/pkg/staging/boundary_detector.go:309.44,312.23 3 1
github.com/scttfrdmn/cargoship/pkg/staging/boundary_detector.go:312.23,314.5 1 1
github.com/scttfrdmn/cargoship/pkg/staging/boundary_detector.go:320.83,328.32 7 1
github.com/scttfrdmn/cargoship/pkg/staging/boundary_detector.go:328.32,330.3 1 1
github.com/scttfrdmn/cargoship/pkg/staging/boundary_detector.go:332.2,334.33 1 1
github.com/scttfrdmn/cargoship/pkg/staging/boundary_detector.go:347.42,354.2 1 1
github.com/scttfrdmn/cargoship/pkg/staging/boundary_detector.go:357.102,364.30 4 1
github.com/scttfrdmn/cargoship/pkg/staging/boundary_detector.go:364.30,366.3 1 1
github.com/scttfrdmn/cargoship/pkg/staging/boundary_detector.go:369.2,372.57 2 1
github.com/scttfrdmn/cargoship/pkg/staging/boundary_detector.go:372.57,374.3 1 1
github.com/scttfrdmn/cargoship/pkg/staging/boundary_detector.go:376.2,376.29 1 1
github.com/scttfrdmn/cargoship/pkg/staging/boundary_detector.go:380.109,381.32 1 1
github.com/scttfrdmn/cargoship/pkg/staging/boundary_detector.go:381.32,383.3 1 1
github.com/scttfrdmn/cargoship/pkg/staging/boundary_detector.go:386.2,389.45 3 1
github.com/scttfrdmn/cargoship/pkg/staging/boundary_detector.go:389.45,396.28 4 1
github.com/scttfrdmn/cargoship/pkg/staging/boundary_detector.go:396.28,407.4 6 1
github.com/scttfrdmn/cargoship/pkg/staging/boundary_detector.go:410.2,410.25 1 1
github.com/scttfrdmn/cargoship/pkg/staging/boundary_detector.go:410.25,412.3 1 1
github.com/scttfrdmn/cargoship/pkg/staging/boundary_detector.go:414.2,414.49 1 1
github.com/scttfrdmn/cargoship/pkg/staging/buffer_manager.go:12.75,20.2 1 1
github.com/scttfrdmn/cargoship/pkg/staging/buffer_manager.go:23.61,25.55 1 1
github.com/scttfrdmn/cargoship/pkg/staging/buffer_manager.go:25.55,27.3 1 1
github.com/scttfrdmn/cargoship/pkg/staging/buffer_manager.go:30.2,33.25 2 1
github.com/scttfrdmn/cargoship/pkg/staging/buffer_manager.go:37.96,42.41 3 1
github.com/scttfrdmn/cargoship/pkg/staging/buffer_manager.go:42.41,51.3 1 0
github.com/scttfrdmn/cargoship/pkg/staging/buffer_manager.go:54.2,54.52 1 1
github.com/scttfrdmn/cargoship/pkg/staging/buffer_manager.go:54.52,63.3 1 1
github.com/scttfrdmn/cargoship/pkg/staging/buffer_manager.go:66.2,66.9 1 1
github.com/scttfrdmn/cargoship/pkg/staging/buffer_manager.go:67.31,68.13 1 1
github.com/scttfrdmn/cargoship/pkg/staging/buffer_manager.go:69.10,73.4 1 0
github.com/scttfrdmn/cargoship/pkg/staging/buffer_manager.go:78.88,83.13 4 1
github.com/scttfrdmn/cargoship/pkg/staging/buffer_manager.go:83.13,91.3 1 1
github.com/scttfrdmn/cargoship/pkg/staging/buffer_manager.go:93.2,93.19 1 1
github.com/scttfrdmn/cargoship/pkg/staging/buffer_manager.go:97.70,101.58 3 1
github.com/scttfrdmn/cargoship/pkg/staging/buffer_manager.go:101.58,107.3 2 1
github.com/scttfrdmn/cargoship/pkg/staging/buffer_manager.go:111.55,115.2 3 1
github.com/scttfrdmn/cargoship/pkg/staging/buffer_manager.go:118.55,120.2 1 1
github.com/scttfrdmn/cargoship/pkg/staging/buffer_manager.go:123.59,129.21 5 1
github.com/scttfrdmn/cargoship/pkg/staging/buffer_manager.go:129.21,131.3 1 0
github.com/scttfrdmn/cargoship/pkg/staging/buffer_manager.go:133.2,133.51 1 1
github.com/scttfrdmn/cargoship/pkg/staging/buffer_manager.go:137.51,144.49 5 1
github.com/scttfrdmn/cargoship/pkg/staging/buffer_manager.go:144.49,145.43 1 1
github.com/scttfrdmn/cargoship/pkg/staging/buffer_manager.go:145.43,151.4 2 1
github.com/scttfrdmn/cargoship/pkg/staging/buffer_manager.go:156.54,160.43 2 1
github.com/scttfrdmn/cargoship/pkg/staging/buffer_manager.go:160.43,162.3 1 0
github.com/scttfrdmn/cargoship/pkg/staging/buffer_manager.go:165.2,165.48 1 1
github.com/scttfrdmn/cargoship/pkg/staging/buffer_manager.go:165.48,167.3 1 0
github.com/scttfrdmn/cargoship/pkg/staging/buffer_manager.go:167.8,167.59 1 1
github.com/scttfrdmn/cargoship/pkg/staging/buffer_manager.go:167.59,169.3 1 1
github.com/scttfrdmn/cargoship/pkg/staging/buffer_manager.go:173.83,174.6 1 1
github.com/scttfrdmn/cargoship/pkg/staging/buffer_manager.go:174.6,175.10 1 1
github.com/scttfrdmn/cargoship/pkg/staging/buffer_manager.go:176.21,177.10 1 1
github.com/scttfrdmn/cargoship/pkg/staging/buffer_manager.go:178.34,179.44 1 1
github.com/scttfrdmn/cargoship/pkg/staging/buffer_manager.go:185.91,188.19 2 1
github.com/scttfrdmn/cargoship/pkg/staging/buffer_manager.go:188.19,190.26 1 0
github.com/scttfrdmn/cargoship/pkg/staging/buffer_manager.go:190.26,195.4 1 0
github.com/scttfrdmn/cargoship/pkg/staging/buffer_manager.go:196.3,196.9 1 0
github.com/scttfrdmn/cargoship/pkg/staging/buffer_manager.go:200.2,201.16 2 1
github.com/scttfrdmn/cargoship/pkg/staging/buffer_manager.go:201.16,203.26 2 1
github.com/scttfrdmn/cargoship/pkg/staging/buffer_manager.go:203.26,205.4 1 1
github.com/scttfrdmn/cargoship/pkg/staging/buffer_manager.go:206.3,206.9 1 1
github.com/scttfrdmn/cargoship/pkg/staging/buffer_manager.go:210.2,231.25 7 1
github.com/scttfrdmn/cargoship/pkg/staging/buffer_manager.go:231.25,233.3 1 1
github.com/scttfrdmn/cargoship/pkg/staging/buffer_manager.go:237.74,247.2 4 1
github.com/scttfrdmn/cargoship/pkg/staging/buffer_manager.go:250.104,255.21 2 1
github.com/scttfrdmn/cargoship/pkg/staging/buffer_manager.go:256.14,257.19 1 1
github.com/scttfrdmn/cargoship/pkg/staging/buffer_manager.go:258.15,259.19 1 1
github.com/scttfrdmn/cargoship/pkg/staging/buffer_manager.go:260.20,261.20 1 1
github.com/scttfrdmn/cargoship/pkg/staging/buffer_manager.go:262.16,263.19 1 1
github.com/scttfrdmn/cargoship/pkg/staging/buffer_manager.go:264.10,265.19 1 1
github.com/scttfrdmn/cargoship/pkg/staging/buffer_manager.go:269.2,269.21 1 1
github.com/scttfrdmn/cargoship/pkg/staging/buffer_manager.go:269.21,271.3 1 0
github.com/scttfrdmn/cargoship/pkg/staging/buffer_manager.go:272.2,272.21 1 1
github.com/scttfrdmn/cargoship/pkg/staging/buffer_manager.go:272.21,274.3 1 0
github.com/scttfrdmn/cargoship/pkg/staging/buffer_manager.go:276.2,276.18 1 1
github.com/scttfrdmn/cargoship/pkg/staging/buffer_manager.go:280.67,284.6 3 1
github.com/scttfrdmn/cargoship/pkg/staging/buffer_manager.go:284.6,285.10 1 1
github.com/scttfrdmn/cargoship/pkg/staging/buffer_manager.go:286.21,287.10 1 1
github.com/scttfrdmn/cargoship/pkg/staging/buffer_manager.go:288.19,290.27 2 0
github.com/scttfrdmn/cargoship/pkg/staging/buffer_manager.go:304.55,313.2 3 1
github.com/scttfrdmn/cargoship/pkg/staging/buffer_manager.go:316.52,321.25 3 1
github.com/scttfrdmn/cargoship/pkg/staging/buffer_manager.go:321.25,326.32 3 1
github.com/scttfrdmn/cargoship/pkg/staging/buffer_manager.go:326.32,328.4 1 0
github.com/scttfrdmn/cargoship/pkg/staging/buffer_manager.go:330.3,330.23 1 1
github.com/scttfrdmn/cargoship/pkg/staging/buffer_manager.go:334.2,334.27 1 1
github.com/scttfrdmn/cargoship/pkg/staging/buffer_manager.go:338.51,343.71 3 1
github.com/scttfrdmn/cargoship/pkg/staging/buffer_manager.go:343.71,345.35 1 1
github.com/scttfrdmn/cargoship/pkg/staging/buffer_manager.go:345.35,347.4 1 1
github.com/scttfrdmn/cargoship/pkg/staging/buffer_manager.go:353.36,358.25 3 1
github.com/scttfrdmn/cargoship/pkg/staging/buffer_manager.go:358.25,361.3 2 1
github.com/scttfrdmn/cargoship/pkg/staging/buffer_manager.go:365.38,370.40 3 1
github.com/scttfrdmn/cargoship/pkg/staging/buffer_manager.go:370.40,373.3 2 1
github.com/scttfrdmn/cargoship/pkg/staging/buffer_manager.go:386.61,391.2 1 1
github.com/scttfrdmn/cargoship/pkg/staging/buffer_manager.go:394.53,398.6 3 1
github.com/scttfrdmn/cargoship/pkg/staging/buffer_manager.go:398.6,399.10 1 1
github.com/scttfrdmn/cargoship/pkg/staging/buffer_manager.go:400.21,401.10 1 1
github.com/scttfrdmn/cargoship/pkg/staging/buffer_manager.go:402.19,403.26 1 0
github.com/scttfrdmn/cargoship/pkg/staging/buffer_manager.go:409.46,420.21 7 0
github.com/scttfrdmn/cargoship/pkg/staging/buffer_manager.go:420.21,422.3 1 0
github.com/scttfrdmn/cargoship/pkg/staging/buffer_manager.go:425.2,426.28 2 0
github.com/scttfrdmn/cargoship/pkg/staging/buffer_manager.go:430.45,434.2 3 1
github.com/scttfrdmn/cargoship/pkg/staging/buffer_manager.go:437.49,441.2 3 1
github.com/scttfrdmn/cargoship/pkg/staging/chunk_predictor.go:13.79,21.2 1 1
github.com/scttfrdmn/cargoship/pkg/staging/chunk_predictor.go:24.137,30.16 4 1
github.com/scttfrdmn/cargoship/pkg/staging/chunk_predictor.go:30.16,32.3 1 0
github.com/scttfrdmn/cargoship/pkg/staging/chunk_predictor.go:35.2,39.39 3 1
github.com/scttfrdmn/cargoship/pkg/staging/chunk_predictor.go:39.39,49.3 5 1
github.com/scttfrdmn/cargoship/pkg/staging/chunk_predictor.go:52.2,54.30 2 1
github.com/scttfrdmn/cargoship/pkg/staging/chunk_predictor.go:58.79,60.39 1 1
github.com/scttfrdmn/cargoship/pkg/staging/chunk_predictor.go:60.39,61.44 1 1
github.com/scttfrdmn/cargoship/pkg/staging/chunk_predictor.go:61.44,64.23 3 0
github.com/scttfrdmn/cargoship/pkg/staging/chunk_predictor.go:64.23,66.5 1 0
github.com/scttfrdmn/cargoship/pkg/staging/chunk_predictor.go:72.92,81.19 7 1
github.com/scttfrdmn/cargoship/pkg/staging/chunk_predictor.go:81.19,83.3 1 0
github.com/scttfrdmn/cargoship/pkg/staging/chunk_predictor.go:85.2,87.27 1 1
github.com/scttfrdmn/cargoship/pkg/staging/chunk_predictor.go:93.65,101.2 1 1
github.com/scttfrdmn/cargoship/pkg/staging/chunk_predictor.go:151.106,163.6 4 1
github.com/scttfrdmn/cargoship/pkg/staging/chunk_predictor.go:163.6,165.20 2 1
github.com/scttfrdmn/cargoship/pkg/staging/chunk_predictor.go:165.20,166.9 1 1
github.com/scttfrdmn/cargoship/pkg/staging/chunk_predictor.go:168.3,168.17 1 1
github.com/scttfrdmn/cargoship/pkg/staging/chunk_predictor.go:168.17,170.4 1 0
github.com/scttfrdmn/cargoship/pkg/staging/chunk_predictor.go:173.3,179.28 4 1
github.com/scttfrdmn/cargoship/pkg/staging/chunk_predictor.go:179.28,180.9 1 0
github.com/scttfrdmn/cargoship/pkg/staging/chunk_predictor.go:185.2,189.21 4 1
github.com/scttfrdmn/cargoship/pkg/staging/chunk_predictor.go:193.85,218.2 10 1
github.com/scttfrdmn/cargoship/pkg/staging/chunk_predictor.go:221.80,225.2 3 1
github.com/scttfrdmn/cargoship/pkg/staging/chunk_predictor.go:228.92,232.42 2 1
github.com/scttfrdmn/cargoship/pkg/staging/chunk_predictor.go:232.42,233.36 1 1
github.com/scttfrdmn/cargoship/pkg/staging/chunk_predictor.go:233.36,236.32 2 0
github.com/scttfrdmn/cargoship/pkg/staging/chunk_predictor.go:236.32,238.5 1 0
github.com/scttfrdmn/cargoship/pkg/staging/chunk_predictor.go:242.2,242.19 1 1
github.com/scttfrdmn/cargoship/pkg/staging/chunk_predictor.go:246.58,247.21 1 1
github.com/scttfrdmn/cargoship/pkg/staging/chunk_predictor.go:247.21,249.3 1 1
github.com/scttfrdmn/cargoship/pkg/staging/chunk_predictor.go:252.2,253.25 2 1
github.com/scttfrdmn/cargoship/pkg/staging/chunk_predictor.go:257.84,258.21 1 1
github.com/scttfrdmn/cargoship/pkg/staging/chunk_predictor.go:258.21,260.3 1 0
github.com/scttfrdmn/cargoship/pkg/staging/chunk_predictor.go:263.2,265.19 3 1
github.com/scttfrdmn/cargoship/pkg/staging/chunk_predictor.go:265.19,267.3 1 0
github.com/scttfrdmn/cargoship/pkg/staging/chunk_predictor.go:268.2,273.19 4 1
github.com/scttfrdmn/cargoship/pkg/staging/chunk_predictor.go:273.19,275.3 1 0
github.com/scttfrdmn/cargoship/pkg/staging/chunk_predictor.go:276.2,280.28 3 1
github.com/scttfrdmn/cargoship/pkg/staging/chunk_predictor.go:280.28,281.27 1 1
github.com/scttfrdmn/cargoship/pkg/staging/chunk_predictor.go:281.27,283.4 1 1
github.com/scttfrdmn/cargoship/pkg/staging/chunk_predictor.go:286.2,291.3 1 1
github.com/scttfrdmn/cargoship/pkg/staging/chunk_predictor.go:295.69,296.20 1 1
github.com/scttfrdmn/cargoship/pkg/staging/chunk_predictor.go:296.20,298.3 1 1
github.com/scttfrdmn/cargoship/pkg/staging/chunk_predictor.go:301.2,302.42 2 1
github.com/scttfrdmn/cargoship/pkg/staging/chunk_predictor.go:302.42,303.25 1 1
github.com/scttfrdmn/cargoship/pkg/staging/chunk_predictor.go:303.25,305.9 2 1
github.com/scttfrdmn/cargoship/pkg/staging/chunk_predictor.go:309.2,309.19 1 1
github.com/scttfrdmn/cargoship/pkg/staging/chunk_predictor.go:309.19,311.3 1 1
github.com/scttfrdmn/cargoship/pkg/staging/chunk_predictor.go:313.2,314.13 2 1
github.com/scttfrdmn/cargoship/pkg/staging/chunk_predictor.go:315.57,316.16 1 1
github.com/scttfrdmn/cargoship/pkg/staging/chunk_predictor.go:317.50,318.17 1 1
github.com/scttfrdmn/cargoship/pkg/staging/chunk_predictor.go:319.41,320.17 1 1
github.com/scttfrdmn/cargoship/pkg/staging/chunk_predictor.go:321.35,322.17 1 1
github.com/scttfrdmn/cargoship/pkg/staging/chunk_predictor.go:323.38,324.22 1 1
github.com/scttfrdmn/cargoship/pkg/staging/chunk_predictor.go:325.43,326.20 1 1
github.com/scttfrdmn/cargoship/pkg/staging/chunk_predictor.go:327.35,328.18 1 1
github.com/scttfrdmn/cargoship/pkg/staging/chunk_predictor.go:329.10,330.17 1 1
github.com/scttfrdmn/cargoship/pkg/staging/chunk_predictor.go:335.86,336.26 1 1
github.com/scttfrdmn/cargoship/pkg/staging/chunk_predictor.go:336.26,338.3 1 0
github.com/scttfrdmn/cargoship/pkg/staging/chunk_predictor.go:341.2,344.29 2 1
github.com/scttfrdmn/cargoship/pkg/staging/chunk_predictor.go:345.14,346.19 1 1
github.com/scttfrdmn/cargoship/pkg/staging/chunk_predictor.go:347.15,348.19 1 0
github.com/scttfrdmn/cargoship/pkg/staging/chunk_predictor.go:349.20,350.20 1 1
github.com/scttfrdmn/cargoship/pkg/staging/chunk_predictor.go:351.16,352.19 1 0
github.com/scttfrdmn/cargoship/pkg/staging/chunk_predictor.go:353.10,354.19 1 1
github.com/scttfrdmn/cargoship/pkg/staging/chunk_predictor.go:358.2,358.21 1 1
github.com/scttfrdmn/cargoship/pkg/staging/chunk_predictor.go:358.21,360.3 1 1
github.com/scttfrdmn/cargoship/pkg/staging/chunk_predictor.go:361.2,361.21 1 1
github.com/scttfrdmn/cargoship/pkg/staging/chunk_predictor.go:361.21,363.3 1 0
github.com/scttfrdmn/cargoship/pkg/staging/chunk_predictor.go:365.2,365.18 1 1
github.com/scttfrdmn/cargoship/pkg/staging/chunk_predictor.go:369.107,372.31 2 1
github.com/scttfrdmn/cargoship/pkg/staging/chunk_predictor.go:372.31,374.3 1 1
github.com/scttfrdmn/cargoship/pkg/staging/chunk_predictor.go:376.2,376.51 1 1
github.com/scttfrdmn/cargoship/pkg/staging/chunk_predictor.go:384.48,386.2 1 1
github.com/scttfrdmn/cargoship/pkg/staging/chunk_predictor.go:389.68,390.20 1 1
github.com/scttfrdmn/cargoship/pkg/staging/chunk_predictor.go:390.20,392.3 1 1
github.com/scttfrdmn/cargoship/pkg/staging/chunk_predictor.go:395.2,396.25 2 1
github.com/scttfrdmn/cargoship/pkg/staging/chunk_predictor.go:396.25,398.3 1 1
github.com/scttfrdmn/cargoship/pkg/staging/chunk_predictor.go:401.2,404.29 3 1
github.com/scttfrdmn/cargoship/pkg/staging/chunk_predictor.go:404.29,405.17 1 1
github.com/scttfrdmn/cargoship/pkg/staging/chunk_predictor.go:405.17,406.12 1 0
github.com/scttfrdmn/cargoship/pkg/staging/chunk_predictor.go:408.3,409.30 2 1
github.com/scttfrdmn/cargoship/pkg/staging/chunk_predictor.go:412.2,412.16 1 1
github.com/scttfrdmn/cargoship/pkg/staging/chunk_predictor.go:416.89,417.24 1 1
github.com/scttfrdmn/cargoship/pkg/staging/chunk_predictor.go:417.24,419.3 1 1
github.com/scttfrdmn/cargoship/pkg/staging/chunk_predictor.go:422.2,425.35 3 1
github.com/scttfrdmn/cargoship/pkg/staging/chunk_predictor.go:425.35,431.3 4 1
github.com/scttfrdmn/cargoship/pkg/staging/chunk_predictor.go:433.2,433.22 1 1
github.com/scttfrdmn/cargoship/pkg/staging/chunk_predictor.go:433.22,435.3 1 0
github.com/scttfrdmn/cargoship/pkg/staging/chunk_predictor.go:437.2,437.35 1 1
github.com/scttfrdmn/cargoship/pkg/staging/chunk_predictor.go:441.76,442.15 1 1
github.com/scttfrdmn/cargoship/pkg/staging/chunk_predictor.go:443.25,444.13 1 1
github.com/scttfrdmn/cargoship/pkg/staging/chunk_predictor.go:445.21,446.13 1 1
github.com/scttfrdmn/cargoship/pkg/staging/chunk_predictor.go:447.25,448.13 1 1
github.com/scttfrdmn/cargoship/pkg/staging/chunk_predictor.go:449.21,450.13 1 1
github.com/scttfrdmn/cargoship/pkg/staging/chunk_predictor.go:451.19,452.13 1 1
github.com/scttfrdmn/cargoship/pkg/staging/chunk_predictor.go:453.10,454.13 1 0
github.com/scttfrdmn/cargoship/pkg/staging/chunk_predictor.go:466.58,471.2 1 1
github.com/scttfrdmn/cargoship/pkg/staging/chunk_predictor.go:474.95,484.60 6 1
github.com/scttfrdmn/cargoship/pkg/staging/chunk_predictor.go:484.60,487.36 2 1
github.com/scttfrdmn/cargoship/pkg/staging/chunk_predictor.go:487.36,490.4 2 0
github.com/scttfrdmn/cargoship/pkg/staging/chunk_predictor.go:491.3,491.26 1 1
github.com/scttfrdmn/cargoship/pkg/staging/chunk_predictor.go:495.2,498.43 2 1
github.com/scttfrdmn/cargoship/pkg/staging/chunk_predictor.go:498.43,500.36 2 1
github.com/scttfrdmn/cargoship/pkg/staging/chunk_predictor.go:500.36,503.4 2 1
github.com/scttfrdmn/cargoship/pkg/staging/chunk_predictor.go:504.3,504.46 1 1
github.com/scttfrdmn/cargoship/pkg/staging/chunk_predictor.go:507.2,507.17 1 1
github.com/scttfrdmn/cargoship/pkg/staging/chunk_predictor.go:511.103,527.2 8 1
github.com/scttfrdmn/cargoship/pkg/staging/chunk_predictor.go:530.105,535.111 4 1
github.com/scttfrdmn/cargoship/pkg/staging/chunk_predictor.go:535.111,536.73 1 1
github.com/scttfrdmn/cargoship/pkg/staging/chunk_predictor.go:536.73,542.36 4 1
github.com/scttfrdmn/cargoship/pkg/staging/chunk_predictor.go:542.36,543.55 1 1
github.com/scttfrdmn/cargoship/pkg/staging/chunk_predictor.go:543.55,546.6 2 1
github.com/scttfrdmn/cargoship/pkg/staging/chunk_predictor.go:546.11,547.11 1 1
github.com/scttfrdmn/cargoship/pkg/staging/chunk_predictor.go:551.4,551.37 1 1
github.com/scttfrdmn/cargoship/pkg/staging/chunk_predictor.go:551.37,563.5 3 1
github.com/scttfrdmn/cargoship/pkg/staging/chunk_predictor.go:567.2,567.17 1 1
github.com/scttfrdmn/cargoship/pkg/staging/chunk_predictor.go:571.105,578.25 4 1
github.com/scttfrdmn/cargoship/pkg/staging/chunk_predictor.go:578.25,579.37 1 1
github.com/scttfrdmn/cargoship/pkg/staging/chunk_predictor.go:579.37,580.15 1 1
github.com/scttfrdmn/cargoship/pkg/staging/chunk_predictor.go:580.15,582.10 2 1
github.com/scttfrdmn/cargoship/pkg/staging/chunk_predictor.go:587.2,588.29 2 1
github.com/scttfrdmn/cargoship/pkg/staging/chunk_predictor.go:588.29,596.3 1 1
github.com/scttfrdmn/cargoship/pkg/staging/chunk_predictor.go:598.2,598.17 1 1
github.com/scttfrdmn/cargoship/pkg/staging/chunk_predictor.go:602.101,606.57 3 1
github.com/scttfrdmn/cargoship/pkg/staging/chunk_predictor.go:606.57,608.22 2 1
github.com/scttfrdmn/cargoship/pkg/staging/chunk_predictor.go:608.22,610.4 1 1
github.com/scttfrdmn/cargoship/pkg/staging/chunk_predictor.go:612.3,616.20 3 1
github.com/scttfrdmn/cargoship/pkg/staging/chunk_predictor.go:616.20,624.4 1 1
github.com/scttfrdmn/cargoship/pkg/staging/chunk_predictor.go:627.2,627.17 1 1
github.com/scttfrdmn/cargoship/pkg/staging/chunk_predictor.go:636.56,649.2 1 1
github.com/scttfrdmn/cargoship/pkg/staging/chunk_predictor.go:652.71,653.20 1 1
github.com/scttfrdmn/cargoship/pkg/staging/chunk_predictor.go:653.20,655.3 1 1
github.com/scttfrdmn/cargoship/pkg/staging/chunk_predictor.go:658.2,658.53 1 1
github.com/scttfrdmn/cargoship/pkg/staging/chunk_predictor.go:658.53,659.83 1 1
github.com/scttfrdmn/cargoship/pkg/staging/chunk_predictor.go:659.83,661.4 1 1
github.com/scttfrdmn/cargoship/pkg/staging/chunk_predictor.go:665.2,666.48 2 1
github.com/scttfrdmn/cargoship/pkg/staging/chunk_predictor.go:666.48,667.60 1 1
github.com/scttfrdmn/cargoship/pkg/staging/chunk_predictor.go:667.60,669.4 1 1
github.com/scttfrdmn/cargoship/pkg/staging/chunk_predictor.go:672.2,673.26 2 1
github.com/scttfrdmn/cargoship/pkg/staging/chunk_predictor.go:673.26,675.3 1 1
github.com/scttfrdmn/cargoship/pkg/staging/chunk_predictor.go:677.2,677.17 1 0
github.com/scttfrdmn/cargoship/pkg/staging/chunk_predictor.go:681.27,682.11 1 1
github.com/scttfrdmn/cargoship/pkg/staging/chunk_predictor.go:682.11,684.3 1 1
github.com/scttfrdmn/cargoship/pkg/staging/chunk_predictor.go:685.2,685.10 1 1
github.com/scttfrdmn/cargoship/pkg/staging/compression_predictor.go:9.85,15.2 1 1
github.com/scttfrdmn/cargoship/pkg/staging/compression_predictor.go:18.109,35.94 7 1
github.com/scttfrdmn/cargoship/pkg/staging/compression_predictor.go:35.94,37.3 1 1
github.com/scttfrdmn/cargoship/pkg/staging/compression_predictor.go:40.2,40.26 1 1
github.com/scttfrdmn/cargoship/pkg/staging/compression_predictor.go:40.26,42.3 1 0
github.com/scttfrdmn/cargoship/pkg/staging/compression_predictor.go:43.2,43.26 1 1
github.com/scttfrdmn/cargoship/pkg/staging/compression_predictor.go:43.26,45.3 1 1
github.com/scttfrdmn/cargoship/pkg/staging/compression_predictor.go:47.2,47.22 1 1
github.com/scttfrdmn/cargoship/pkg/staging/compression_predictor.go:51.94,56.2 3 1
github.com/scttfrdmn/cargoship/pkg/staging/compression_predictor.go:59.108,61.2 1 1
github.com/scttfrdmn/cargoship/pkg/staging/compression_predictor.go:64.83,68.19 1 1
github.com/scttfrdmn/cargoship/pkg/staging/compression_predictor.go:68.19,70.3 1 1
github.com/scttfrdmn/cargoship/pkg/staging/compression_predictor.go:70.8,70.26 1 1
github.com/scttfrdmn/cargoship/pkg/staging/compression_predictor.go:70.26,72.3 1 1
github.com/scttfrdmn/cargoship/pkg/staging/compression_predictor.go:72.8,72.26 1 1
github.com/scttfrdmn/cargoship/pkg/staging/compression_predictor.go:72.26,74.3 1 1
github.com/scttfrdmn/cargoship/pkg/staging/compression_predictor.go:74.8,74.26 1 1
github.com/scttfrdmn/cargoship/pkg/staging/compression_predictor.go:74.26,76.3 1 1
github.com/scttfrdmn/cargoship/pkg/staging/compression_predictor.go:76.8,76.26 1 1
github.com/scttfrdmn/cargoship/pkg/staging/compression_predictor.go:76.26,78.3 1 1
github.com/scttfrdmn/cargoship/pkg/staging/compression_predictor.go:80.2,80.13 1 1
github.com/scttfrdmn/cargoship/pkg/staging/compression_predictor.go:84.90,85.21 1 1
github.com/scttfrdmn/cargoship/pkg/staging/compression_predictor.go:86.14,87.13 1 1
github.com/scttfrdmn/cargoship/pkg/staging/compression_predictor.go:88.14,89.13 1 1
github.com/scttfrdmn/cargoship/pkg/staging/compression_predictor.go:90.13,91.13 1 1
github.com/scttfrdmn/cargoship/pkg/staging/compression_predictor.go:92.16,93.13 1 1
github.com/scttfrdmn/cargoship/pkg/staging/compression_predictor.go:94.33,95.14 1 1
github.com/scttfrdmn/cargoship/pkg/staging/compression_predictor.go:96.13,97.13 1 1
github.com/scttfrdmn/cargoship/pkg/staging/compression_predictor.go:98.27,99.14 1 1
github.com/scttfrdmn/cargoship/pkg/staging/compression_predictor.go:100.18,101.13 1 0
github.com/scttfrdmn/cargoship/pkg/staging/compression_predictor.go:102.10,103.13 1 1
github.com/scttfrdmn/cargoship/pkg/staging/compression_predictor.go:108.94,109.24 1 1
github.com/scttfrdmn/cargoship/pkg/staging/compression_predictor.go:109.24,111.3 1 1
github.com/scttfrdmn/cargoship/pkg/staging/compression_predictor.go:113.2,116.35 3 1
github.com/scttfrdmn/cargoship/pkg/staging/compression_predictor.go:116.35,119.23 2 1
github.com/scttfrdmn/cargoship/pkg/staging/compression_predictor.go:120.26,121.23 1 1
github.com/scttfrdmn/cargoship/pkg/staging/compression_predictor.go:122.26,123.22 1 1
github.com/scttfrdmn/cargoship/pkg/staging/compression_predictor.go:124.20,125.22 1 0
github.com/scttfrdmn/cargoship/pkg/staging/compression_predictor.go:126.22,127.22 1 0
github.com/scttfrdmn/cargoship/pkg/staging/compression_predictor.go:128.22,129.23 1 0
github.com/scttfrdmn/cargoship/pkg/staging/compression_predictor.go:133.3,135.32 3 1
github.com/scttfrdmn/cargoship/pkg/staging/compression_predictor.go:138.2,138.22 1 1
github.com/scttfrdmn/cargoship/pkg/staging/compression_predictor.go:138.22,140.3 1 1
github.com/scttfrdmn/cargoship/pkg/staging/compression_predictor.go:143.2,143.45 1 1
github.com/scttfrdmn/cargoship/pkg/staging/compression_predictor.go:147.98,149.2 1 1
github.com/scttfrdmn/cargoship/pkg/staging/compression_predictor.go:152.84,156.62 3 1
github.com/scttfrdmn/cargoship/pkg/staging/compression_predictor.go:156.62,158.3 1 1
github.com/scttfrdmn/cargoship/pkg/staging/compression_predictor.go:160.2,160.12 1 1
github.com/scttfrdmn/cargoship/pkg/staging/compression_predictor.go:164.128,169.42 3 1
github.com/scttfrdmn/cargoship/pkg/staging/compression_predictor.go:169.42,171.3 1 1
github.com/scttfrdmn/cargoship/pkg/staging/compression_predictor.go:174.2,174.41 1 1
github.com/scttfrdmn/cargoship/pkg/staging/compression_predictor.go:174.41,176.3 1 1
github.com/scttfrdmn/cargoship/pkg/staging/compression_predictor.go:179.2,180.43 2 1
github.com/scttfrdmn/cargoship/pkg/staging/compression_predictor.go:180.43,181.73 1 1
github.com/scttfrdmn/cargoship/pkg/staging/compression_predictor.go:181.73,183.9 2 1
github.com/scttfrdmn/cargoship/pkg/staging/compression_predictor.go:187.2,187.19 1 1
github.com/scttfrdmn/cargoship/pkg/staging/compression_predictor.go:187.19,189.3 1 1
github.com/scttfrdmn/cargoship/pkg/staging/compression_predictor.go:192.2,192.118 1 0
github.com/scttfrdmn/cargoship/pkg/staging/compression_predictor.go:192.118,194.3 1 0
github.com/scttfrdmn/cargoship/pkg/staging/compression_predictor.go:197.2,197.15 1 0
github.com/scttfrdmn/cargoship/pkg/staging/compression_predictor.go:212.117,225.2 8 1
github.com/scttfrdmn/cargoship/pkg/staging/compression_predictor.go:235.50,240.2 1 1
github.com/scttfrdmn/cargoship/pkg/staging/compression_predictor.go:243.88,254.36 4 1
github.com/scttfrdmn/cargoship/pkg/staging/compression_predictor.go:254.36,256.3 1 1
github.com/scttfrdmn/cargoship/pkg/staging/compression_predictor.go:258.2,261.50 2 1
github.com/scttfrdmn/cargoship/pkg/staging/compression_predictor.go:261.50,263.3 1 0
github.com/scttfrdmn/cargoship/pkg/staging/compression_predictor.go:267.87,272.34 4 1
github.com/scttfrdmn/cargoship/pkg/staging/compression_predictor.go:272.34,274.3 1 1
github.com/scttfrdmn/cargoship/pkg/staging/compression_predictor.go:277.2,280.33 3 1
github.com/scttfrdmn/cargoship/pkg/staging/compression_predictor.go:280.33,281.43 1 1
github.com/scttfrdmn/cargoship/pkg/staging/compression_predictor.go:281.43,283.4 1 1
github.com/scttfrdmn/cargoship/pkg/staging/compression_predictor.go:286.2,286.30 1 1
github.com/scttfrdmn/cargoship/pkg/staging/compression_predictor.go:286.30,289.3 1 0
github.com/scttfrdmn/cargoship/pkg/staging/compression_predictor.go:292.2,296.40 4 1
github.com/scttfrdmn/cargoship/pkg/staging/compression_predictor.go:296.40,300.28 3 1
github.com/scttfrdmn/cargoship/pkg/staging/compression_predictor.go:300.28,302.4 1 0
github.com/scttfrdmn/cargoship/pkg/staging/compression_predictor.go:302.9,304.4 1 1
github.com/scttfrdmn/cargoship/pkg/staging/compression_predictor.go:306.3,307.24 2 1
github.com/scttfrdmn/cargoship/pkg/staging/compression_predictor.go:310.2,310.22 1 1
github.com/scttfrdmn/cargoship/pkg/staging/compression_predictor.go:310.22,312.3 1 0
github.com/scttfrdmn/cargoship/pkg/staging/compression_predictor.go:314.2,314.34 1 1
github.com/scttfrdmn/cargoship/pkg/staging/compression_predictor.go:318.97,322.56 3 1
github.com/scttfrdmn/cargoship/pkg/staging/compression_predictor.go:322.56,327.3 3 1
github.com/scttfrdmn/cargoship/pkg/staging/compression_predictor.go:329.2,329.12 1 1
github.com/scttfrdmn/cargoship/pkg/staging/compression_predictor.go:341.27,342.11 1 1
github.com/scttfrdmn/cargoship/pkg/staging/compression_predictor.go:342.11,344.3 1 1
github.com/scttfrdmn/cargoship/pkg/staging/compression_predictor.go:345.2,345.10 1 1
github.com/scttfrdmn/cargoship/pkg/staging/compression_predictor.go:349.106,355.18 4 1
github.com/scttfrdmn/cargoship/pkg/staging/compression_predictor.go:355.18,358.3 1 1
github.com/scttfrdmn/cargoship/pkg/staging/compression_predictor.go:361.2,362.28 2 1
github.com/scttfrdmn/cargoship/pkg/staging/compression_predictor.go:362.28,365.3 2 1
github.com/scttfrdmn/cargoship/pkg/staging/compression_predictor.go:367.2,367.55 1 0
github.com/scttfrdmn/cargoship/pkg/staging/compression_predictor.go:371.109,383.13 4 1
github.com/scttfrdmn/cargoship/pkg/staging/compression_predictor.go:383.13,385.3 1 1
github.com/scttfrdmn/cargoship/pkg/staging/compression_predictor.go:387.2,388.58 2 1
github.com/scttfrdmn/cargoship/pkg/staging/compression_predictor.go:392.165,418.2 9 1
github.com/scttfrdmn/cargoship/pkg/staging/network_adaptation.go:54.50,72.2 1 1
github.com/scttfrdmn/cargoship/pkg/staging/network_adaptation.go:106.105,107.19 1 1
github.com/scttfrdmn/cargoship/pkg/staging/network_adaptation.go:107.19,109.3 1 0
github.com/scttfrdmn/cargoship/pkg/staging/network_adaptation.go:111.2,128.15 5 1
github.com/scttfrdmn/cargoship/pkg/staging/network_adaptation.go:132.51,136.16 3 1
github.com/scttfrdmn/cargoship/pkg/staging/network_adaptation.go:136.16,138.3 1 1
github.com/scttfrdmn/cargoship/pkg/staging/network_adaptation.go:140.2,149.12 4 1
github.com/scttfrdmn/cargoship/pkg/staging/network_adaptation.go:149.12,151.3 1 1
github.com/scttfrdmn/cargoship/pkg/staging/network_adaptation.go:153.2,153.12 1 1
github.com/scttfrdmn/cargoship/pkg/staging/network_adaptation.go:157.50,161.17 3 0
github.com/scttfrdmn/cargoship/pkg/staging/network_adaptation.go:161.17,163.3 1 0
github.com/scttfrdmn/cargoship/pkg/staging/network_adaptation.go:165.2,168.12 3 0
github.com/scttfrdmn/cargoship/pkg/staging/network_adaptation.go:172.73,178.6 5 1
github.com/scttfrdmn/cargoship/pkg/staging/network_adaptation.go:178.6,179.10 1 1
github.com/scttfrdmn/cargoship/pkg/staging/network_adaptation.go:180.21,181.10 1 0
github.com/scttfrdmn/cargoship/pkg/staging/network_adaptation.go:182.26,183.34 1 0
github.com/scttfrdmn/cargoship/pkg/staging/network_adaptation.go:184.29,185.26 1 0
github.com/scttfrdmn/cargoship/pkg/staging/network_adaptation.go:191.64,203.53 6 0
github.com/scttfrdmn/cargoship/pkg/staging/network_adaptation.go:203.53,205.3 1 0
github.com/scttfrdmn/cargoship/pkg/staging/network_adaptation.go:207.2,215.39 7 0
github.com/scttfrdmn/cargoship/pkg/staging/network_adaptation.go:219.56,228.23 5 1
github.com/scttfrdmn/cargoship/pkg/staging/network_adaptation.go:228.23,230.3 1 0
github.com/scttfrdmn/cargoship/pkg/staging/network_adaptation.go:233.2,234.21 2 1
github.com/scttfrdmn/cargoship/pkg/staging/network_adaptation.go:234.21,236.3 1 0
github.com/scttfrdmn/cargoship/pkg/staging/network_adaptation.go:239.2,241.16 3 1
github.com/scttfrdmn/cargoship/pkg/staging/network_adaptation.go:241.16,243.3 1 0
github.com/scttfrdmn/cargoship/pkg/staging/network_adaptation.go:246.2,252.51 3 1
github.com/scttfrdmn/cargoship/pkg/staging/network_adaptation.go:256.100,257.51 1 1
github.com/scttfrdmn/cargoship/pkg/staging/network_adaptation.go:257.51,259.3 1 1
github.com/scttfrdmn/cargoship/pkg/staging/network_adaptation.go:261.2,265.59 3 0
github.com/scttfrdmn/cargoship/pkg/staging/network_adaptation.go:265.59,266.58 1 0
github.com/scttfrdmn/cargoship/pkg/staging/network_adaptation.go:266.58,268.4 1 0
github.com/scttfrdmn/cargoship/pkg/staging/network_adaptation.go:269.3,269.36 1 0
github.com/scttfrdmn/cargoship/pkg/staging/network_adaptation.go:273.2,274.55 2 0
github.com/scttfrdmn/cargoship/pkg/staging/network_adaptation.go:274.55,275.50 1 0
github.com/scttfrdmn/cargoship/pkg/staging/network_adaptation.go:275.50,277.4 1 0
github.com/scttfrdmn/cargoship/pkg/staging/network_adaptation.go:278.3,278.34 1 0
github.com/scttfrdmn/cargoship/pkg/staging/network_adaptation.go:282.2,283.49 2 0
github.com/scttfrdmn/cargoship/pkg/staging/network_adaptation.go:283.49,284.52 1 0
github.com/scttfrdmn/cargoship/pkg/staging/network_adaptation.go:284.52,286.4 1 0
github.com/scttfrdmn/cargoship/pkg/staging/network_adaptation.go:287.3,287.38 1 0
github.com/scttfrdmn/cargoship/pkg/staging/network_adaptation.go:291.2,291.75 1 0
github.com/scttfrdmn/cargoship/pkg/staging/network_adaptation.go:291.75,293.3 1 0
github.com/scttfrdmn/cargoship/pkg/staging/network_adaptation.go:294.2,294.75 1 0
github.com/scttfrdmn/cargoship/pkg/staging/network_adaptation.go:294.75,296.3 1 0
github.com/scttfrdmn/cargoship/pkg/staging/network_adaptation.go:299.2,299.53 1 0
github.com/scttfrdmn/cargoship/pkg/staging/network_adaptation.go:299.53,301.74 2 0
github.com/scttfrdmn/cargoship/pkg/staging/network_adaptation.go:301.74,303.4 1 0
github.com/scttfrdmn/cargoship/pkg/staging/network_adaptation.go:304.3,304.66 1 0
github.com/scttfrdmn/cargoship/pkg/staging/network_adaptation.go:304.66,306.4 1 0
github.com/scttfrdmn/cargoship/pkg/staging/network_adaptation.go:307.3,307.64 1 0
github.com/scttfrdmn/cargoship/pkg/staging/network_adaptation.go:307.64,309.4 1 0
github.com/scttfrdmn/cargoship/pkg/staging/network_adaptation.go:312.2,312.18 1 0
github.com/scttfrdmn/cargoship/pkg/staging/network_adaptation.go:316.126,331.16 7 1
github.com/scttfrdmn/cargoship/pkg/staging/network_adaptation.go:332.28,333.71 1 0
github.com/scttfrdmn/cargoship/pkg/staging/network_adaptation.go:334.28,335.71 1 0
github.com/scttfrdmn/cargoship/pkg/staging/network_adaptation.go:336.26,337.69 1 0
github.com/scttfrdmn/cargoship/pkg/staging/network_adaptation.go:338.26,339.69 1 0
github.com/scttfrdmn/cargoship/pkg/staging/network_adaptation.go:340.29,341.64 1 0
github.com/scttfrdmn/cargoship/pkg/staging/network_adaptation.go:342.28,343.69 1 0
github.com/scttfrdmn/cargoship/pkg/staging/network_adaptation.go:344.30,345.64 1 0
github.com/scttfrdmn/cargoship/pkg/staging/network_adaptation.go:346.33,347.67 1 0
github.com/scttfrdmn/cargoship/pkg/staging/network_adaptation.go:348.10,349.61 1 1
github.com/scttfrdmn/cargoship/pkg/staging/network_adaptation.go:353.2,360.77 4 1
github.com/scttfrdmn/cargoship/pkg/staging/network_adaptation.go:360.77,362.3 1 1
github.com/scttfrdmn/cargoship/pkg/staging/network_adaptation.go:364.2,364.12 1 0
github.com/scttfrdmn/cargoship/pkg/staging/network_adaptation.go:368.133,374.37 3 0
github.com/scttfrdmn/cargoship/pkg/staging/network_adaptation.go:374.37,376.3 1 0
github.com/scttfrdmn/cargoship/pkg/staging/network_adaptation.go:379.2,379.35 1 0
github.com/scttfrdmn/cargoship/pkg/staging/network_adaptation.go:379.35,381.3 1 0
github.com/scttfrdmn/cargoship/pkg/staging/network_adaptation.go:383.2,383.14 1 0
github.com/scttfrdmn/cargoship/pkg/staging/network_adaptation.go:387.133,396.34 4 0
github.com/scttfrdmn/cargoship/pkg/staging/network_adaptation.go:396.34,398.3 1 0
github.com/scttfrdmn/cargoship/pkg/staging/network_adaptation.go:400.2,400.14 1 0
github.com/scttfrdmn/cargoship/pkg/staging/network_adaptation.go:404.131,413.2 4 0
github.com/scttfrdmn/cargoship/pkg/staging/network_adaptation.go:416.131,422.37 3 0
github.com/scttfrdmn/cargoship/pkg/staging/network_adaptation.go:422.37,424.3 1 0
github.com/scttfrdmn/cargoship/pkg/staging/network_adaptation.go:426.2,426.14 1 0
github.com/scttfrdmn/cargoship/pkg/staging/network_adaptation.go:430.126,442.2 5 0
github.com/scttfrdmn/cargoship/pkg/staging/network_adaptation.go:445.131,457.2 5 0
github.com/scttfrdmn/cargoship/pkg/staging/network_adaptation.go:460.126,469.2 4 0
github.com/scttfrdmn/cargoship/pkg/staging/network_adaptation.go:472.129,474.86 1 0
github.com/scttfrdmn/cargoship/pkg/staging/network_adaptation.go:474.86,476.3 1 0
github.com/scttfrdmn/cargoship/pkg/staging/network_adaptation.go:479.2,483.34 3 0
github.com/scttfrdmn/cargoship/pkg/staging/network_adaptation.go:483.34,485.3 1 0
github.com/scttfrdmn/cargoship/pkg/staging/network_adaptation.go:485.8,487.3 1 0
github.com/scttfrdmn/cargoship/pkg/staging/network_adaptation.go:489.2,489.14 1 0
github.com/scttfrdmn/cargoship/pkg/staging/network_adaptation.go:493.123,503.2 6 1
github.com/scttfrdmn/cargoship/pkg/staging/network_adaptation.go:508.96,521.45 5 1
github.com/scttfrdmn/cargoship/pkg/staging/network_adaptation.go:521.45,523.3 1 1
github.com/scttfrdmn/cargoship/pkg/staging/network_adaptation.go:524.2,524.45 1 1
github.com/scttfrdmn/cargoship/pkg/staging/network_adaptation.go:524.45,526.3 1 0
github.com/scttfrdmn/cargoship/pkg/staging/network_adaptation.go:528.2,528.20 1 1
github.com/scttfrdmn/cargoship/pkg/staging/network_adaptation.go:532.98,537.37 2 1
github.com/scttfrdmn/cargoship/pkg/staging/network_adaptation.go:537.37,539.3 1 0
github.com/scttfrdmn/cargoship/pkg/staging/network_adaptation.go:542.2,542.31 1 1
github.com/scttfrdmn/cargoship/pkg/staging/network_adaptation.go:542.31,544.3 1 0
github.com/scttfrdmn/cargoship/pkg/staging/network_adaptation.go:547.2,547.49 1 1
github.com/scttfrdmn/cargoship/pkg/staging/network_adaptation.go:547.49,549.3 1 0
github.com/scttfrdmn/cargoship/pkg/staging/network_adaptation.go:550.2,550.49 1 1
github.com/scttfrdmn/cargoship/pkg/staging/network_adaptation.go:550.49,552.3 1 0
github.com/scttfrdmn/cargoship/pkg/staging/network_adaptation.go:554.2,554.24 1 1
github.com/scttfrdmn/cargoship/pkg/staging/network_adaptation.go:558.98,560.35 1 1
github.com/scttfrdmn/cargoship/pkg/staging/network_adaptation.go:560.35,562.3 1 0
github.com/scttfrdmn/cargoship/pkg/staging/network_adaptation.go:565.2,565.34 1 1
github.com/scttfrdmn/cargoship/pkg/staging/network_adaptation.go:565.34,567.3 1 0
github.com/scttfrdmn/cargoship/pkg/staging/network_adaptation.go:570.2,570.31 1 1
github.com/scttfrdmn/cargoship/pkg/staging/network_adaptation.go:570.31,572.3 1 0
github.com/scttfrdmn/cargoship/pkg/staging/network_adaptation.go:575.2,575.15 1 1
github.com/scttfrdmn/cargoship/pkg/staging/network_adaptation.go:579.103,581.51 1 1
github.com/scttfrdmn/cargoship/pkg/staging/network_adaptation.go:581.51,583.3 1 0
github.com/scttfrdmn/cargoship/pkg/staging/network_adaptation.go:584.2,584.51 1 1
github.com/scttfrdmn/cargoship/pkg/staging/network_adaptation.go:584.51,586.3 1 0
github.com/scttfrdmn/cargoship/pkg/staging/network_adaptation.go:589.2,589.51 1 1
github.com/scttfrdmn/cargoship/pkg/staging/network_adaptation.go:589.51,591.3 1 0
github.com/scttfrdmn/cargoship/pkg/staging/network_adaptation.go:592.2,592.51 1 1
github.com/scttfrdmn/cargoship/pkg/staging/network_adaptation.go:592.51,594.3 1 0
github.com/scttfrdmn/cargoship/pkg/staging/network_adaptation.go:597.2,599.42 3 1
github.com/scttfrdmn/cargoship/pkg/staging/network_adaptation.go:599.42,600.38 1 1
github.com/scttfrdmn/cargoship/pkg/staging/network_adaptation.go:600.38,602.9 2 1
github.com/scttfrdmn/cargoship/pkg/staging/network_adaptation.go:605.2,605.14 1 1
github.com/scttfrdmn/cargoship/pkg/staging/network_adaptation.go:605.14,607.3 1 0
github.com/scttfrdmn/cargoship/pkg/staging/network_adaptation.go:609.2,609.14 1 1
github.com/scttfrdmn/cargoship/pkg/staging/network_adaptation.go:613.123,624.2 6 1
github.com/scttfrdmn/cargoship/pkg/staging/network_adaptation.go:627.112,628.40 1 1
github.com/scttfrdmn/cargoship/pkg/staging/network_adaptation.go:628.40,630.3 1 1
github.com/scttfrdmn/cargoship/pkg/staging/network_adaptation.go:633.2,636.50 2 1
github.com/scttfrdmn/cargoship/pkg/staging/network_adaptation.go:636.50,638.3 1 1
github.com/scttfrdmn/cargoship/pkg/staging/network_adaptation.go:641.2,641.50 1 1
github.com/scttfrdmn/cargoship/pkg/staging/network_adaptation.go:641.50,643.3 1 1
github.com/scttfrdmn/cargoship/pkg/staging/network_adaptation.go:646.2,646.60 1 1
github.com/scttfrdmn/cargoship/pkg/staging/network_adaptation.go:646.60,648.3 1 1
github.com/scttfrdmn/cargoship/pkg/staging/network_adaptation.go:650.2,650.20 1 1
github.com/scttfrdmn/cargoship/pkg/staging/network_adaptation.go:656.106,662.2 4 1
github.com/scttfrdmn/cargoship/pkg/staging/network_adaptation.go:665.108,671.2 4 1
github.com/scttfrdmn/cargoship/pkg/staging/network_adaptation.go:674.111,676.28 2 1
github.com/scttfrdmn/cargoship/pkg/staging/network_adaptation.go:676.28,678.3 1 1
github.com/scttfrdmn/cargoship/pkg/staging/network_adaptation.go:681.2,691.26 4 1
github.com/scttfrdmn/cargoship/pkg/staging/network_adaptation.go:691.26,693.3 1 1
github.com/scttfrdmn/cargoship/pkg/staging/network_adaptation.go:695.2,696.27 2 1
github.com/scttfrdmn/cargoship/pkg/staging/network_adaptation.go:700.124,706.23 4 1
github.com/scttfrdmn/cargoship/pkg/staging/network_adaptation.go:706.23,708.3 1 0
github.com/scttfrdmn/cargoship/pkg/staging/network_adaptation.go:710.2,710.12 1 1
github.com/scttfrdmn/cargoship/pkg/staging/network_adaptation.go:714.140,716.72 1 1
github.com/scttfrdmn/cargoship/pkg/staging/network_adaptation.go:716.72,718.3 1 0
github.com/scttfrdmn/cargoship/pkg/staging/network_adaptation.go:720.2,720.104 1 1
github.com/scttfrdmn/cargoship/pkg/staging/network_adaptation.go:720.104,722.3 1 1
github.com/scttfrdmn/cargoship/pkg/staging/network_adaptation.go:724.2,724.12 1 0
github.com/scttfrdmn/cargoship/pkg/staging/network_adaptation.go:728.143,731.60 2 1
github.com/scttfrdmn/cargoship/pkg/staging/network_adaptation.go:731.60,733.3 1 0
github.com/scttfrdmn/cargoship/pkg/staging/network_adaptation.go:735.2,735.12 1 1
github.com/scttfrdmn/cargoship/pkg/staging/network_adaptation.go:739.102,749.29 4 0
github.com/scttfrdmn/cargoship/pkg/staging/network_adaptation.go:749.29,751.3 1 0
github.com/scttfrdmn/cargoship/pkg/staging/network_adaptation.go:753.2,753.57 1 0
github.com/scttfrdmn/cargoship/pkg/staging/network_adaptation.go:757.102,762.32 2 0
github.com/scttfrdmn/cargoship/pkg/staging/network_adaptation.go:762.32,764.3 1 0
github.com/scttfrdmn/cargoship/pkg/staging/network_adaptation.go:767.2,769.39 2 0
github.com/scttfrdmn/cargoship/pkg/staging/network_adaptation.go:773.91,775.64 1 0
github.com/scttfrdmn/cargoship/pkg/staging/network_adaptation.go:775.64,777.3 1 0
github.com/scttfrdmn/cargoship/pkg/staging/network_adaptation.go:780.2,781.40 2 0
github.com/scttfrdmn/cargoship/pkg/staging/network_adaptation.go:781.40,783.3 1 0
github.com/scttfrdmn/cargoship/pkg/staging/network_adaptation.go:783.8,785.3 1 0
github.com/scttfrdmn/cargoship/pkg/staging/network_adaptation.go:788.2,788.36 1 0
github.com/scttfrdmn/cargoship/pkg/staging/network_adaptation.go:788.36,790.3 1 0
github.com/scttfrdmn/cargoship/pkg/staging/network_adaptation.go:794.96,796.35 1 1
github.com/scttfrdmn/cargoship/pkg/staging/network_adaptation.go:796.35,798.3 1 1
github.com/scttfrdmn/cargoship/pkg/staging/network_adaptation.go:799.2,799.12 1 0
github.com/scttfrdmn/cargoship/pkg/staging/network_adaptation.go:803.100,804.51 1 1
github.com/scttfrdmn/cargoship/pkg/staging/network_adaptation.go:804.51,805.34 1 0
github.com/scttfrdmn/cargoship/pkg/staging/network_adaptation.go:805.34,807.4 1 0
github.com/scttfrdmn/cargoship/pkg/staging/network_adaptation.go:814.77,818.17 3 1
github.com/scttfrdmn/cargoship/pkg/staging/network_adaptation.go:818.17,820.3 1 1
github.com/scttfrdmn/cargoship/pkg/staging/network_adaptation.go:823.2,824.15 2 1
github.com/scttfrdmn/cargoship/pkg/staging/network_adaptation.go:828.93,833.2 3 0
github.com/scttfrdmn/cargoship/pkg/staging/network_adaptation.go:836.55,838.2 1 1
github.com/scttfrdmn/cargoship/pkg/staging/network_adaptation.go:841.51,852.2 1 1
github.com/scttfrdmn/cargoship/pkg/staging/network_adaptation.go:871.48,876.2 1 1
github.com/scttfrdmn/cargoship/pkg/staging/network_adaptation.go:879.99,893.41 5 1
github.com/scttfrdmn/cargoship/pkg/staging/network_adaptation.go:893.41,895.3 1 0
github.com/scttfrdmn/cargoship/pkg/staging/network_adaptation.go:899.82,903.33 3 0
github.com/scttfrdmn/cargoship/pkg/staging/network_adaptation.go:903.33,905.3 1 0
github.com/scttfrdmn/cargoship/pkg/staging/network_adaptation.go:907.2,910.29 2 0
github.com/scttfrdmn/cargoship/pkg/staging/network_adaptation.go:910.29,912.3 1 0
github.com/scttfrdmn/cargoship/pkg/staging/network_adaptation.go:914.2,914.15 1 0
github.com/scttfrdmn/cargoship/pkg/staging/network_monitor.go:11.81,20.2 1 1
github.com/scttfrdmn/cargoship/pkg/staging/network_monitor.go:23.64,27.6 3 1
github.com/scttfrdmn/cargoship/pkg/staging/network_monitor.go:27.6,28.10 1 1
github.com/scttfrdmn/cargoship/pkg/staging/network_monitor.go:29.21,30.10 1 1
github.com/scttfrdmn/cargoship/pkg/staging/network_monitor.go:31.19,32.26 1 1
github.com/scttfrdmn/cargoship/pkg/staging/network_monitor.go:38.77,45.2 4 1
github.com/scttfrdmn/cargoship/pkg/staging/network_monitor.go:48.57,52.35 3 1
github.com/scttfrdmn/cargoship/pkg/staging/network_monitor.go:52.35,54.3 1 1
github.com/scttfrdmn/cargoship/pkg/staging/network_monitor.go:57.2,64.59 4 0
github.com/scttfrdmn/cargoship/pkg/staging/network_monitor.go:68.94,80.2 7 1
github.com/scttfrdmn/cargoship/pkg/staging/network_monitor.go:83.56,95.2 5 1
github.com/scttfrdmn/cargoship/pkg/staging/network_monitor.go:98.81,114.2 2 1
github.com/scttfrdmn/cargoship/pkg/staging/network_monitor.go:117.65,118.36 1 1
github.com/scttfrdmn/cargoship/pkg/staging/network_monitor.go:118.36,120.3 1 1
github.com/scttfrdmn/cargoship/pkg/staging/network_monitor.go:123.2,126.87 3 1
github.com/scttfrdmn/cargoship/pkg/staging/network_monitor.go:126.87,128.3 1 1
github.com/scttfrdmn/cargoship/pkg/staging/network_monitor.go:130.2,130.46 1 1
github.com/scttfrdmn/cargoship/pkg/staging/network_monitor.go:134.63,135.36 1 1
github.com/scttfrdmn/cargoship/pkg/staging/network_monitor.go:135.36,137.3 1 1
github.com/scttfrdmn/cargoship/pkg/staging/network_monitor.go:140.2,143.87 3 1
github.com/scttfrdmn/cargoship/pkg/staging/network_monitor.go:143.87,145.3 1 1
github.com/scttfrdmn/cargoship/pkg/staging/network_monitor.go:147.2,147.44 1 1
github.com/scttfrdmn/cargoship/pkg/staging/network_monitor.go:151.66,153.36 1 1
github.com/scttfrdmn/cargoship/pkg/staging/network_monitor.go:153.36,155.3 1 1
github.com/scttfrdmn/cargoship/pkg/staging/network_monitor.go:158.2,159.22 2 1
github.com/scttfrdmn/cargoship/pkg/staging/network_monitor.go:159.22,161.3 1 0
github.com/scttfrdmn/cargoship/pkg/staging/network_monitor.go:161.8,161.29 1 1
github.com/scttfrdmn/cargoship/pkg/staging/network_monitor.go:161.29,163.3 1 0
github.com/scttfrdmn/cargoship/pkg/staging/network_monitor.go:165.2,165.14 1 1
github.com/scttfrdmn/cargoship/pkg/staging/network_monitor.go:169.62,170.35 1 1
github.com/scttfrdmn/cargoship/pkg/staging/network_monitor.go:170.35,172.3 1 1
github.com/scttfrdmn/cargoship/pkg/staging/network_monitor.go:175.2,178.87 3 1
github.com/scttfrdmn/cargoship/pkg/staging/network_monitor.go:178.87,180.3 1 1
github.com/scttfrdmn/cargoship/pkg/staging/network_monitor.go:183.2,184.36 2 1
github.com/scttfrdmn/cargoship/pkg/staging/network_monitor.go:184.36,186.3 1 1
github.com/scttfrdmn/cargoship/pkg/staging/network_monitor.go:187.2,190.36 3 1
github.com/scttfrdmn/cargoship/pkg/staging/network_monitor.go:190.36,193.3 2 1
github.com/scttfrdmn/cargoship/pkg/staging/network_monitor.go:194.2,196.28 2 1
github.com/scttfrdmn/cargoship/pkg/staging/network_monitor.go:200.66,209.22 5 1
github.com/scttfrdmn/cargoship/pkg/staging/network_monitor.go:209.22,211.3 1 0
github.com/scttfrdmn/cargoship/pkg/staging/network_monitor.go:211.8,211.29 1 1
github.com/scttfrdmn/cargoship/pkg/staging/network_monitor.go:211.29,213.3 1 0
github.com/scttfrdmn/cargoship/pkg/staging/network_monitor.go:216.2,216.21 1 1
github.com/scttfrdmn/cargoship/pkg/staging/network_monitor.go:216.21,218.3 1 0
github.com/scttfrdmn/cargoship/pkg/staging/network_monitor.go:218.8,218.27 1 1
github.com/scttfrdmn/cargoship/pkg/staging/network_monitor.go:218.27,220.3 1 0
github.com/scttfrdmn/cargoship/pkg/staging/network_monitor.go:223.2,223.23 1 1
github.com/scttfrdmn/cargoship/pkg/staging/network_monitor.go:223.23,225.3 1 0
github.com/scttfrdmn/cargoship/pkg/staging/network_monitor.go:225.8,225.31 1 1
github.com/scttfrdmn/cargoship/pkg/staging/network_monitor.go:225.31,227.3 1 0
github.com/scttfrdmn/cargoship/pkg/staging/network_monitor.go:229.2,229.34 1 1
github.com/scttfrdmn/cargoship/pkg/staging/network_monitor.go:233.67,247.2 6 1
github.com/scttfrdmn/cargoship/pkg/staging/network_monitor.go:250.79,255.44 3 1
github.com/scttfrdmn/cargoship/pkg/staging/network_monitor.go:255.44,259.3 2 0
github.com/scttfrdmn/cargoship/pkg/staging/network_monitor.go:263.53,274.2 1 1
github.com/scttfrdmn/cargoship/pkg/staging/network_monitor.go:283.54,287.2 1 1
github.com/scttfrdmn/cargoship/pkg/staging/network_monitor.go:290.89,294.22 3 1
github.com/scttfrdmn/cargoship/pkg/staging/network_monitor.go:294.22,296.3 1 0
github.com/scttfrdmn/cargoship/pkg/staging/network_monitor.go:299.2,303.87 3 1
github.com/scttfrdmn/cargoship/pkg/staging/network_monitor.go:303.87,305.3 1 1
github.com/scttfrdmn/cargoship/pkg/staging/network_monitor.go:307.2,307.85 1 1
github.com/scttfrdmn/cargoship/pkg/staging/network_monitor.go:307.85,309.3 1 1
github.com/scttfrdmn/cargoship/pkg/staging/network_monitor.go:311.2,311.88 1 1
github.com/scttfrdmn/cargoship/pkg/staging/network_monitor.go:311.88,313.3 1 1
github.com/scttfrdmn/cargoship/pkg/staging/network_monitor.go:316.2,319.24 2 1
github.com/scttfrdmn/cargoship/pkg/staging/network_monitor.go:319.24,321.3 1 0
github.com/scttfrdmn/cargoship/pkg/staging/network_monitor.go:321.8,321.32 1 1
github.com/scttfrdmn/cargoship/pkg/staging/network_monitor.go:321.32,323.3 1 0
github.com/scttfrdmn/cargoship/pkg/staging/network_monitor.go:326.2,327.22 2 1
github.com/scttfrdmn/cargoship/pkg/staging/network_monitor.go:327.22,329.3 1 0
github.com/scttfrdmn/cargoship/pkg/staging/network_monitor.go:331.2,331.20 1 1
github.com/scttfrdmn/cargoship/pkg/staging/network_monitor.go:335.135,336.25 1 1
github.com/scttfrdmn/cargoship/pkg/staging/network_monitor.go:336.25,338.3 1 0
github.com/scttfrdmn/cargoship/pkg/staging/network_monitor.go:341.2,347.39 6 1
github.com/scttfrdmn/cargoship/pkg/staging/network_monitor.go:347.39,355.3 6 1
github.com/scttfrdmn/cargoship/pkg/staging/network_monitor.go:358.2,359.22 2 1
github.com/scttfrdmn/cargoship/pkg/staging/network_monitor.go:359.22,361.3 1 0
github.com/scttfrdmn/cargoship/pkg/staging/network_monitor.go:363.2,366.15 2 1
github.com/scttfrdmn/cargoship/pkg/staging/network_monitor.go:366.15,368.3 1 1
github.com/scttfrdmn/cargoship/pkg/staging/network_monitor.go:370.2,370.14 1 1
github.com/scttfrdmn/cargoship/pkg/staging/network_monitor.go:374.94,375.25 1 1
github.com/scttfrdmn/cargoship/pkg/staging/network_monitor.go:375.25,377.3 1 0
github.com/scttfrdmn/cargoship/pkg/staging/network_monitor.go:380.2,381.39 2 1
github.com/scttfrdmn/cargoship/pkg/staging/network_monitor.go:381.39,383.3 1 1
github.com/scttfrdmn/cargoship/pkg/staging/network_monitor.go:385.2,386.39 2 1
github.com/scttfrdmn/cargoship/pkg/staging/network_monitor.go:386.39,388.3 1 1
github.com/scttfrdmn/cargoship/pkg/staging/network_monitor.go:389.2,391.15 2 1
github.com/scttfrdmn/cargoship/pkg/staging/network_monitor.go:391.15,393.3 1 0
github.com/scttfrdmn/cargoship/pkg/staging/network_monitor.go:395.2,396.39 2 1
github.com/scttfrdmn/cargoship/pkg/staging/network_monitor.go:396.39,399.3 2 1
github.com/scttfrdmn/cargoship/pkg/staging/network_monitor.go:400.2,405.22 3 1
github.com/scttfrdmn/cargoship/pkg/staging/network_monitor.go:416.67,425.2 1 1
github.com/scttfrdmn/cargoship/pkg/staging/network_monitor.go:428.115,432.23 3 1
github.com/scttfrdmn/cargoship/pkg/staging/network_monitor.go:432.23,434.3 1 0
github.com/scttfrdmn/cargoship/pkg/staging/network_monitor.go:437.2,443.35 5 1
github.com/scttfrdmn/cargoship/pkg/staging/network_monitor.go:443.35,446.3 2 1
github.com/scttfrdmn/cargoship/pkg/staging/network_monitor.go:449.2,450.33 2 1
github.com/scttfrdmn/cargoship/pkg/staging/network_monitor.go:450.33,453.3 2 1
github.com/scttfrdmn/cargoship/pkg/staging/network_monitor.go:456.2,457.37 2 1
github.com/scttfrdmn/cargoship/pkg/staging/network_monitor.go:457.37,460.3 2 1
github.com/scttfrdmn/cargoship/pkg/staging/network_monitor.go:463.2,466.20 3 1
github.com/scttfrdmn/cargoship/pkg/staging/network_monitor.go:476.61,480.2 1 1
github.com/scttfrdmn/cargoship/pkg/staging/network_monitor.go:483.105,487.22 3 1
github.com/scttfrdmn/cargoship/pkg/staging/network_monitor.go:487.22,493.3 1 0
github.com/scttfrdmn/cargoship/pkg/staging/network_monitor.go:496.2,512.3 6 1
github.com/scttfrdmn/cargoship/pkg/staging/network_monitor.go:516.87,519.36 2 1
github.com/scttfrdmn/cargoship/pkg/staging/network_monitor.go:519.36,520.24 1 1
github.com/scttfrdmn/cargoship/pkg/staging/network_monitor.go:521.20,522.39 1 1
github.com/scttfrdmn/cargoship/pkg/staging/network_monitor.go:523.18,524.35 1 1
github.com/scttfrdmn/cargoship/pkg/staging/network_monitor.go:525.21,526.41 1 1
github.com/scttfrdmn/cargoship/pkg/staging/network_monitor.go:527.11,528.17 1 0
github.com/scttfrdmn/cargoship/pkg/staging/network_monitor.go:532.2,532.15 1 1
github.com/scttfrdmn/cargoship/pkg/staging/network_monitor.go:536.69,537.21 1 1
github.com/scttfrdmn/cargoship/pkg/staging/network_monitor.go:537.21,539.3 1 0
github.com/scttfrdmn/cargoship/pkg/staging/network_monitor.go:542.2,543.20 2 1
github.com/scttfrdmn/cargoship/pkg/staging/network_monitor.go:543.20,545.3 1 0
github.com/scttfrdmn/cargoship/pkg/staging/network_monitor.go:547.2,551.35 3 1
github.com/scttfrdmn/cargoship/pkg/staging/network_monitor.go:551.35,553.3 1 1
github.com/scttfrdmn/cargoship/pkg/staging/network_monitor.go:555.2,555.45 1 1
github.com/scttfrdmn/cargoship/pkg/staging/network_monitor.go:559.89,560.21 1 1
github.com/scttfrdmn/cargoship/pkg/staging/network_monitor.go:560.21,562.3 1 1
github.com/scttfrdmn/cargoship/pkg/staging/network_monitor.go:565.2,569.31 4 1
github.com/scttfrdmn/cargoship/pkg/staging/network_monitor.go:569.31,571.3 1 1
github.com/scttfrdmn/cargoship/pkg/staging/network_monitor.go:572.2,574.15 2 1
github.com/scttfrdmn/cargoship/pkg/staging/network_monitor.go:574.15,576.3 1 0
github.com/scttfrdmn/cargoship/pkg/staging/network_monitor.go:578.2,579.31 2 1
github.com/scttfrdmn/cargoship/pkg/staging/network_monitor.go:579.31,582.3 2 1
github.com/scttfrdmn/cargoship/pkg/staging/network_monitor.go:583.2,592.32 4 1
github.com/scttfrdmn/cargoship/pkg/staging/network_monitor.go:592.32,594.3 1 1
github.com/scttfrdmn/cargoship/pkg/staging/network_monitor.go:596.2,596.50 1 1
github.com/scttfrdmn/cargoship/pkg/staging/performance_predictor.go:12.75,21.2 1 1
github.com/scttfrdmn/cargoship/pkg/staging/performance_predictor.go:24.60,30.2 2 1
github.com/scttfrdmn/cargoship/pkg/staging/performance_predictor.go:33.144,39.60 4 1
github.com/scttfrdmn/cargoship/pkg/staging/performance_predictor.go:39.60,40.54 1 1
github.com/scttfrdmn/cargoship/pkg/staging/performance_predictor.go:40.54,42.4 1 1
github.com/scttfrdmn/cargoship/pkg/staging/performance_predictor.go:44.3,44.39 1 0
github.com/scttfrdmn/cargoship/pkg/staging/performance_predictor.go:48.2,53.24 3 1
github.com/scttfrdmn/cargoship/pkg/staging/performance_predictor.go:57.95,62.2 2 1
github.com/scttfrdmn/cargoship/pkg/staging/performance_predictor.go:65.55,67.2 1 1
github.com/scttfrdmn/cargoship/pkg/staging/performance_predictor.go:70.48,72.2 1 1
github.com/scttfrdmn/cargoship/pkg/staging/performance_predictor.go:75.135,107.2 8 1
github.com/scttfrdmn/cargoship/pkg/staging/performance_predictor.go:110.125,115.25 3 1
github.com/scttfrdmn/cargoship/pkg/staging/performance_predictor.go:115.25,117.3 1 1
github.com/scttfrdmn/cargoship/pkg/staging/performance_predictor.go:119.2,123.27 3 1
github.com/scttfrdmn/cargoship/pkg/staging/performance_predictor.go:123.27,125.3 1 1
github.com/scttfrdmn/cargoship/pkg/staging/performance_predictor.go:128.2,137.65 6 1
github.com/scttfrdmn/cargoship/pkg/staging/performance_predictor.go:141.119,154.2 6 1
github.com/scttfrdmn/cargoship/pkg/staging/performance_predictor.go:157.127,162.35 3 1
github.com/scttfrdmn/cargoship/pkg/staging/performance_predictor.go:162.35,164.3 1 1
github.com/scttfrdmn/cargoship/pkg/staging/performance_predictor.go:164.8,164.41 1 1
github.com/scttfrdmn/cargoship/pkg/staging/performance_predictor.go:164.41,166.3 1 0
github.com/scttfrdmn/cargoship/pkg/staging/performance_predictor.go:169.2,174.51 4 1
github.com/scttfrdmn/cargoship/pkg/staging/performance_predictor.go:178.125,184.29 3 1
github.com/scttfrdmn/cargoship/pkg/staging/performance_predictor.go:184.29,186.3 1 1
github.com/scttfrdmn/cargoship/pkg/staging/performance_predictor.go:189.2,189.38 1 1
github.com/scttfrdmn/cargoship/pkg/staging/performance_predictor.go:189.38,191.3 1 0
github.com/scttfrdmn/cargoship/pkg/staging/performance_predictor.go:194.2,194.44 1 1
github.com/scttfrdmn/cargoship/pkg/staging/performance_predictor.go:194.44,196.3 1 1
github.com/scttfrdmn/cargoship/pkg/staging/performance_predictor.go:199.2,203.93 4 1
github.com/scttfrdmn/cargoship/pkg/staging/performance_predictor.go:207.121,209.41 1 1
github.com/scttfrdmn/cargoship/pkg/staging/performance_predictor.go:209.41,211.3 1 1
github.com/scttfrdmn/cargoship/pkg/staging/performance_predictor.go:214.2,214.42 1 1
github.com/scttfrdmn/cargoship/pkg/staging/performance_predictor.go:214.42,216.3 1 1
github.com/scttfrdmn/cargoship/pkg/staging/performance_predictor.go:219.2,219.37 1 1
github.com/scttfrdmn/cargoship/pkg/staging/performance_predictor.go:219.37,221.3 1 1
github.com/scttfrdmn/cargoship/pkg/staging/performance_predictor.go:223.2,223.20 1 1
github.com/scttfrdmn/cargoship/pkg/staging/performance_predictor.go:227.129,234.23 4 1
github.com/scttfrdmn/cargoship/pkg/staging/performance_predictor.go:234.23,236.3 1 1
github.com/scttfrdmn/cargoship/pkg/staging/performance_predictor.go:236.8,236.30 1 1
github.com/scttfrdmn/cargoship/pkg/staging/performance_predictor.go:236.30,238.3 1 0
github.com/scttfrdmn/cargoship/pkg/staging/performance_predictor.go:241.2,247.37 3 1
github.com/scttfrdmn/cargoship/pkg/staging/performance_predictor.go:247.37,249.3 1 1
github.com/scttfrdmn/cargoship/pkg/staging/performance_predictor.go:251.2,251.35 1 1
github.com/scttfrdmn/cargoship/pkg/staging/performance_predictor.go:255.131,269.2 6 1
github.com/scttfrdmn/cargoship/pkg/staging/performance_predictor.go:272.117,280.2 1 1
github.com/scttfrdmn/cargoship/pkg/staging/performance_predictor.go:283.71,287.6 3 1
github.com/scttfrdmn/cargoship/pkg/staging/performance_predictor.go:287.6,288.10 1 1
github.com/scttfrdmn/cargoship/pkg/staging/performance_predictor.go:289.21,290.10 1 1
github.com/scttfrdmn/cargoship/pkg/staging/performance_predictor.go:291.19,292.28 1 0
github.com/scttfrdmn/cargoship/pkg/staging/performance_predictor.go:298.55,303.50 4 1
github.com/scttfrdmn/cargoship/pkg/staging/performance_predictor.go:303.50,304.55 1 1
github.com/scttfrdmn/cargoship/pkg/staging/performance_predictor.go:304.55,306.4 1 1
github.com/scttfrdmn/cargoship/pkg/staging/performance_predictor.go:311.70,315.6 3 1
github.com/scttfrdmn/cargoship/pkg/staging/performance_predictor.go:315.6,316.10 1 1
github.com/scttfrdmn/cargoship/pkg/staging/performance_predictor.go:317.21,318.10 1 1
github.com/scttfrdmn/cargoship/pkg/staging/performance_predictor.go:319.19,320.21 1 0
github.com/scttfrdmn/cargoship/pkg/staging/performance_predictor.go:335.67,347.2 1 1
github.com/scttfrdmn/cargoship/pkg/staging/performance_predictor.go:350.73,371.44 6 1
github.com/scttfrdmn/cargoship/pkg/staging/performance_predictor.go:371.44,373.3 1 1
github.com/scttfrdmn/cargoship/pkg/staging/performance_predictor.go:377.39,381.31 3 1
github.com/scttfrdmn/cargoship/pkg/staging/performance_predictor.go:381.31,383.3 1 1
github.com/scttfrdmn/cargoship/pkg/staging/performance_predictor.go:386.2,387.30 2 1
github.com/scttfrdmn/cargoship/pkg/staging/performance_predictor.go:391.45,396.39 2 1
github.com/scttfrdmn/cargoship/pkg/staging/performance_predictor.go:396.39,397.19 1 1
github.com/scttfrdmn/cargoship/pkg/staging/performance_predictor.go:397.19,399.4 1 1
github.com/scttfrdmn/cargoship/pkg/staging/performance_predictor.go:402.2,402.33 1 1
github.com/scttfrdmn/cargoship/pkg/staging/performance_predictor.go:402.33,404.3 1 0
github.com/scttfrdmn/cargoship/pkg/staging/performance_predictor.go:407.2,411.38 2 1
github.com/scttfrdmn/cargoship/pkg/staging/performance_predictor.go:411.38,411.70 1 1
github.com/scttfrdmn/cargoship/pkg/staging/performance_predictor.go:412.38,412.67 1 1
github.com/scttfrdmn/cargoship/pkg/staging/performance_predictor.go:415.2,416.38 1 1
github.com/scttfrdmn/cargoship/pkg/staging/performance_predictor.go:416.38,416.67 1 1
github.com/scttfrdmn/cargoship/pkg/staging/performance_predictor.go:417.38,417.67 1 1
github.com/scttfrdmn/cargoship/pkg/staging/performance_predictor.go:420.2,421.38 1 1
github.com/scttfrdmn/cargoship/pkg/staging/performance_predictor.go:421.38,421.66 1 1
github.com/scttfrdmn/cargoship/pkg/staging/performance_predictor.go:422.38,422.67 1 1
github.com/scttfrdmn/cargoship/pkg/staging/performance_predictor.go:425.2,426.36 2 1
github.com/scttfrdmn/cargoship/pkg/staging/performance_predictor.go:426.36,428.3 1 1
github.com/scttfrdmn/cargoship/pkg/staging/performance_predictor.go:430.2,430.26 1 1
github.com/scttfrdmn/cargoship/pkg/staging/performance_predictor.go:430.26,431.39 1 1
github.com/scttfrdmn/cargoship/pkg/staging/performance_predictor.go:431.39,433.4 1 1
github.com/scttfrdmn/cargoship/pkg/staging/performance_predictor.go:439.57,441.19 1 1
github.com/scttfrdmn/cargoship/pkg/staging/performance_predictor.go:441.19,443.3 1 1
github.com/scttfrdmn/cargoship/pkg/staging/performance_predictor.go:446.2,448.25 3 1
github.com/scttfrdmn/cargoship/pkg/staging/performance_predictor.go:448.25,451.3 2 1
github.com/scttfrdmn/cargoship/pkg/staging/performance_predictor.go:452.2,460.25 6 1
github.com/scttfrdmn/cargoship/pkg/staging/performance_predictor.go:460.25,470.3 7 1
github.com/scttfrdmn/cargoship/pkg/staging/performance_predictor.go:472.2,473.22 2 1
github.com/scttfrdmn/cargoship/pkg/staging/performance_predictor.go:473.22,475.3 1 1
github.com/scttfrdmn/cargoship/pkg/staging/performance_predictor.go:477.2,477.32 1 1
github.com/scttfrdmn/cargoship/pkg/staging/performance_predictor.go:494.76,501.2 1 1
github.com/scttfrdmn/cargoship/pkg/staging/performance_predictor.go:504.95,509.44 3 1
github.com/scttfrdmn/cargoship/pkg/staging/performance_predictor.go:509.44,511.3 1 1
github.com/scttfrdmn/cargoship/pkg/staging/performance_predictor.go:513.2,519.63 3 1
github.com/scttfrdmn/cargoship/pkg/staging/performance_predictor.go:519.63,521.3 1 1
github.com/scttfrdmn/cargoship/pkg/staging/performance_predictor.go:525.69,532.49 5 1
github.com/scttfrdmn/cargoship/pkg/staging/performance_predictor.go:532.49,533.34 1 1
github.com/scttfrdmn/cargoship/pkg/staging/performance_predictor.go:533.34,535.22 2 1
github.com/scttfrdmn/cargoship/pkg/staging/performance_predictor.go:535.22,537.5 1 1
github.com/scttfrdmn/cargoship/pkg/staging/performance_predictor.go:541.2,541.23 1 1
github.com/scttfrdmn/cargoship/pkg/staging/performance_predictor.go:541.23,543.3 1 1
github.com/scttfrdmn/cargoship/pkg/staging/performance_predictor.go:545.2,545.63 1 1
github.com/scttfrdmn/cargoship/pkg/staging/performance_predictor.go:549.78,558.49 6 1
github.com/scttfrdmn/cargoship/pkg/staging/performance_predictor.go:558.49,559.34 1 1
github.com/scttfrdmn/cargoship/pkg/staging/performance_predictor.go:559.34,560.65 1 1
github.com/scttfrdmn/cargoship/pkg/staging/performance_predictor.go:560.65,562.23 2 1
github.com/scttfrdmn/cargoship/pkg/staging/performance_predictor.go:562.23,564.6 1 1
github.com/scttfrdmn/cargoship/pkg/staging/performance_predictor.go:569.2,569.26 1 1
github.com/scttfrdmn/cargoship/pkg/staging/performance_predictor.go:569.26,571.3 1 1
github.com/scttfrdmn/cargoship/pkg/staging/performance_predictor.go:573.2,578.45 3 1
github.com/scttfrdmn/cargoship/pkg/staging/performance_predictor.go:582.91,585.46 2 1
github.com/scttfrdmn/cargoship/pkg/staging/performance_predictor.go:585.46,592.3 1 1
github.com/scttfrdmn/cargoship/pkg/staging/performance_predictor.go:594.2,598.20 3 1
github.com/scttfrdmn/cargoship/pkg/staging/performance_predictor.go:598.20,600.3 1 1
github.com/scttfrdmn/cargoship/pkg/staging/performance_predictor.go:603.2,608.79 5 1
github.com/scttfrdmn/cargoship/pkg/staging/performance_predictor.go:612.72,615.17 2 1
github.com/scttfrdmn/cargoship/pkg/staging/performance_predictor.go:615.17,617.3 1 1
github.com/scttfrdmn/cargoship/pkg/staging/performance_predictor.go:617.8,617.24 1 1
github.com/scttfrdmn/cargoship/pkg/staging/performance_predictor.go:617.24,619.3 1 1
github.com/scttfrdmn/cargoship/pkg/staging/performance_predictor.go:619.8,619.25 1 1
github.com/scttfrdmn/cargoship/pkg/staging/performance_predictor.go:619.25,621.3 1 1
github.com/scttfrdmn/cargoship/pkg/staging/performance_predictor.go:623.2,623.17 1 1
github.com/scttfrdmn/cargoship/pkg/staging/performance_predictor.go:635.70,637.2 1 1
github.com/scttfrdmn/cargoship/pkg/staging/performance_predictor.go:644.66,646.2 1 1
github.com/scttfrdmn/cargoship/pkg/staging/predictor.go:53.44,68.2 1 1
github.com/scttfrdmn/cargoship/pkg/staging/predictor.go:230.88,231.19 1 1
github.com/scttfrdmn/cargoship/pkg/staging/predictor.go:231.19,233.3 1 1
github.com/scttfrdmn/cargoship/pkg/staging/predictor.go:235.2,248.11 3 1
github.com/scttfrdmn/cargoship/pkg/staging/predictor.go:252.43,256.15 3 1
github.com/scttfrdmn/cargoship/pkg/staging/predictor.go:256.15,258.3 1 1
github.com/scttfrdmn/cargoship/pkg/staging/predictor.go:260.2,270.12 6 1
github.com/scttfrdmn/cargoship/pkg/staging/predictor.go:274.42,278.16 3 1
github.com/scttfrdmn/cargoship/pkg/staging/predictor.go:278.16,280.3 1 1
github.com/scttfrdmn/cargoship/pkg/staging/predictor.go:282.2,285.12 3 1
github.com/scttfrdmn/cargoship/pkg/staging/predictor.go:289.68,294.13 4 1
github.com/scttfrdmn/cargoship/pkg/staging/predictor.go:294.13,299.3 1 1
github.com/scttfrdmn/cargoship/pkg/staging/predictor.go:302.2,303.16 2 1
github.com/scttfrdmn/cargoship/pkg/staging/predictor.go:303.16,305.3 1 0
github.com/scttfrdmn/cargoship/pkg/staging/predictor.go:308.2,312.38 3 1
github.com/scttfrdmn/cargoship/pkg/staging/predictor.go:312.38,314.17 2 1
github.com/scttfrdmn/cargoship/pkg/staging/predictor.go:314.17,315.12 1 0
github.com/scttfrdmn/cargoship/pkg/staging/predictor.go:317.3,317.30 1 1
github.com/scttfrdmn/cargoship/pkg/staging/predictor.go:321.2,324.58 2 1
github.com/scttfrdmn/cargoship/pkg/staging/predictor.go:328.83,330.2 1 1
github.com/scttfrdmn/cargoship/pkg/staging/predictor.go:333.95,335.2 1 1
github.com/scttfrdmn/cargoship/pkg/staging/predictor.go:338.58,347.2 1 1
github.com/scttfrdmn/cargoship/pkg/staging/predictor.go:350.62,354.6 3 1
github.com/scttfrdmn/cargoship/pkg/staging/predictor.go:354.6,355.10 1 1
github.com/scttfrdmn/cargoship/pkg/staging/predictor.go:356.21,357.10 1 1
github.com/scttfrdmn/cargoship/pkg/staging/predictor.go:358.19,359.36 1 0
github.com/scttfrdmn/cargoship/pkg/staging/predictor.go:365.59,377.2 4 1
github.com/scttfrdmn/cargoship/pkg/staging/predictor.go:380.131,381.26 1 1
github.com/scttfrdmn/cargoship/pkg/staging/predictor.go:381.26,383.3 1 1
github.com/scttfrdmn/cargoship/pkg/staging/predictor.go:385.2,388.41 3 1
github.com/scttfrdmn/cargoship/pkg/staging/predictor.go:388.41,389.24 1 1
github.com/scttfrdmn/cargoship/pkg/staging/predictor.go:389.24,390.12 1 0
github.com/scttfrdmn/cargoship/pkg/staging/predictor.go:394.3,395.24 2 1
github.com/scttfrdmn/cargoship/pkg/staging/predictor.go:395.24,398.4 2 1
github.com/scttfrdmn/cargoship/pkg/staging/predictor.go:401.2,401.30 1 1
github.com/scttfrdmn/cargoship/pkg/staging/predictor.go:405.119,428.2 11 1
github.com/scttfrdmn/cargoship/pkg/staging/predictor.go:447.39,449.2 1 1
github.com/scttfrdmn/cargoship/pkg/suitcase/tar/tar.go:28.65,33.2 1 1
github.com/scttfrdmn/cargoship/pkg/suitcase/tar/tar.go:36.49,38.2 1 1
github.com/scttfrdmn/cargoship/pkg/suitcase/tar/tar.go:41.33,43.2 1 1
github.com/scttfrdmn/cargoship/pkg/suitcase/tar/tar.go:46.66,48.16 2 1
github.com/scttfrdmn/cargoship/pkg/suitcase/tar/tar.go:48.16,50.3 1 1
github.com/scttfrdmn/cargoship/pkg/suitcase/tar/tar.go:51.2,53.37 2 1
github.com/scttfrdmn/cargoship/pkg/suitcase/tar/tar.go:53.37,55.17 2 1
github.com/scttfrdmn/cargoship/pkg/suitcase/tar/tar.go:55.17,57.4 1 0
github.com/scttfrdmn/cargoship/pkg/suitcase/tar/tar.go:59.2,60.16 2 1
github.com/scttfrdmn/cargoship/pkg/suitcase/tar/tar.go:60.16,62.3 1 0
github.com/scttfrdmn/cargoship/pkg/suitcase/tar/tar.go:63.2,64.48 2 1
github.com/scttfrdmn/cargoship/pkg/suitcase/tar/tar.go:64.48,66.3 1 1
github.com/scttfrdmn/cargoship/pkg/suitcase/tar/tar.go:67.2,68.16 2 1
github.com/scttfrdmn/cargoship/pkg/suitcase/tar/tar.go:68.16,70.3 1 1
github.com/scttfrdmn/cargoship/pkg/suitcase/tar/tar.go:72.2,74.22 3 1
github.com/scttfrdmn/cargoship/pkg/suitcase/tar/tar.go:74.22,76.18 2 1
github.com/scttfrdmn/cargoship/pkg/suitcase/tar/tar.go:76.18,78.4 1 0
github.com/scttfrdmn/cargoship/pkg/suitcase/tar/tar.go:81.3,83.18 3 1
github.com/scttfrdmn/cargoship/pkg/suitcase/tar/tar.go:83.18,85.4 1 0
github.com/scttfrdmn/cargoship/pkg/suitcase/tar/tar.go:88.3,95.18 4 1
github.com/scttfrdmn/cargoship/pkg/suitcase/tar/tar.go:95.18,97.4 1 0
github.com/scttfrdmn/cargoship/pkg/suitcase/tar/tar.go:99.2,100.16 2 1
github.com/scttfrdmn/cargoship/pkg/suitcase/tar/tar.go:104.54,106.16 2 1
github.com/scttfrdmn/cargoship/pkg/suitcase/tar/tar.go:106.16,108.3 1 1
github.com/scttfrdmn/cargoship/pkg/suitcase/tar/tar.go:109.2,110.37 2 1
github.com/scttfrdmn/cargoship/pkg/suitcase/tar/tar.go:110.37,112.17 2 1
github.com/scttfrdmn/cargoship/pkg/suitcase/tar/tar.go:112.17,114.4 1 0
github.com/scttfrdmn/cargoship/pkg/suitcase/tar/tar.go:116.2,119.16 3 1
github.com/scttfrdmn/cargoship/pkg/suitcase/tar/tar.go:119.16,121.3 1 1
github.com/scttfrdmn/cargoship/pkg/suitcase/tar/tar.go:123.2,124.16 2 1
github.com/scttfrdmn/cargoship/pkg/suitcase/tar/tar.go:124.16,126.3 1 1
github.com/scttfrdmn/cargoship/pkg/suitcase/tar/tar.go:128.2,136.16 3 1
github.com/scttfrdmn/cargoship/pkg/suitcase/tar/tar.go:136.16,138.3 1 0
github.com/scttfrdmn/cargoship/pkg/suitcase/tar/tar.go:139.2,145.48 2 1
github.com/scttfrdmn/cargoship/pkg/suitcase/tar/tar.go:145.48,147.3 1 0
github.com/scttfrdmn/cargoship/pkg/suitcase/tar/tar.go:148.2,149.12 2 1
github.com/scttfrdmn/cargoship/pkg/suitcase/tar/tar.go:152.26,154.16 2 1
github.com/scttfrdmn/cargoship/pkg/suitcase/tar/tar.go:154.16,156.3 1 1
github.com/scttfrdmn/cargoship/pkg/suitcase/tarbz2/tarbz2.go:28.64,30.16 2 1
github.com/scttfrdmn/cargoship/pkg/suitcase/tarbz2/tarbz2.go:30.16,31.33 1 0
github.com/scttfrdmn/cargoship/pkg/suitcase/tarbz2/tarbz2.go:33.2,37.3 1 1
github.com/scttfrdmn/cargoship/pkg/suitcase/tarbz2/tarbz2.go:41.33,43.37 1 1
github.com/scttfrdmn/cargoship/pkg/suitcase/tarbz2/tarbz2.go:43.37,45.3 1 0
github.com/scttfrdmn/cargoship/pkg/suitcase/tarbz2/tarbz2.go:46.2,46.21 1 1
github.com/scttfrdmn/cargoship/pkg/suitcase/tarbz2/tarbz2.go:50.49,52.2 1 1
github.com/scttfrdmn/cargoship/pkg/suitcase/tarbz2/tarbz2.go:55.48,57.2 1 1
github.com/scttfrdmn/cargoship/pkg/suitcase/tarbz2/tarbz2.go:60.66,62.2 1 1
github.com/scttfrdmn/cargoship/pkg/suitcase/tarbz2/tarbz2.go:65.54,67.2 1 1
github.com/scttfrdmn/cargoship/pkg/suitcase/targpg/targpg.go:25.64,26.27 1 1
github.com/scttfrdmn/cargoship/pkg/suitcase/targpg/targpg.go:26.27,27.27 1 0
github.com/scttfrdmn/cargoship/pkg/suitcase/targpg/targpg.go:29.2,37.3 3 1
github.com/scttfrdmn/cargoship/pkg/suitcase/targpg/targpg.go:41.49,43.2 1 1
github.com/scttfrdmn/cargoship/pkg/suitcase/targpg/targpg.go:46.48,48.2 1 1
github.com/scttfrdmn/cargoship/pkg/suitcase/targpg/targpg.go:51.33,54.37 2 1
github.com/scttfrdmn/cargoship/pkg/suitcase/targpg/targpg.go:54.37,56.3 1 0
github.com/scttfrdmn/cargoship/pkg/suitcase/targpg/targpg.go:57.2,57.21 1 1
github.com/scttfrdmn/cargoship/pkg/suitcase/targpg/targpg.go:61.66,63.2 1 1
github.com/scttfrdmn/cargoship/pkg/suitcase/targpg/targpg.go:66.54,68.2 1 1
github.com/scttfrdmn/cargoship/pkg/gpg/gpg.go:26.72,28.16 2 1
github.com/scttfrdmn/cargoship/pkg/gpg/gpg.go:28.16,30.3 1 1
github.com/scttfrdmn/cargoship/pkg/gpg/gpg.go:32.2,33.16 2 1
github.com/scttfrdmn/cargoship/pkg/gpg/gpg.go:33.16,35.3 1 0
github.com/scttfrdmn/cargoship/pkg/gpg/gpg.go:36.2,37.21 2 1
github.com/scttfrdmn/cargoship/pkg/gpg/gpg.go:37.21,39.17 2 1
github.com/scttfrdmn/cargoship/pkg/gpg/gpg.go:39.17,41.4 1 0
github.com/scttfrdmn/cargoship/pkg/gpg/gpg.go:44.2,44.34 1 1
github.com/scttfrdmn/cargoship/pkg/gpg/gpg.go:44.34,46.17 2 1
github.com/scttfrdmn/cargoship/pkg/gpg/gpg.go:46.17,48.4 1 1
github.com/scttfrdmn/cargoship/pkg/gpg/gpg.go:49.3,49.39 1 1
github.com/scttfrdmn/cargoship/pkg/gpg/gpg.go:51.2,51.23 1 1
github.com/scttfrdmn/cargoship/pkg/gpg/gpg.go:56.91,64.14 5 1
github.com/scttfrdmn/cargoship/pkg/gpg/gpg.go:64.14,66.17 2 1
github.com/scttfrdmn/cargoship/pkg/gpg/gpg.go:66.17,68.4 1 0
github.com/scttfrdmn/cargoship/pkg/gpg/gpg.go:69.3,70.17 2 1
github.com/scttfrdmn/cargoship/pkg/gpg/gpg.go:70.17,72.4 1 1
github.com/scttfrdmn/cargoship/pkg/gpg/gpg.go:73.8,75.17 2 1
github.com/scttfrdmn/cargoship/pkg/gpg/gpg.go:75.17,77.4 1 1
github.com/scttfrdmn/cargoship/pkg/gpg/gpg.go:84.2,85.16 2 1
github.com/scttfrdmn/cargoship/pkg/gpg/gpg.go:85.16,87.3 1 0
github.com/scttfrdmn/cargoship/pkg/gpg/gpg.go:89.2,90.16 2 1
github.com/scttfrdmn/cargoship/pkg/gpg/gpg.go:90.16,92.3 1 0
github.com/scttfrdmn/cargoship/pkg/gpg/gpg.go:93.2,93.14 1 1
github.com/scttfrdmn/cargoship/pkg/gpg/gpg.go:93.14,95.17 2 1
github.com/scttfrdmn/cargoship/pkg/gpg/gpg.go:95.17,97.4 1 0
github.com/scttfrdmn/cargoship/pkg/gpg/gpg.go:100.2,100.28 1 1
github.com/scttfrdmn/cargoship/pkg/gpg/gpg.go:104.55,106.16 2 1
github.com/scttfrdmn/cargoship/pkg/gpg/gpg.go:106.16,108.3 1 1
github.com/scttfrdmn/cargoship/pkg/gpg/gpg.go:109.2,109.15 1 1
github.com/scttfrdmn/cargoship/pkg/gpg/gpg.go:109.15,111.18 2 1
github.com/scttfrdmn/cargoship/pkg/gpg/gpg.go:111.18,112.15 1 0
github.com/scttfrdmn/cargoship/pkg/gpg/gpg.go:115.2,116.16 2 1
github.com/scttfrdmn/cargoship/pkg/gpg/gpg.go:116.16,118.3 1 1
github.com/scttfrdmn/cargoship/pkg/gpg/gpg.go:119.2,119.57 1 1
github.com/scttfrdmn/cargoship/pkg/gpg/gpg.go:123.64,126.14 2 1
github.com/scttfrdmn/cargoship/pkg/gpg/gpg.go:126.14,130.17 4 1
github.com/scttfrdmn/cargoship/pkg/gpg/gpg.go:130.17,132.4 1 0
github.com/scttfrdmn/cargoship/pkg/gpg/gpg.go:133.3,133.16 1 1
github.com/scttfrdmn/cargoship/pkg/gpg/gpg.go:133.16,135.19 2 1
github.com/scttfrdmn/cargoship/pkg/gpg/gpg.go:135.19,136.16 1 0
github.com/scttfrdmn/cargoship/pkg/gpg/gpg.go:139.3,143.17 2 1
github.com/scttfrdmn/cargoship/pkg/gpg/gpg.go:143.17,145.4 1 0
github.com/scttfrdmn/cargoship/pkg/gpg/gpg.go:146.3,147.80 2 1
github.com/scttfrdmn/cargoship/pkg/gpg/gpg.go:150.2,151.16 2 1
github.com/scttfrdmn/cargoship/pkg/gpg/gpg.go:151.16,153.3 1 0
github.com/scttfrdmn/cargoship/pkg/gpg/gpg.go:154.2,154.37 1 1
github.com/scttfrdmn/cargoship/pkg/gpg/gpg.go:154.37,156.17 2 1
github.com/scttfrdmn/cargoship/pkg/gpg/gpg.go:156.17,158.12 2 1
github.com/scttfrdmn/cargoship/pkg/gpg/gpg.go:160.3,160.23 1 1
github.com/scttfrdmn/cargoship/pkg/gpg/gpg.go:162.2,162.19 1 1
github.com/scttfrdmn/cargoship/pkg/gpg/gpg.go:162.19,164.3 1 1
github.com/scttfrdmn/cargoship/pkg/gpg/gpg.go:165.2,165.18 1 1
github.com/scttfrdmn/cargoship/pkg/gpg/gpg.go:177.35,177.58 1 1
github.com/scttfrdmn/cargoship/pkg/gpg/gpg.go:180.34,182.2 1 1
github.com/scttfrdmn/cargoship/pkg/gpg/gpg.go:185.40,187.2 1 1
github.com/scttfrdmn/cargoship/pkg/gpg/gpg.go:190.41,192.2 1 1
github.com/scttfrdmn/cargoship/pkg/gpg/gpg.go:195.34,197.2 1 1
github.com/scttfrdmn/cargoship/pkg/gpg/gpg.go:200.39,200.53 1 1
github.com/scttfrdmn/cargoship/pkg/gpg/gpg.go:203.67,210.2 2 1
github.com/scttfrdmn/cargoship/pkg/gpg/keys.go:18.101,20.2 1 1
github.com/scttfrdmn/cargoship/pkg/gpg/keys.go:39.34,41.23 2 1
github.com/scttfrdmn/cargoship/pkg/gpg/keys.go:41.23,43.3 1 1
github.com/scttfrdmn/cargoship/pkg/gpg/keys.go:44.2,44.26 1 1
github.com/scttfrdmn/cargoship/pkg/gpg/keys.go:48.32,50.2 1 1
github.com/scttfrdmn/cargoship/pkg/gpg/keys.go:53.39,54.32 1 1
github.com/scttfrdmn/cargoship/pkg/gpg/keys.go:54.32,57.3 2 1
github.com/scttfrdmn/cargoship/pkg/gpg/keys.go:58.2,58.85 1 1
github.com/scttfrdmn/cargoship/pkg/gpg/keys.go:62.49,64.2 1 1
github.com/scttfrdmn/cargoship/pkg/gpg/keys.go:82.50,83.21 1 1
github.com/scttfrdmn/cargoship/pkg/gpg/keys.go:83.21,85.3 1 1
github.com/scttfrdmn/cargoship/pkg/gpg/keys.go:86.2,86.22 1 1
github.com/scttfrdmn/cargoship/pkg/gpg/keys.go:86.22,88.3 1 1
github.com/scttfrdmn/cargoship/pkg/gpg/keys.go:89.2,89.24 1 1
github.com/scttfrdmn/cargoship/pkg/gpg/keys.go:89.24,91.3 1 1
github.com/scttfrdmn/cargoship/pkg/gpg/keys.go:92.2,92.45 1 1
github.com/scttfrdmn/cargoship/pkg/gpg/keys.go:92.45,94.3 1 1
github.com/scttfrdmn/cargoship/pkg/gpg/keys.go:95.2,96.16 2 1
github.com/scttfrdmn/cargoship/pkg/gpg/keys.go:96.16,98.3 1 0
github.com/scttfrdmn/cargoship/pkg/gpg/keys.go:99.2,100.16 2 1
github.com/scttfrdmn/cargoship/pkg/gpg/keys.go:100.16,102.3 1 0
github.com/scttfrdmn/cargoship/pkg/gpg/keys.go:103.2,104.16 2 1
github.com/scttfrdmn/cargoship/pkg/gpg/keys.go:104.16,106.3 1 0
github.com/scttfrdmn/cargoship/pkg/gpg/keys.go:107.2,111.16 2 1
github.com/scttfrdmn/cargoship/pkg/gpg/keys.go:116.70,118.16 2 1
github.com/scttfrdmn/cargoship/pkg/gpg/keys.go:118.16,120.17 2 1
github.com/scttfrdmn/cargoship/pkg/gpg/keys.go:120.17,122.4 1 0
github.com/scttfrdmn/cargoship/pkg/gpg/keys.go:124.2,128.16 4 1
github.com/scttfrdmn/cargoship/pkg/gpg/keys.go:128.16,130.3 1 1
github.com/scttfrdmn/cargoship/pkg/gpg/keys.go:131.2,132.16 2 1
github.com/scttfrdmn/cargoship/pkg/gpg/keys.go:132.16,134.3 1 0
github.com/scttfrdmn/cargoship/pkg/gpg/keys.go:135.2,135.41 1 1
github.com/scttfrdmn/cargoship/pkg/gpg/keys.go:139.66,141.22 2 1
github.com/scttfrdmn/cargoship/pkg/gpg/keys.go:141.22,143.3 1 1
github.com/scttfrdmn/cargoship/pkg/gpg/keys.go:144.2,144.12 1 1
github.com/scttfrdmn/cargoship/pkg/gpg/keys.go:148.51,150.19 2 1
github.com/scttfrdmn/cargoship/pkg/gpg/keys.go:150.19,151.14 1 1
github.com/scttfrdmn/cargoship/pkg/gpg/keys.go:151.14,153.4 1 1
github.com/scttfrdmn/cargoship/pkg/gpg/keys.go:155.2,156.12 2 1
github.com/scttfrdmn/cargoship/pkg/suitcase/targz/targz.go:25.64,27.16 2 1
github.com/scttfrdmn/cargoship/pkg/suitcase/targz/targz.go:27.16,28.32 1 0
github.com/scttfrdmn/cargoship/pkg/suitcase/targz/targz.go:30.2,34.3 1 1
github.com/scttfrdmn/cargoship/pkg/suitcase/targz/targz.go:38.33,40.37 1 1
github.com/scttfrdmn/cargoship/pkg/suitcase/targz/targz.go:40.37,42.3 1 0
github.com/scttfrdmn/cargoship/pkg/suitcase/targz/targz.go:43.2,43.21 1 1
github.com/scttfrdmn/cargoship/pkg/suitcase/targz/targz.go:47.49,49.2 1 1
github.com/scttfrdmn/cargoship/pkg/suitcase/targz/targz.go:52.48,54.2 1 1
github.com/scttfrdmn/cargoship/pkg/suitcase/targz/targz.go:57.66,59.2 1 1
github.com/scttfrdmn/cargoship/pkg/suitcase/targz/targz.go:62.54,64.2 1 1
github.com/scttfrdmn/cargoship/pkg/suitcase/targzgpg/targzgpg.go:28.64,29.27 1 1
github.com/scttfrdmn/cargoship/pkg/suitcase/targzgpg/targzgpg.go:29.27,30.27 1 1
github.com/scttfrdmn/cargoship/pkg/suitcase/targzgpg/targzgpg.go:32.2,42.3 4 1
github.com/scttfrdmn/cargoship/pkg/suitcase/targzgpg/targzgpg.go:46.49,48.2 1 1
github.com/scttfrdmn/cargoship/pkg/suitcase/targzgpg/targzgpg.go:51.48,53.2 1 1
github.com/scttfrdmn/cargoship/pkg/suitcase/targzgpg/targzgpg.go:56.33,60.37 1 1
github.com/scttfrdmn/cargoship/pkg/suitcase/targzgpg/targzgpg.go:60.37,62.3 1 0
github.com/scttfrdmn/cargoship/pkg/suitcase/targzgpg/targzgpg.go:65.2,65.37 1 1
github.com/scttfrdmn/cargoship/pkg/suitcase/targzgpg/targzgpg.go:65.37,67.3 1 0
github.com/scttfrdmn/cargoship/pkg/suitcase/targzgpg/targzgpg.go:70.2,71.37 2 1
github.com/scttfrdmn/cargoship/pkg/suitcase/targzgpg/targzgpg.go:71.37,73.3 1 0
github.com/scttfrdmn/cargoship/pkg/suitcase/targzgpg/targzgpg.go:75.2,75.12 1 1
github.com/scttfrdmn/cargoship/pkg/suitcase/targzgpg/targzgpg.go:80.66,82.2 1 1
github.com/scttfrdmn/cargoship/pkg/suitcase/targzgpg/targzgpg.go:85.54,87.2 1 1
github.com/scttfrdmn/cargoship/pkg/suitcase/tarzstd/tarzstd.go:28.64,30.16 2 1
github.com/scttfrdmn/cargoship/pkg/suitcase/tarzstd/tarzstd.go:30.16,31.32 1 0
github.com/scttfrdmn/cargoship/pkg/suitcase/tarzstd/tarzstd.go:33.2,37.3 1 1
github.com/scttfrdmn/cargoship/pkg/suitcase/tarzstd/tarzstd.go:41.33,43.37 1 1
github.com/scttfrdmn/cargoship/pkg/suitcase/tarzstd/tarzstd.go:43.37,45.3 1 0
github.com/scttfrdmn/cargoship/pkg/suitcase/tarzstd/tarzstd.go:46.2,46.21 1 1
github.com/scttfrdmn/cargoship/pkg/suitcase/tarzstd/tarzstd.go:50.49,52.2 1 1
github.com/scttfrdmn/cargoship/pkg/suitcase/tarzstd/tarzstd.go:55.48,57.2 1 1
github.com/scttfrdmn/cargoship/pkg/suitcase/tarzstd/tarzstd.go:60.66,62.2 1 1
github.com/scttfrdmn/cargoship/pkg/suitcase/tarzstd/tarzstd.go:65.54,67.2 1 1
github.com/scttfrdmn/cargoship/pkg/suitcase/tarzstdgpg/tarzstgpg.go:27.64,28.27 1 1
github.com/scttfrdmn/cargoship/pkg/suitcase/tarzstdgpg/tarzstgpg.go:28.27,29.27 1 1
github.com/scttfrdmn/cargoship/pkg/suitcase/tarzstdgpg/tarzstgpg.go:31.2,35.16 3 1
github.com/scttfrdmn/cargoship/pkg/suitcase/tarzstdgpg/tarzstgpg.go:35.16,36.42 1 0
github.com/scttfrdmn/cargoship/pkg/suitcase/tarzstdgpg/tarzstgpg.go:38.2,44.3 2 1
github.com/scttfrdmn/cargoship/pkg/suitcase/tarzstdgpg/tarzstgpg.go:48.49,50.2 1 1
github.com/scttfrdmn/cargoship/pkg/suitcase/tarzstdgpg/tarzstgpg.go:53.48,55.2 1 1
github.com/scttfrdmn/cargoship/pkg/suitcase/tarzstdgpg/tarzstgpg.go:58.33,62.37 1 1
github.com/scttfrdmn/cargoship/pkg/suitcase/tarzstdgpg/tarzstgpg.go:62.37,64.3 1 0
github.com/scttfrdmn/cargoship/pkg/suitcase/tarzstdgpg/tarzstgpg.go:67.2,67.37 1 1
github.com/scttfrdmn/cargoship/pkg/suitcase/tarzstdgpg/tarzstgpg.go:67.37,69.3 1 0
github.com/scttfrdmn/cargoship/pkg/suitcase/tarzstdgpg/tarzstgpg.go:72.2,73.37 2 1
github.com/scttfrdmn/cargoship/pkg/suitcase/tarzstdgpg/tarzstgpg.go:73.37,75.3 1 1
github.com/scttfrdmn/cargoship/pkg/suitcase/tarzstdgpg/tarzstgpg.go:77.2,77.12 1 1
github.com/scttfrdmn/cargoship/pkg/suitcase/tarzstdgpg/tarzstgpg.go:82.66,84.2 1 1
github.com/scttfrdmn/cargoship/pkg/suitcase/tarzstdgpg/tarzstgpg.go:87.54,89.2 1 1
github.com/scttfrdmn/cargoship/pkg/meta.go:32.50,34.16 2 1
github.com/scttfrdmn/cargoship/pkg/meta.go:34.16,35.13 1 0
github.com/scttfrdmn/cargoship/pkg/meta.go:37.2,37.12 1 1
github.com/scttfrdmn/cargoship/pkg/meta.go:41.55,42.14 1 1
github.com/scttfrdmn/cargoship/pkg/meta.go:42.14,44.3 1 0
github.com/scttfrdmn/cargoship/pkg/meta.go:45.2,51.14 6 1
github.com/scttfrdmn/cargoship/pkg/meta.go:51.14,54.3 2 0
github.com/scttfrdmn/cargoship/pkg/meta.go:54.8,57.17 3 1
github.com/scttfrdmn/cargoship/pkg/meta.go:57.17,59.4 1 0
github.com/scttfrdmn/cargoship/pkg/meta.go:60.3,60.55 1 1
github.com/scttfrdmn/cargoship/pkg/meta.go:62.2,62.15 1 1
github.com/scttfrdmn/cargoship/pkg/meta.go:62.15,64.17 2 1
github.com/scttfrdmn/cargoship/pkg/meta.go:64.17,65.14 1 0
github.com/scttfrdmn/cargoship/pkg/meta.go:68.2,69.16 2 1
github.com/scttfrdmn/cargoship/pkg/meta.go:73.38,74.14 1 1
github.com/scttfrdmn/cargoship/pkg/meta.go:74.14,76.3 1 0
github.com/scttfrdmn/cargoship/pkg/meta.go:77.2,78.16 2 1
github.com/scttfrdmn/cargoship/pkg/meta.go:78.16,81.3 2 0
github.com/scttfrdmn/cargoship/pkg/meta.go:82.2,83.16 2 1
github.com/scttfrdmn/cargoship/pkg/meta.go:83.16,86.3 2 0
github.com/scttfrdmn/cargoship/pkg/meta.go:95.49,99.27 2 1
github.com/scttfrdmn/cargoship/pkg/meta.go:99.27,101.3 1 1
github.com/scttfrdmn/cargoship/pkg/meta.go:102.2,104.16 3 1
github.com/scttfrdmn/cargoship/pkg/meta.go:104.16,107.3 2 0
github.com/scttfrdmn/cargoship/pkg/meta.go:108.2,109.16 2 1
github.com/scttfrdmn/cargoship/pkg/meta.go:109.16,112.3 2 0
github.com/scttfrdmn/cargoship/pkg/meta.go:113.2,113.10 1 1
github.com/scttfrdmn/cargoship/pkg/meta.go:117.44,118.26 1 1
github.com/scttfrdmn/cargoship/pkg/meta.go:118.26,120.3 1 1
github.com/scttfrdmn/cargoship/pkg/meta.go:124.46,125.26 1 1
github.com/scttfrdmn/cargoship/pkg/meta.go:125.26,127.3 1 1
github.com/scttfrdmn/cargoship/pkg/meta.go:131.70,142.33 4 1
github.com/scttfrdmn/cargoship/pkg/meta.go:142.33,143.16 1 1
github.com/scttfrdmn/cargoship/pkg/meta.go:143.16,145.4 1 0
github.com/scttfrdmn/cargoship/pkg/meta.go:145.9,147.4 1 1
github.com/scttfrdmn/cargoship/pkg/meta.go:150.2,152.16 3 1
github.com/scttfrdmn/cargoship/pkg/meta.go:152.16,155.3 2 0
github.com/scttfrdmn/cargoship/pkg/meta.go:156.2,157.16 2 1
github.com/scttfrdmn/cargoship/pkg/meta.go:157.16,160.3 2 0
github.com/scttfrdmn/cargoship/pkg/meta.go:162.2,162.10 1 1
github.com/scttfrdmn/cargoship/pkg/meta.go:166.39,168.16 2 1
github.com/scttfrdmn/cargoship/pkg/meta.go:168.16,170.3 1 0
github.com/scttfrdmn/cargoship/pkg/meta.go:171.2,171.24 1 1
github.com/scttfrdmn/cargoship/pkg/meta.go:174.27,176.2 1 1
github.com/scttfrdmn/cargoship/pkg/porter.go:74.37,87.30 2 1
github.com/scttfrdmn/cargoship/pkg/porter.go:87.30,89.3 1 1
github.com/scttfrdmn/cargoship/pkg/porter.go:99.2,99.10 1 1
github.com/scttfrdmn/cargoship/pkg/porter.go:106.54,107.25 1 1
github.com/scttfrdmn/cargoship/pkg/porter.go:107.25,109.3 1 1
github.com/scttfrdmn/cargoship/pkg/porter.go:113.58,114.25 1 1
github.com/scttfrdmn/cargoship/pkg/porter.go:114.25,116.3 1 1
github.com/scttfrdmn/cargoship/pkg/porter.go:120.62,123.2 2 1
github.com/scttfrdmn/cargoship/pkg/porter.go:126.65,127.25 1 1
github.com/scttfrdmn/cargoship/pkg/porter.go:127.25,130.3 2 1
github.com/scttfrdmn/cargoship/pkg/porter.go:134.44,135.25 1 1
github.com/scttfrdmn/cargoship/pkg/porter.go:135.25,137.3 1 1
github.com/scttfrdmn/cargoship/pkg/porter.go:141.42,142.25 1 1
github.com/scttfrdmn/cargoship/pkg/porter.go:142.25,144.3 1 1
github.com/scttfrdmn/cargoship/pkg/porter.go:148.67,149.25 1 1
github.com/scttfrdmn/cargoship/pkg/porter.go:149.25,152.3 2 1
github.com/scttfrdmn/cargoship/pkg/porter.go:156.47,157.25 1 1
github.com/scttfrdmn/cargoship/pkg/porter.go:157.25,159.3 1 1
github.com/scttfrdmn/cargoship/pkg/porter.go:163.46,164.25 1 1
github.com/scttfrdmn/cargoship/pkg/porter.go:164.25,172.3 1 1
github.com/scttfrdmn/cargoship/pkg/porter.go:176.65,177.25 1 1
github.com/scttfrdmn/cargoship/pkg/porter.go:177.25,179.3 1 1
github.com/scttfrdmn/cargoship/pkg/porter.go:183.40,185.2 1 1
github.com/scttfrdmn/cargoship/pkg/porter.go:188.53,191.2 2 1
github.com/scttfrdmn/cargoship/pkg/porter.go:194.68,196.25 2 1
github.com/scttfrdmn/cargoship/pkg/porter.go:196.25,198.3 1 1
github.com/scttfrdmn/cargoship/pkg/porter.go:199.2,199.43 1 1
github.com/scttfrdmn/cargoship/pkg/porter.go:199.43,201.3 1 1
github.com/scttfrdmn/cargoship/pkg/porter.go:202.2,202.22 1 1
github.com/scttfrdmn/cargoship/pkg/porter.go:202.22,204.17 2 1
github.com/scttfrdmn/cargoship/pkg/porter.go:204.17,206.4 1 0
github.com/scttfrdmn/cargoship/pkg/porter.go:207.3,212.5 3 1
github.com/scttfrdmn/cargoship/pkg/porter.go:214.2,214.16 1 1
github.com/scttfrdmn/cargoship/pkg/porter.go:218.72,219.23 1 1
github.com/scttfrdmn/cargoship/pkg/porter.go:219.23,221.3 1 1
github.com/scttfrdmn/cargoship/pkg/porter.go:222.2,222.72 1 1
github.com/scttfrdmn/cargoship/pkg/porter.go:222.72,224.3 1 0
github.com/scttfrdmn/cargoship/pkg/porter.go:226.2,226.29 1 1
github.com/scttfrdmn/cargoship/pkg/porter.go:230.62,231.23 1 1
github.com/scttfrdmn/cargoship/pkg/porter.go:231.23,233.3 1 0
github.com/scttfrdmn/cargoship/pkg/porter.go:234.2,237.16 3 1
github.com/scttfrdmn/cargoship/pkg/porter.go:237.16,239.3 1 0
github.com/scttfrdmn/cargoship/pkg/porter.go:240.2,240.21 1 1
github.com/scttfrdmn/cargoship/pkg/porter.go:240.21,241.19 1 1
github.com/scttfrdmn/cargoship/pkg/porter.go:241.19,243.23 2 1
github.com/scttfrdmn/cargoship/pkg/porter.go:243.23,249.26 2 1
github.com/scttfrdmn/cargoship/pkg/porter.go:249.26,251.6 1 0
github.com/scttfrdmn/cargoship/pkg/porter.go:255.3,255.37 1 1
github.com/scttfrdmn/cargoship/pkg/porter.go:255.37,256.51 1 1
github.com/scttfrdmn/cargoship/pkg/porter.go:256.51,258.5 1 1
github.com/scttfrdmn/cargoship/pkg/porter.go:262.2,262.12 1 1
github.com/scttfrdmn/cargoship/pkg/porter.go:271.26,273.16 2 1
github.com/scttfrdmn/cargoship/pkg/porter.go:273.16,275.3 1 0
github.com/scttfrdmn/cargoship/pkg/porter.go:279.56,281.16 2 1
github.com/scttfrdmn/cargoship/pkg/porter.go:281.16,282.13 1 0
github.com/scttfrdmn/cargoship/pkg/porter.go:284.2,284.12 1 1
github.com/scttfrdmn/cargoship/pkg/porter.go:288.61,291.12 3 1
github.com/scttfrdmn/cargoship/pkg/porter.go:292.13,293.18 1 1
github.com/scttfrdmn/cargoship/pkg/porter.go:294.14,295.19 1 1
github.com/scttfrdmn/cargoship/pkg/porter.go:296.16,297.21 1 1
github.com/scttfrdmn/cargoship/pkg/porter.go:298.16,299.21 1 1
github.com/scttfrdmn/cargoship/pkg/porter.go:300.10,301.56 1 1
github.com/scttfrdmn/cargoship/pkg/porter.go:303.2,303.48 1 1
github.com/scttfrdmn/cargoship/pkg/porter.go:303.48,305.3 1 0
github.com/scttfrdmn/cargoship/pkg/porter.go:306.2,306.46 1 1
github.com/scttfrdmn/cargoship/pkg/porter.go:310.56,312.16 2 1
github.com/scttfrdmn/cargoship/pkg/porter.go:312.16,314.3 1 1
github.com/scttfrdmn/cargoship/pkg/porter.go:315.2,316.12 2 1
github.com/scttfrdmn/cargoship/pkg/porter.go:320.92,323.25 2 1
github.com/scttfrdmn/cargoship/pkg/porter.go:323.25,328.83 5 1
github.com/scttfrdmn/cargoship/pkg/porter.go:328.83,330.4 1 0
github.com/scttfrdmn/cargoship/pkg/porter.go:331.3,331.26 1 1
github.com/scttfrdmn/cargoship/pkg/porter.go:331.26,333.4 1 1
github.com/scttfrdmn/cargoship/pkg/porter.go:335.3,336.17 2 1
github.com/scttfrdmn/cargoship/pkg/porter.go:336.17,338.4 1 0
github.com/scttfrdmn/cargoship/pkg/porter.go:339.3,340.61 2 1
github.com/scttfrdmn/cargoship/pkg/porter.go:341.8,346.17 4 1
github.com/scttfrdmn/cargoship/pkg/porter.go:346.17,348.4 1 1
github.com/scttfrdmn/cargoship/pkg/porter.go:352.2,353.16 2 1
github.com/scttfrdmn/cargoship/pkg/porter.go:353.16,355.3 1 0
github.com/scttfrdmn/cargoship/pkg/porter.go:356.2,361.24 4 1
github.com/scttfrdmn/cargoship/pkg/porter.go:364.27,366.16 2 1
github.com/scttfrdmn/cargoship/pkg/porter.go:366.16,367.13 1 0
github.com/scttfrdmn/cargoship/pkg/porter.go:369.2,369.10 1 1
github.com/scttfrdmn/cargoship/pkg/porter.go:373.55,375.16 2 1
github.com/scttfrdmn/cargoship/pkg/porter.go:375.16,377.3 1 0
github.com/scttfrdmn/cargoship/pkg/porter.go:378.2,381.47 3 1
github.com/scttfrdmn/cargoship/pkg/porter.go:381.47,383.3 1 0
github.com/scttfrdmn/cargoship/pkg/porter.go:386.2,388.22 2 1
github.com/scttfrdmn/cargoship/pkg/porter.go:399.50,400.28 1 1
github.com/scttfrdmn/cargoship/pkg/porter.go:400.28,402.3 1 1
github.com/scttfrdmn/cargoship/pkg/porter.go:403.2,403.24 1 0
github.com/scttfrdmn/cargoship/pkg/porter.go:407.75,409.16 2 1
github.com/scttfrdmn/cargoship/pkg/porter.go:409.16,411.3 1 0
github.com/scttfrdmn/cargoship/pkg/porter.go:412.2,412.39 1 1
github.com/scttfrdmn/cargoship/pkg/porter.go:412.39,414.3 1 0
github.com/scttfrdmn/cargoship/pkg/porter.go:415.2,415.18 1 1
github.com/scttfrdmn/cargoship/pkg/porter.go:419.105,420.28 1 1
github.com/scttfrdmn/cargoship/pkg/porter.go:420.28,421.35 1 0
github.com/scttfrdmn/cargoship/pkg/porter.go:423.2,424.16 2 1
github.com/scttfrdmn/cargoship/pkg/porter.go:424.16,426.3 1 0
github.com/scttfrdmn/cargoship/pkg/porter.go:427.2,428.16 2 1
github.com/scttfrdmn/cargoship/pkg/porter.go:428.16,430.3 1 0
github.com/scttfrdmn/cargoship/pkg/porter.go:431.2,431.22 1 1
github.com/scttfrdmn/cargoship/pkg/porter.go:435.80,437.18 2 1
github.com/scttfrdmn/cargoship/pkg/porter.go:437.18,439.3 1 1
github.com/scttfrdmn/cargoship/pkg/porter.go:440.2,440.28 1 1
github.com/scttfrdmn/cargoship/pkg/porter.go:440.28,442.3 1 1
github.com/scttfrdmn/cargoship/pkg/porter.go:443.2,443.25 1 1
github.com/scttfrdmn/cargoship/pkg/porter.go:443.25,445.3 1 0
github.com/scttfrdmn/cargoship/pkg/porter.go:446.2,449.16 2 1
github.com/scttfrdmn/cargoship/pkg/porter.go:449.16,451.3 1 0
github.com/scttfrdmn/cargoship/pkg/porter.go:452.2,452.45 1 1
github.com/scttfrdmn/cargoship/pkg/porter.go:452.45,454.3 1 0
github.com/scttfrdmn/cargoship/pkg/porter.go:456.2,456.31 1 1
github.com/scttfrdmn/cargoship/pkg/porter.go:456.31,458.3 1 1
github.com/scttfrdmn/cargoship/pkg/porter.go:459.2,460.16 2 1
github.com/scttfrdmn/cargoship/pkg/porter.go:460.16,462.3 1 0
github.com/scttfrdmn/cargoship/pkg/porter.go:463.2,463.21 1 1
github.com/scttfrdmn/cargoship/pkg/porter.go:467.130,468.24 1 1
github.com/scttfrdmn/cargoship/pkg/porter.go:468.24,470.3 1 0
github.com/scttfrdmn/cargoship/pkg/porter.go:471.2,471.68 1 1
github.com/scttfrdmn/cargoship/pkg/porter.go:471.68,473.3 1 0
github.com/scttfrdmn/cargoship/pkg/porter.go:476.2,478.58 3 1
github.com/scttfrdmn/cargoship/pkg/porter.go:478.58,479.108 1 1
github.com/scttfrdmn/cargoship/pkg/porter.go:479.108,482.4 2 1
github.com/scttfrdmn/cargoship/pkg/porter.go:482.9,484.4 1 1
github.com/scttfrdmn/cargoship/pkg/porter.go:485.3,485.12 1 1
github.com/scttfrdmn/cargoship/pkg/porter.go:487.2,487.14 1 1
github.com/scttfrdmn/cargoship/pkg/porter.go:487.14,489.3 1 1
github.com/scttfrdmn/cargoship/pkg/porter.go:490.2,490.12 1 1
github.com/scttfrdmn/cargoship/pkg/porter.go:494.60,498.12 2 1
github.com/scttfrdmn/cargoship/pkg/porter.go:498.12,499.7 1 1
github.com/scttfrdmn/cargoship/pkg/porter.go:499.7,502.28 3 1
github.com/scttfrdmn/cargoship/pkg/porter.go:502.28,503.78 1 1
github.com/scttfrdmn/cargoship/pkg/porter.go:503.78,505.6 1 0
github.com/scttfrdmn/cargoship/pkg/porter.go:510.2,510.27 1 1
github.com/scttfrdmn/cargoship/pkg/porter.go:510.27,512.95 2 1
github.com/scttfrdmn/cargoship/pkg/porter.go:512.95,514.4 1 0
github.com/scttfrdmn/cargoship/pkg/porter.go:518.40,521.16 3 1
github.com/scttfrdmn/cargoship/pkg/porter.go:521.16,523.3 1 0
github.com/scttfrdmn/cargoship/pkg/porter.go:525.2,525.40 1 1
github.com/scttfrdmn/cargoship/pkg/porter.go:525.40,527.3 1 0
github.com/scttfrdmn/cargoship/pkg/porter.go:529.2,530.16 2 1
github.com/scttfrdmn/cargoship/pkg/porter.go:530.16,532.3 1 0
github.com/scttfrdmn/cargoship/pkg/porter.go:533.2,536.16 3 1
github.com/scttfrdmn/cargoship/pkg/porter.go:536.16,538.3 1 0
github.com/scttfrdmn/cargoship/pkg/porter.go:539.2,541.12 3 1
github.com/scttfrdmn/cargoship/pkg/porter.go:544.35,546.15 2 1
github.com/scttfrdmn/cargoship/pkg/porter.go:546.15,548.17 2 1
github.com/scttfrdmn/cargoship/pkg/porter.go:548.17,549.14 1 0
github.com/scttfrdmn/cargoship/pkg/porter.go:551.3,551.14 1 1
github.com/scttfrdmn/cargoship/pkg/porter.go:553.2,553.12 1 1
github.com/scttfrdmn/cargoship/pkg/porter.go:556.38,558.15 2 1
github.com/scttfrdmn/cargoship/pkg/porter.go:558.15,560.3 1 1
github.com/scttfrdmn/cargoship/pkg/porter.go:561.2,561.10 1 1
github.com/scttfrdmn/cargoship/pkg/porter.go:564.53,591.2 1 1
github.com/scttfrdmn/cargoship/pkg/porter.go:593.46,595.45 2 0
github.com/scttfrdmn/cargoship/pkg/porter.go:595.45,597.3 1 0
github.com/scttfrdmn/cargoship/pkg/porter.go:598.2,598.12 1 0
github.com/scttfrdmn/cargoship/pkg/porter.go:602.36,609.46 2 0
github.com/scttfrdmn/cargoship/pkg/porter.go:609.46,611.3 1 0
github.com/scttfrdmn/cargoship/pkg/porter.go:614.2,618.108 4 0
github.com/scttfrdmn/cargoship/pkg/porter.go:618.108,620.3 1 0
github.com/scttfrdmn/cargoship/pkg/porter.go:620.8,625.19 3 0
github.com/scttfrdmn/cargoship/pkg/porter.go:625.19,627.4 1 0
github.com/scttfrdmn/cargoship/pkg/porter.go:629.2,629.49 1 0
github.com/scttfrdmn/cargoship/pkg/porter.go:629.49,631.3 1 0
github.com/scttfrdmn/cargoship/pkg/porter.go:634.2,634.15 1 0
github.com/scttfrdmn/cargoship/pkg/porter.go:634.15,637.3 2 0
github.com/scttfrdmn/cargoship/pkg/porter.go:639.2,639.24 1 0
github.com/scttfrdmn/cargoship/pkg/porter.go:643.38,645.24 1 1
github.com/scttfrdmn/cargoship/pkg/porter.go:645.24,647.3 1 1
github.com/scttfrdmn/cargoship/pkg/porter.go:648.2,648.25 1 1
github.com/scttfrdmn/cargoship/pkg/porter.go:648.25,650.3 1 1
github.com/scttfrdmn/cargoship/pkg/porter.go:651.2,658.36 2 1
github.com/scttfrdmn/cargoship/pkg/porter.go:658.36,660.3 1 0
github.com/scttfrdmn/cargoship/pkg/porter.go:660.8,662.17 2 1
github.com/scttfrdmn/cargoship/pkg/porter.go:662.17,664.4 1 0
github.com/scttfrdmn/cargoship/pkg/porter.go:665.3,665.21 1 1
github.com/scttfrdmn/cargoship/pkg/porter.go:667.2,672.16 5 1
github.com/scttfrdmn/cargoship/pkg/porter.go:672.16,674.3 1 0
github.com/scttfrdmn/cargoship/pkg/porter.go:675.2,676.12 2 1
github.com/scttfrdmn/cargoship/pkg/porter.go:679.56,682.6 2 1
github.com/scttfrdmn/cargoship/pkg/porter.go:682.6,684.40 2 1
github.com/scttfrdmn/cargoship/pkg/porter.go:684.40,687.4 1 1
github.com/scttfrdmn/cargoship/pkg/porter.go:688.3,688.6 1 1
github.com/scttfrdmn/cargoship/pkg/porter.go:692.75,693.6 1 1
github.com/scttfrdmn/cargoship/pkg/porter.go:693.6,696.27 3 1
github.com/scttfrdmn/cargoship/pkg/porter.go:696.27,697.77 1 0
github.com/scttfrdmn/cargoship/pkg/porter.go:697.77,699.5 1 0
github.com/scttfrdmn/cargoship/pkg/porter.go:704.82,711.62 6 1
github.com/scttfrdmn/cargoship/pkg/porter.go:711.62,714.17 3 1
github.com/scttfrdmn/cargoship/pkg/porter.go:714.17,717.4 2 0
github.com/scttfrdmn/cargoship/pkg/porter.go:717.9,719.4 1 1
github.com/scttfrdmn/cargoship/pkg/porter.go:720.3,720.12 1 1
github.com/scttfrdmn/cargoship/pkg/porter.go:722.2,722.14 1 1
github.com/scttfrdmn/cargoship/pkg/porter.go:722.14,724.3 1 0
github.com/scttfrdmn/cargoship/pkg/porter.go:725.2,725.22 1 1
github.com/scttfrdmn/cargoship/pkg/porter.go:728.55,736.49 5 1
github.com/scttfrdmn/cargoship/pkg/porter.go:736.49,737.22 1 1
github.com/scttfrdmn/cargoship/pkg/porter.go:737.22,739.69 2 1
github.com/scttfrdmn/cargoship/pkg/porter.go:739.69,741.5 1 0
github.com/scttfrdmn/cargoship/pkg/porter.go:742.4,742.50 1 1
github.com/scttfrdmn/cargoship/pkg/porter.go:742.50,744.96 1 0
github.com/scttfrdmn/cargoship/pkg/porter.go:744.96,746.6 1 0
github.com/scttfrdmn/cargoship/pkg/porter.go:750.4,750.28 1 1
github.com/scttfrdmn/cargoship/pkg/porter.go:750.28,752.19 2 0
github.com/scttfrdmn/cargoship/pkg/porter.go:752.19,754.6 1 0
github.com/scttfrdmn/cargoship/pkg/porter.go:755.5,755.50 1 0
github.com/scttfrdmn/cargoship/pkg/porter.go:757.4,757.14 1 1
github.com/scttfrdmn/cargoship/pkg/porter.go:760.2,761.17 2 1
github.com/scttfrdmn/cargoship/pkg/porter.go:765.30,766.27 1 1
github.com/scttfrdmn/cargoship/pkg/porter.go:766.27,767.62 1 1
github.com/scttfrdmn/cargoship/pkg/porter.go:767.62,769.4 1 0
github.com/scttfrdmn/cargoship/pkg/porter.go:772.2,773.16 2 1
github.com/scttfrdmn/cargoship/pkg/porter.go:773.16,775.3 1 0
github.com/scttfrdmn/cargoship/pkg/porter.go:777.2,777.18 1 1
github.com/scttfrdmn/cargoship/pkg/porter.go:777.18,778.44 1 1
github.com/scttfrdmn/cargoship/pkg/porter.go:778.44,780.18 2 1
github.com/scttfrdmn/cargoship/pkg/porter.go:780.18,782.5 1 0
github.com/scttfrdmn/cargoship/pkg/porter.go:786.2,786.12 1 1
github.com/scttfrdmn/cargoship/pkg/porter.go:790.86,791.24 1 1
github.com/scttfrdmn/cargoship/pkg/porter.go:791.24,793.3 1 0
github.com/scttfrdmn/cargoship/pkg/porter.go:794.2,796.26 3 1
github.com/scttfrdmn/cargoship/pkg/porter.go:796.26,798.3 1 0
github.com/scttfrdmn/cargoship/pkg/porter.go:800.2,802.16 3 1
github.com/scttfrdmn/cargoship/pkg/porter.go:802.16,804.3 1 0
github.com/scttfrdmn/cargoship/pkg/porter.go:805.2,805.15 1 1
github.com/scttfrdmn/cargoship/pkg/porter.go:805.15,806.42 1 1
github.com/scttfrdmn/cargoship/pkg/porter.go:806.42,807.15 1 0
github.com/scttfrdmn/cargoship/pkg/porter.go:811.2,812.16 2 1
github.com/scttfrdmn/cargoship/pkg/porter.go:812.16,814.3 1 0
github.com/scttfrdmn/cargoship/pkg/porter.go:815.2,819.16 4 1
github.com/scttfrdmn/cargoship/pkg/porter.go:819.16,821.3 1 0
github.com/scttfrdmn/cargoship/pkg/porter.go:823.2,823.19 1 1
github.com/scttfrdmn/cargoship/pkg/porter.go:823.19,826.3 1 1
github.com/scttfrdmn/cargoship/pkg/porter.go:828.2,828.30 1 1
github.com/scttfrdmn/cargoship/pkg/porter.go:828.30,829.88 1 0
github.com/scttfrdmn/cargoship/pkg/porter.go:829.88,831.4 1 0
github.com/scttfrdmn/cargoship/pkg/porter.go:834.2,834.57 1 1
github.com/scttfrdmn/cargoship/pkg/porter.go:834.57,836.3 1 0
github.com/scttfrdmn/cargoship/pkg/porter.go:838.2,838.22 1 1
github.com/scttfrdmn/cargoship/pkg/porter.go:842.104,843.24 1 1
github.com/scttfrdmn/cargoship/pkg/porter.go:843.24,845.3 1 0
github.com/scttfrdmn/cargoship/pkg/porter.go:846.2,849.15 3 1
github.com/scttfrdmn/cargoship/pkg/porter.go:849.15,850.53 1 1
github.com/scttfrdmn/cargoship/pkg/porter.go:850.53,852.4 1 1
github.com/scttfrdmn/cargoship/pkg/porter.go:853.8,855.3 1 0
github.com/scttfrdmn/cargoship/pkg/porter.go:856.2,859.38 3 1
github.com/scttfrdmn/cargoship/pkg/porter.go:859.38,863.31 2 1
github.com/scttfrdmn/cargoship/pkg/porter.go:863.31,864.12 1 0
github.com/scttfrdmn/cargoship/pkg/porter.go:867.3,872.30 2 1
github.com/scttfrdmn/cargoship/pkg/porter.go:872.30,874.18 2 0
github.com/scttfrdmn/cargoship/pkg/porter.go:874.18,876.5 1 0
github.com/scttfrdmn/cargoship/pkg/porter.go:877.9,879.18 2 1
github.com/scttfrdmn/cargoship/pkg/porter.go:879.18,881.5 1 0
github.com/scttfrdmn/cargoship/pkg/porter.go:882.4,882.28 1 1
github.com/scttfrdmn/cargoship/pkg/porter.go:882.28,884.5 1 0
github.com/scttfrdmn/cargoship/pkg/porter.go:887.3,888.20 2 1
github.com/scttfrdmn/cargoship/pkg/porter.go:888.20,890.4 1 1
github.com/scttfrdmn/cargoship/pkg/porter.go:892.2,892.28 1 1
github.com/scttfrdmn/cargoship/pkg/porter.go:895.37,898.2 2 1
github.com/scttfrdmn/cargoship/pkg/porter.go:900.48,905.2 1 1
github.com/scttfrdmn/cargoship/pkg/porter.go:907.71,914.2 1 1
github.com/scttfrdmn/cargoship/pkg/utils.go:19.96,20.28 1 1
github.com/scttfrdmn/cargoship/pkg/utils.go:21.12,24.23 3 1
github.com/scttfrdmn/cargoship/pkg/utils.go:25.15,28.23 3 1
github.com/scttfrdmn/cargoship/pkg/utils.go:29.13,32.23 3 1
github.com/scttfrdmn/cargoship/pkg/utils.go:33.14,36.23 3 1
github.com/scttfrdmn/cargoship/pkg/utils.go:37.22,40.23 3 1
github.com/scttfrdmn/cargoship/pkg/utils.go:41.10,42.76 1 0
github.com/scttfrdmn/cargoship/pkg/utils.go:46.28,47.16 1 1
github.com/scttfrdmn/cargoship/pkg/utils.go:47.16,48.13 1 1
github.com/scttfrdmn/cargoship/pkg/utils.go:52.37,54.16 2 1
github.com/scttfrdmn/cargoship/pkg/utils.go:54.16,55.13 1 0
github.com/scttfrdmn/cargoship/pkg/utils.go:57.2,57.17 1 1
github.com/scttfrdmn/cargoship/pkg/utils.go:60.36,61.13 1 1
github.com/scttfrdmn/cargoship/pkg/utils.go:61.13,63.3 1 1
github.com/scttfrdmn/cargoship/pkg/utils.go:64.2,65.16 2 1
github.com/scttfrdmn/cargoship/pkg/utils.go:65.16,67.3 1 0
github.com/scttfrdmn/cargoship/pkg/utils.go:68.2,69.16 2 1
github.com/scttfrdmn/cargoship/pkg/utils.go:69.16,71.3 1 1
github.com/scttfrdmn/cargoship/pkg/utils.go:72.2,72.17 1 1
github.com/scttfrdmn/cargoship/pkg/utils.go:72.17,74.3 1 1
github.com/scttfrdmn/cargoship/pkg/utils.go:75.2,75.12 1 1
github.com/scttfrdmn/cargoship/pkg/utils.go:78.37,80.2 1 1
github.com/scttfrdmn/cargoship/pkg/utils.go:82.39,84.24 2 1
github.com/scttfrdmn/cargoship/pkg/utils.go:84.24,86.3 1 1
github.com/scttfrdmn/cargoship/pkg/utils.go:87.2,87.22 1 1
github.com/scttfrdmn/cargoship/pkg/utils.go:90.92,92.16 2 1
github.com/scttfrdmn/cargoship/pkg/utils.go:92.16,94.3 1 0
github.com/scttfrdmn/cargoship/pkg/utils.go:95.2,96.62 2 1
github.com/scttfrdmn/cargoship/pkg/utils.go:96.62,98.3 1 0
github.com/scttfrdmn/cargoship/pkg/utils.go:99.2,99.12 1 1
github.com/scttfrdmn/cargoship/pkg/utils.go:102.36,103.11 1 1
github.com/scttfrdmn/cargoship/pkg/utils.go:103.11,104.63 1 1
github.com/scttfrdmn/cargoship/pkg/utils.go:106.2,106.18 1 1
github.com/scttfrdmn/cargoship/pkg/utils.go:109.32,110.11 1 1
github.com/scttfrdmn/cargoship/pkg/utils.go:110.11,111.63 1 1
github.com/scttfrdmn/cargoship/pkg/utils.go:113.2,113.18 1 1
github.com/scttfrdmn/cargoship/pkg/plugins/transporters/cloud/cloud.go:21.37,22.32 1 1
github.com/scttfrdmn/cargoship/pkg/plugins/transporters/cloud/cloud.go:22.32,24.3 1 1
github.com/scttfrdmn/cargoship/pkg/plugins/transporters/cloud/cloud.go:25.2,25.12 1 1
github.com/scttfrdmn/cargoship/pkg/plugins/transporters/cloud/cloud.go:29.46,31.12 2 1
github.com/scttfrdmn/cargoship/pkg/plugins/transporters/cloud/cloud.go:31.12,32.7 1 1
github.com/scttfrdmn/cargoship/pkg/plugins/transporters/cloud/cloud.go:32.7,34.4 1 1
github.com/scttfrdmn/cargoship/pkg/plugins/transporters/cloud/cloud.go:36.2,36.35 1 1
github.com/scttfrdmn/cargoship/pkg/plugins/transporters/cloud/cloud.go:40.87,42.13 2 1
github.com/scttfrdmn/cargoship/pkg/plugins/transporters/cloud/cloud.go:42.13,44.3 1 1
github.com/scttfrdmn/cargoship/pkg/plugins/transporters/cloud/cloud.go:45.2,48.12 3 1
github.com/scttfrdmn/cargoship/pkg/rclone/rclone.go:38.43,40.16 2 1
github.com/scttfrdmn/cargoship/pkg/rclone/rclone.go:40.16,41.13 1 0
github.com/scttfrdmn/cargoship/pkg/rclone/rclone.go:43.2,43.19 1 1
github.com/scttfrdmn/cargoship/pkg/rclone/rclone.go:70.44,72.16 2 1
github.com/scttfrdmn/cargoship/pkg/rclone/rclone.go:72.16,73.13 1 0
github.com/scttfrdmn/cargoship/pkg/rclone/rclone.go:75.2,75.19 1 1
github.com/scttfrdmn/cargoship/pkg/rclone/rclone.go:96.43,98.16 2 1
github.com/scttfrdmn/cargoship/pkg/rclone/rclone.go:98.16,99.13 1 0
github.com/scttfrdmn/cargoship/pkg/rclone/rclone.go:101.2,101.19 1 1
github.com/scttfrdmn/cargoship/pkg/rclone/rclone.go:131.72,133.16 2 1
github.com/scttfrdmn/cargoship/pkg/rclone/rclone.go:133.16,134.13 1 1
github.com/scttfrdmn/cargoship/pkg/rclone/rclone.go:136.2,136.12 1 1
github.com/scttfrdmn/cargoship/pkg/rclone/rclone.go:139.46,140.31 1 1
github.com/scttfrdmn/cargoship/pkg/rclone/rclone.go:140.31,142.3 1 1
github.com/scttfrdmn/cargoship/pkg/rclone/rclone.go:145.46,146.31 1 1
github.com/scttfrdmn/cargoship/pkg/rclone/rclone.go:146.31,148.3 1 1
github.com/scttfrdmn/cargoship/pkg/rclone/rclone.go:151.50,152.31 1 1
github.com/scttfrdmn/cargoship/pkg/rclone/rclone.go:152.31,154.3 1 1
github.com/scttfrdmn/cargoship/pkg/rclone/rclone.go:157.50,158.31 1 1
github.com/scttfrdmn/cargoship/pkg/rclone/rclone.go:158.31,160.3 1 1
github.com/scttfrdmn/cargoship/pkg/rclone/rclone.go:163.46,164.31 1 1
github.com/scttfrdmn/cargoship/pkg/rclone/rclone.go:164.31,166.3 1 1
github.com/scttfrdmn/cargoship/pkg/rclone/rclone.go:169.77,179.30 2 1
github.com/scttfrdmn/cargoship/pkg/rclone/rclone.go:179.30,181.3 1 1
github.com/scttfrdmn/cargoship/pkg/rclone/rclone.go:183.2,183.40 1 1
github.com/scttfrdmn/cargoship/pkg/rclone/rclone.go:183.40,185.3 1 1
github.com/scttfrdmn/cargoship/pkg/rclone/rclone.go:186.2,186.40 1 1
github.com/scttfrdmn/cargoship/pkg/rclone/rclone.go:186.40,188.3 1 1
github.com/scttfrdmn/cargoship/pkg/rclone/rclone.go:189.2,189.15 1 1
github.com/scttfrdmn/cargoship/pkg/rclone/rclone.go:193.91,195.16 2 1
github.com/scttfrdmn/cargoship/pkg/rclone/rclone.go:195.16,197.3 1 1
github.com/scttfrdmn/cargoship/pkg/rclone/rclone.go:198.2,200.24 3 1
github.com/scttfrdmn/cargoship/pkg/rclone/rclone.go:200.24,207.3 2 1
github.com/scttfrdmn/cargoship/pkg/rclone/rclone.go:207.8,217.3 3 1
github.com/scttfrdmn/cargoship/pkg/rclone/rclone.go:218.2,218.31 1 1
github.com/scttfrdmn/cargoship/pkg/rclone/rclone.go:228.43,230.16 2 1
github.com/scttfrdmn/cargoship/pkg/rclone/rclone.go:230.16,231.13 1 0
github.com/scttfrdmn/cargoship/pkg/rclone/rclone.go:233.2,233.19 1 1
github.com/scttfrdmn/cargoship/pkg/rclone/rclone.go:237.28,241.9 4 1
github.com/scttfrdmn/cargoship/pkg/rclone/rclone.go:242.24,243.21 1 1
github.com/scttfrdmn/cargoship/pkg/rclone/rclone.go:244.24,245.21 1 1
github.com/scttfrdmn/cargoship/pkg/rclone/rclone.go:246.10,247.39 1 1
github.com/scttfrdmn/cargoship/pkg/rclone/rclone.go:249.2,258.16 6 1
github.com/scttfrdmn/cargoship/pkg/rclone/rclone.go:258.16,259.13 1 0
github.com/scttfrdmn/cargoship/pkg/rclone/rclone.go:261.2,261.23 1 1
github.com/scttfrdmn/cargoship/pkg/rclone/rclone.go:284.57,288.16 3 1
github.com/scttfrdmn/cargoship/pkg/rclone/rclone.go:288.16,290.3 1 1
github.com/scttfrdmn/cargoship/pkg/rclone/rclone.go:291.2,292.19 2 1
github.com/scttfrdmn/cargoship/pkg/rclone/rclone.go:292.19,294.3 1 0
github.com/scttfrdmn/cargoship/pkg/rclone/rclone.go:295.2,296.12 2 1
github.com/scttfrdmn/cargoship/pkg/rclone/rclone.go:307.49,309.16 2 1
github.com/scttfrdmn/cargoship/pkg/rclone/rclone.go:309.16,311.3 1 1
github.com/scttfrdmn/cargoship/pkg/rclone/rclone.go:312.2,312.23 1 1
github.com/scttfrdmn/cargoship/pkg/rclone/rclone.go:315.44,317.16 2 1
github.com/scttfrdmn/cargoship/pkg/rclone/rclone.go:317.16,318.13 1 1
github.com/scttfrdmn/cargoship/pkg/rclone/rclone.go:320.2,320.10 1 1
github.com/scttfrdmn/cargoship/pkg/rclone/rclone.go:323.66,337.2 3 1
github.com/scttfrdmn/cargoship/pkg/rclone/rclone.go:339.44,344.2 4 1
github.com/scttfrdmn/cargoship/pkg/rclone/rclone.go:347.68,359.19 6 1
github.com/scttfrdmn/cargoship/pkg/rclone/rclone.go:359.19,361.3 1 0
github.com/scttfrdmn/cargoship/pkg/rclone/rclone.go:362.2,370.16 4 1
github.com/scttfrdmn/cargoship/pkg/rclone/rclone.go:370.16,372.3 1 1
github.com/scttfrdmn/cargoship/pkg/rclone/rclone.go:373.2,373.25 1 1
github.com/scttfrdmn/cargoship/pkg/rclone/rclone.go:373.25,375.3 1 0
github.com/scttfrdmn/cargoship/pkg/rclone/rclone.go:377.2,377.12 1 1
github.com/scttfrdmn/cargoship/pkg/rclone/rclone.go:380.45,382.19 2 1
github.com/scttfrdmn/cargoship/pkg/rclone/rclone.go:382.19,384.3 1 0
github.com/scttfrdmn/cargoship/pkg/rclone/rclone.go:385.2,386.60 2 1
github.com/scttfrdmn/cargoship/pkg/rclone/rclone.go:386.60,388.3 1 0
github.com/scttfrdmn/cargoship/pkg/rclone/rclone.go:389.2,389.20 1 1
github.com/scttfrdmn/cargoship/pkg/rclone/rclone.go:393.46,400.26 2 1
github.com/scttfrdmn/cargoship/pkg/rclone/rclone.go:400.26,402.3 1 1
github.com/scttfrdmn/cargoship/pkg/rclone/rclone.go:404.2,407.16 3 1
github.com/scttfrdmn/cargoship/pkg/rclone/rclone.go:407.16,409.3 1 1
github.com/scttfrdmn/cargoship/pkg/rclone/rclone.go:411.2,412.19 2 1
github.com/scttfrdmn/cargoship/pkg/rclone/rclone.go:412.19,414.3 1 1
github.com/scttfrdmn/cargoship/pkg/rclone/rclone.go:416.2,417.61 2 1
github.com/scttfrdmn/cargoship/pkg/rclone/rclone.go:417.61,419.3 1 0
github.com/scttfrdmn/cargoship/pkg/rclone/rclone.go:421.2,427.16 3 1
github.com/scttfrdmn/cargoship/pkg/rclone/rclone.go:427.16,429.3 1 1
github.com/scttfrdmn/cargoship/pkg/rclone/rclone.go:430.2,430.25 1 0
github.com/scttfrdmn/cargoship/pkg/rclone/rclone.go:430.25,432.3 1 0
github.com/scttfrdmn/cargoship/pkg/rclone/rclone.go:434.2,437.60 3 0
github.com/scttfrdmn/cargoship/pkg/rclone/rclone.go:437.60,439.3 1 0
github.com/scttfrdmn/cargoship/pkg/rclone/rclone.go:441.2,443.12 2 0
github.com/scttfrdmn/cargoship/pkg/rclone/rclone.go:446.90,450.50 4 1
github.com/scttfrdmn/cargoship/pkg/rclone/rclone.go:450.50,452.28 2 1
github.com/scttfrdmn/cargoship/pkg/rclone/rclone.go:452.28,454.4 1 1
github.com/scttfrdmn/cargoship/pkg/rclone/rclone.go:455.3,455.57 1 1
github.com/scttfrdmn/cargoship/pkg/rclone/rclone.go:455.57,457.4 1 0
github.com/scttfrdmn/cargoship/pkg/rclone/rclone.go:458.3,459.17 2 1
github.com/scttfrdmn/cargoship/pkg/rclone/rclone.go:459.17,461.4 1 1
github.com/scttfrdmn/cargoship/pkg/rclone/rclone.go:462.3,462.15 1 1
github.com/scttfrdmn/cargoship/pkg/rclone/rclone.go:462.15,468.4 1 1
github.com/scttfrdmn/cargoship/pkg/rclone/rclone.go:469.3,470.16 2 1
github.com/scttfrdmn/cargoship/pkg/rclone/rclone.go:473.2,473.14 1 1
github.com/scttfrdmn/cargoship/pkg/rclone/rclone.go:473.14,479.3 1 1
github.com/scttfrdmn/cargoship/pkg/rclone/rclone.go:480.2,480.24 1 1
github.com/scttfrdmn/cargoship/pkg/rclone/rclone.go:483.64,485.23 2 1
github.com/scttfrdmn/cargoship/pkg/rclone/rclone.go:485.23,487.3 1 0
github.com/scttfrdmn/cargoship/pkg/rclone/rclone.go:488.2,490.16 3 1
github.com/scttfrdmn/cargoship/pkg/rclone/rclone.go:490.16,492.3 1 0
github.com/scttfrdmn/cargoship/pkg/rclone/rclone.go:493.2,493.24 1 1
github.com/scttfrdmn/cargoship/pkg/rclone/rclone.go:493.24,495.3 1 1
github.com/scttfrdmn/cargoship/pkg/rclone/rclone.go:496.2,496.21 1 1
github.com/scttfrdmn/cargoship/pkg/rclone/rclone.go:503.36,505.56 2 1
github.com/scttfrdmn/cargoship/pkg/rclone/rclone.go:505.56,507.3 1 1
github.com/scttfrdmn/cargoship/pkg/rclone/rclone.go:508.2,508.30 1 1
github.com/scttfrdmn/cargoship/pkg/rclone/rclone.go:511.30,512.16 1 1
github.com/scttfrdmn/cargoship/pkg/rclone/rclone.go:512.16,513.13 1 1
github.com/scttfrdmn/cargoship/pkg/multiregion/coordinator.go:53.43,58.2 1 1
github.com/scttfrdmn/cargoship/pkg/multiregion/coordinator.go:61.95,65.19 3 1
github.com/scttfrdmn/cargoship/pkg/multiregion/coordinator.go:65.19,67.3 1 1
github.com/scttfrdmn/cargoship/pkg/multiregion/coordinator.go:69.2,69.19 1 1
github.com/scttfrdmn/cargoship/pkg/multiregion/coordinator.go:69.19,71.3 1 1
github.com/scttfrdmn/cargoship/pkg/multiregion/coordinator.go:74.2,74.49 1 1
github.com/scttfrdmn/cargoship/pkg/multiregion/coordinator.go:74.49,76.3 1 1
github.com/scttfrdmn/cargoship/pkg/multiregion/coordinator.go:79.2,82.32 2 1
github.com/scttfrdmn/cargoship/pkg/multiregion/coordinator.go:82.32,85.3 2 1
github.com/scttfrdmn/cargoship/pkg/multiregion/coordinator.go:88.2,91.49 2 1
github.com/scttfrdmn/cargoship/pkg/multiregion/coordinator.go:91.49,93.3 1 0
github.com/scttfrdmn/cargoship/pkg/multiregion/coordinator.go:96.2,104.12 4 1
github.com/scttfrdmn/cargoship/pkg/multiregion/coordinator.go:108.105,109.20 1 1
github.com/scttfrdmn/cargoship/pkg/multiregion/coordinator.go:109.20,111.3 1 1
github.com/scttfrdmn/cargoship/pkg/multiregion/coordinator.go:113.2,113.20 1 1
github.com/scttfrdmn/cargoship/pkg/multiregion/coordinator.go:113.20,115.3 1 1
github.com/scttfrdmn/cargoship/pkg/multiregion/coordinator.go:118.2,118.22 1 1
github.com/scttfrdmn/cargoship/pkg/multiregion/coordinator.go:118.22,120.3 1 1
github.com/scttfrdmn/cargoship/pkg/multiregion/coordinator.go:123.2,133.16 4 1
github.com/scttfrdmn/cargoship/pkg/multiregion/coordinator.go:133.16,135.3 1 0
github.com/scttfrdmn/cargoship/pkg/multiregion/coordinator.go:137.2,144.16 3 1
github.com/scttfrdmn/cargoship/pkg/multiregion/coordinator.go:144.16,146.3 1 0
github.com/scttfrdmn/cargoship/pkg/multiregion/coordinator.go:148.2,154.20 2 1
github.com/scttfrdmn/cargoship/pkg/multiregion/coordinator.go:158.100,159.20 1 1
github.com/scttfrdmn/cargoship/pkg/multiregion/coordinator.go:159.20,161.3 1 1
github.com/scttfrdmn/cargoship/pkg/multiregion/coordinator.go:163.2,167.38 4 1
github.com/scttfrdmn/cargoship/pkg/multiregion/coordinator.go:167.38,169.3 1 1
github.com/scttfrdmn/cargoship/pkg/multiregion/coordinator.go:171.2,171.20 1 1
github.com/scttfrdmn/cargoship/pkg/multiregion/coordinator.go:175.102,176.20 1 1
github.com/scttfrdmn/cargoship/pkg/multiregion/coordinator.go:176.20,178.3 1 1
github.com/scttfrdmn/cargoship/pkg/multiregion/coordinator.go:180.2,184.38 4 1
github.com/scttfrdmn/cargoship/pkg/multiregion/coordinator.go:184.38,186.3 1 1
github.com/scttfrdmn/cargoship/pkg/multiregion/coordinator.go:188.2,188.21 1 1
github.com/scttfrdmn/cargoship/pkg/multiregion/coordinator.go:192.66,196.20 3 1
github.com/scttfrdmn/cargoship/pkg/multiregion/coordinator.go:196.20,198.3 1 1
github.com/scttfrdmn/cargoship/pkg/multiregion/coordinator.go:200.2,203.21 2 1
github.com/scttfrdmn/cargoship/pkg/multiregion/coordinator.go:203.21,205.3 1 1
github.com/scttfrdmn/cargoship/pkg/multiregion/coordinator.go:208.2,209.12 2 1
github.com/scttfrdmn/cargoship/pkg/multiregion/coordinator.go:209.12,212.3 2 1
github.com/scttfrdmn/cargoship/pkg/multiregion/coordinator.go:214.2,214.9 1 1
github.com/scttfrdmn/cargoship/pkg/multiregion/coordinator.go:215.14,216.63 1 1
github.com/scttfrdmn/cargoship/pkg/multiregion/coordinator.go:217.20,219.19 2 0
github.com/scttfrdmn/cargoship/pkg/multiregion/coordinator.go:222.2,223.12 2 1
github.com/scttfrdmn/cargoship/pkg/multiregion/coordinator.go:227.78,228.21 1 1
github.com/scttfrdmn/cargoship/pkg/multiregion/coordinator.go:228.21,230.3 1 1
github.com/scttfrdmn/cargoship/pkg/multiregion/coordinator.go:232.2,232.30 1 1
github.com/scttfrdmn/cargoship/pkg/multiregion/coordinator.go:232.30,234.3 1 1
github.com/scttfrdmn/cargoship/pkg/multiregion/coordinator.go:236.2,236.32 1 1
github.com/scttfrdmn/cargoship/pkg/multiregion/coordinator.go:236.32,238.3 1 1
github.com/scttfrdmn/cargoship/pkg/multiregion/coordinator.go:241.2,242.40 2 1
github.com/scttfrdmn/cargoship/pkg/multiregion/coordinator.go:242.40,243.42 1 1
github.com/scttfrdmn/cargoship/pkg/multiregion/coordinator.go:243.42,245.9 2 1
github.com/scttfrdmn/cargoship/pkg/multiregion/coordinator.go:249.2,249.25 1 1
github.com/scttfrdmn/cargoship/pkg/multiregion/coordinator.go:249.25,251.3 1 1
github.com/scttfrdmn/cargoship/pkg/multiregion/coordinator.go:254.2,254.40 1 1
github.com/scttfrdmn/cargoship/pkg/multiregion/coordinator.go:254.40,255.51 1 1
github.com/scttfrdmn/cargoship/pkg/multiregion/coordinator.go:255.51,257.4 1 1
github.com/scttfrdmn/cargoship/pkg/multiregion/coordinator.go:260.2,260.12 1 1
github.com/scttfrdmn/cargoship/pkg/multiregion/coordinator.go:264.67,265.19 1 1
github.com/scttfrdmn/cargoship/pkg/multiregion/coordinator.go:265.19,267.3 1 1
github.com/scttfrdmn/cargoship/pkg/multiregion/coordinator.go:269.2,269.23 1 1
github.com/scttfrdmn/cargoship/pkg/multiregion/coordinator.go:269.23,271.3 1 1
github.com/scttfrdmn/cargoship/pkg/multiregion/coordinator.go:273.2,273.25 1 1
github.com/scttfrdmn/cargoship/pkg/multiregion/coordinator.go:273.25,275.3 1 1
github.com/scttfrdmn/cargoship/pkg/multiregion/coordinator.go:277.2,277.46 1 1
github.com/scttfrdmn/cargoship/pkg/multiregion/coordinator.go:277.46,279.3 1 1
github.com/scttfrdmn/cargoship/pkg/multiregion/coordinator.go:281.2,281.46 1 1
github.com/scttfrdmn/cargoship/pkg/multiregion/coordinator.go:281.46,283.3 1 1
github.com/scttfrdmn/cargoship/pkg/multiregion/coordinator.go:285.2,285.32 1 1
github.com/scttfrdmn/cargoship/pkg/multiregion/coordinator.go:285.32,286.39 1 1
github.com/scttfrdmn/cargoship/pkg/multiregion/coordinator.go:286.39,288.4 1 1
github.com/scttfrdmn/cargoship/pkg/multiregion/coordinator.go:290.3,290.38 1 1
github.com/scttfrdmn/cargoship/pkg/multiregion/coordinator.go:290.38,292.4 1 0
github.com/scttfrdmn/cargoship/pkg/multiregion/coordinator.go:294.3,294.46 1 1
github.com/scttfrdmn/cargoship/pkg/multiregion/coordinator.go:294.46,296.4 1 0
github.com/scttfrdmn/cargoship/pkg/multiregion/coordinator.go:298.3,298.46 1 1
github.com/scttfrdmn/cargoship/pkg/multiregion/coordinator.go:298.46,300.4 1 0
github.com/scttfrdmn/cargoship/pkg/multiregion/coordinator.go:303.2,303.12 1 1
github.com/scttfrdmn/cargoship/pkg/multiregion/coordinator.go:307.59,318.2 4 1
github.com/scttfrdmn/cargoship/pkg/multiregion/coordinator.go:321.56,323.33 1 1
github.com/scttfrdmn/cargoship/pkg/multiregion/coordinator.go:323.33,326.3 2 1
github.com/scttfrdmn/cargoship/pkg/multiregion/coordinator.go:329.2,329.33 1 1
github.com/scttfrdmn/cargoship/pkg/multiregion/coordinator.go:329.33,332.3 2 1
github.com/scttfrdmn/cargoship/pkg/multiregion/coordinator.go:335.2,335.36 1 1
github.com/scttfrdmn/cargoship/pkg/multiregion/coordinator.go:335.36,338.3 2 1
github.com/scttfrdmn/cargoship/pkg/multiregion/coordinator.go:342.114,345.2 1 1
github.com/scttfrdmn/cargoship/pkg/multiregion/coordinator.go:348.140,353.16 3 1
github.com/scttfrdmn/cargoship/pkg/multiregion/coordinator.go:353.16,355.37 1 1
github.com/scttfrdmn/cargoship/pkg/multiregion/coordinator.go:355.37,366.4 3 1
github.com/scttfrdmn/cargoship/pkg/multiregion/coordinator.go:368.3,368.77 1 1
github.com/scttfrdmn/cargoship/pkg/multiregion/coordinator.go:372.2,374.20 2 1
github.com/scttfrdmn/cargoship/pkg/multiregion/coordinator.go:378.136,380.44 1 1
github.com/scttfrdmn/cargoship/pkg/multiregion/coordinator.go:380.44,382.3 1 1
github.com/scttfrdmn/cargoship/pkg/multiregion/coordinator.go:385.2,386.22 2 1
github.com/scttfrdmn/cargoship/pkg/multiregion/coordinator.go:386.22,387.10 1 1
github.com/scttfrdmn/cargoship/pkg/multiregion/coordinator.go:388.35,388.35 0 1
github.com/scttfrdmn/cargoship/pkg/multiregion/coordinator.go:389.21,390.25 1 1
github.com/scttfrdmn/cargoship/pkg/multiregion/coordinator.go:395.2,398.37 2 1
github.com/scttfrdmn/cargoship/pkg/multiregion/coordinator.go:398.37,400.3 1 0
github.com/scttfrdmn/cargoship/pkg/multiregion/coordinator.go:403.2,403.9 1 1
github.com/scttfrdmn/cargoship/pkg/multiregion/coordinator.go:404.36,404.36 0 1
github.com/scttfrdmn/cargoship/pkg/multiregion/coordinator.go:405.20,406.24 1 0
github.com/scttfrdmn/cargoship/pkg/multiregion/coordinator.go:410.2,419.20 2 1
github.com/scttfrdmn/cargoship/pkg/multiregion/coordinator.go:423.156,426.34 2 1
github.com/scttfrdmn/cargoship/pkg/multiregion/coordinator.go:426.34,428.3 1 1
github.com/scttfrdmn/cargoship/pkg/multiregion/coordinator.go:431.2,431.44 1 1
github.com/scttfrdmn/cargoship/pkg/multiregion/coordinator.go:431.44,432.44 1 1
github.com/scttfrdmn/cargoship/pkg/multiregion/coordinator.go:432.44,434.4 1 1
github.com/scttfrdmn/cargoship/pkg/multiregion/coordinator.go:436.3,441.46 2 1
github.com/scttfrdmn/cargoship/pkg/multiregion/coordinator.go:441.46,443.4 1 1
github.com/scttfrdmn/cargoship/pkg/multiregion/coordinator.go:445.3,446.17 2 1
github.com/scttfrdmn/cargoship/pkg/multiregion/coordinator.go:446.17,454.12 3 0
github.com/scttfrdmn/cargoship/pkg/multiregion/coordinator.go:457.3,465.21 3 1
github.com/scttfrdmn/cargoship/pkg/multiregion/coordinator.go:468.2,468.56 1 0
github.com/scttfrdmn/cargoship/pkg/multiregion/coordinator.go:472.84,477.35 4 1
github.com/scttfrdmn/cargoship/pkg/multiregion/coordinator.go:477.35,478.75 1 1
github.com/scttfrdmn/cargoship/pkg/multiregion/coordinator.go:478.75,480.4 1 1
github.com/scttfrdmn/cargoship/pkg/multiregion/coordinator.go:483.2,483.21 1 1
github.com/scttfrdmn/cargoship/pkg/multiregion/coordinator.go:487.81,492.25 2 1
github.com/scttfrdmn/cargoship/pkg/multiregion/coordinator.go:492.25,494.3 1 1
github.com/scttfrdmn/cargoship/pkg/multiregion/coordinator.go:497.2,499.29 2 1
github.com/scttfrdmn/cargoship/pkg/multiregion/coordinator.go:503.108,510.55 3 1
github.com/scttfrdmn/cargoship/pkg/multiregion/coordinator.go:510.55,511.41 1 1
github.com/scttfrdmn/cargoship/pkg/multiregion/coordinator.go:511.41,513.4 1 0
github.com/scttfrdmn/cargoship/pkg/multiregion/coordinator.go:515.2,518.23 2 1
github.com/scttfrdmn/cargoship/pkg/multiregion/coordinator.go:518.23,520.3 1 0
github.com/scttfrdmn/cargoship/pkg/multiregion/coordinator.go:522.2,526.25 3 1
github.com/scttfrdmn/cargoship/pkg/multiregion/coordinator.go:526.25,528.3 1 1
github.com/scttfrdmn/cargoship/pkg/multiregion/coordinator.go:530.2,530.60 1 1
github.com/scttfrdmn/cargoship/pkg/multiregion/coordinator.go:534.73,539.55 3 1
github.com/scttfrdmn/cargoship/pkg/multiregion/coordinator.go:539.55,542.23 2 1
github.com/scttfrdmn/cargoship/pkg/multiregion/coordinator.go:542.23,545.4 1 1
github.com/scttfrdmn/cargoship/pkg/multiregion/coordinator.go:548.2,548.14 1 1
github.com/scttfrdmn/cargoship/pkg/multiregion/coordinator.go:552.80,556.53 3 1
github.com/scttfrdmn/cargoship/pkg/multiregion/coordinator.go:556.53,562.23 4 1
github.com/scttfrdmn/cargoship/pkg/multiregion/coordinator.go:562.23,564.4 1 1
github.com/scttfrdmn/cargoship/pkg/multiregion/coordinator.go:567.3,567.38 1 1
github.com/scttfrdmn/cargoship/pkg/multiregion/coordinator.go:567.38,572.4 2 1
github.com/scttfrdmn/cargoship/pkg/multiregion/coordinator.go:574.3,578.43 1 1
github.com/scttfrdmn/cargoship/pkg/multiregion/coordinator.go:583.91,588.13 4 1
github.com/scttfrdmn/cargoship/pkg/multiregion/coordinator.go:588.13,590.3 1 0
github.com/scttfrdmn/cargoship/pkg/multiregion/coordinator.go:593.2,596.20 3 1
github.com/scttfrdmn/cargoship/pkg/multiregion/coordinator.go:596.20,598.3 1 1
github.com/scttfrdmn/cargoship/pkg/multiregion/coordinator.go:598.8,600.3 1 0
github.com/scttfrdmn/cargoship/pkg/multiregion/coordinator.go:603.2,604.22 2 1
github.com/scttfrdmn/cargoship/pkg/multiregion/coordinator.go:604.22,606.3 1 1
github.com/scttfrdmn/cargoship/pkg/multiregion/coordinator.go:610.51,614.19 3 1
github.com/scttfrdmn/cargoship/pkg/multiregion/coordinator.go:614.19,616.3 1 0
github.com/scttfrdmn/cargoship/pkg/multiregion/coordinator.go:618.2,621.6 3 1
github.com/scttfrdmn/cargoship/pkg/multiregion/coordinator.go:621.6,622.10 1 1
github.com/scttfrdmn/cargoship/pkg/multiregion/coordinator.go:623.23,624.10 1 1
github.com/scttfrdmn/cargoship/pkg/multiregion/coordinator.go:625.19,626.27 1 0
github.com/scttfrdmn/cargoship/pkg/multiregion/coordinator.go:632.52,635.35 3 1
github.com/scttfrdmn/cargoship/pkg/multiregion/coordinator.go:635.35,637.3 1 1
github.com/scttfrdmn/cargoship/pkg/multiregion/coordinator.go:638.2,640.33 2 1
github.com/scttfrdmn/cargoship/pkg/multiregion/coordinator.go:640.33,641.34 1 1
github.com/scttfrdmn/cargoship/pkg/multiregion/coordinator.go:641.34,642.12 1 0
github.com/scttfrdmn/cargoship/pkg/multiregion/coordinator.go:649.3,652.16 4 1
github.com/scttfrdmn/cargoship/pkg/multiregion/coordinator.go:657.57,661.19 3 1
github.com/scttfrdmn/cargoship/pkg/multiregion/coordinator.go:661.19,663.3 1 0
github.com/scttfrdmn/cargoship/pkg/multiregion/coordinator.go:665.2,668.6 3 1
github.com/scttfrdmn/cargoship/pkg/multiregion/coordinator.go:668.6,669.10 1 1
github.com/scttfrdmn/cargoship/pkg/multiregion/coordinator.go:670.23,671.10 1 1
github.com/scttfrdmn/cargoship/pkg/multiregion/coordinator.go:672.19,673.22 1 0
github.com/scttfrdmn/cargoship/pkg/multiregion/coordinator.go:679.47,684.2 1 1
github.com/scttfrdmn/cargoship/pkg/multiregion/coordinator.go:687.57,691.19 3 1
github.com/scttfrdmn/cargoship/pkg/multiregion/coordinator.go:691.19,693.3 1 0
github.com/scttfrdmn/cargoship/pkg/multiregion/coordinator.go:695.2,698.6 3 1
github.com/scttfrdmn/cargoship/pkg/multiregion/coordinator.go:698.6,699.10 1 1
github.com/scttfrdmn/cargoship/pkg/multiregion/coordinator.go:700.23,701.10 1 1
github.com/scttfrdmn/cargoship/pkg/multiregion/coordinator.go:702.19,703.31 1 1
github.com/scttfrdmn/cargoship/pkg/multiregion/coordinator.go:709.56,714.2 1 1
github.com/scttfrdmn/cargoship/pkg/multiregion/failover.go:106.88,114.2 1 1
github.com/scttfrdmn/cargoship/pkg/multiregion/failover.go:117.102,118.22 1 1
github.com/scttfrdmn/cargoship/pkg/multiregion/failover.go:118.22,120.3 1 1
github.com/scttfrdmn/cargoship/pkg/multiregion/failover.go:122.2,126.13 4 1
github.com/scttfrdmn/cargoship/pkg/multiregion/failover.go:126.13,129.3 1 1
github.com/scttfrdmn/cargoship/pkg/multiregion/failover.go:132.2,132.68 1 1
github.com/scttfrdmn/cargoship/pkg/multiregion/failover.go:132.68,139.3 2 1
github.com/scttfrdmn/cargoship/pkg/multiregion/failover.go:142.2,142.60 1 1
github.com/scttfrdmn/cargoship/pkg/multiregion/failover.go:142.60,148.3 2 0
github.com/scttfrdmn/cargoship/pkg/multiregion/failover.go:151.2,151.86 1 1
github.com/scttfrdmn/cargoship/pkg/multiregion/failover.go:151.86,152.85 1 1
github.com/scttfrdmn/cargoship/pkg/multiregion/failover.go:152.85,154.41 2 1
github.com/scttfrdmn/cargoship/pkg/multiregion/failover.go:154.41,159.5 2 0
github.com/scttfrdmn/cargoship/pkg/multiregion/failover.go:163.2,163.19 1 1
github.com/scttfrdmn/cargoship/pkg/multiregion/failover.go:167.106,168.40 1 1
github.com/scttfrdmn/cargoship/pkg/multiregion/failover.go:168.40,170.3 1 1
github.com/scttfrdmn/cargoship/pkg/multiregion/failover.go:172.2,172.28 1 1
github.com/scttfrdmn/cargoship/pkg/multiregion/failover.go:172.28,174.3 1 1
github.com/scttfrdmn/cargoship/pkg/multiregion/failover.go:177.2,178.46 2 1
github.com/scttfrdmn/cargoship/pkg/multiregion/failover.go:178.46,179.89 1 0
github.com/scttfrdmn/cargoship/pkg/multiregion/failover.go:179.89,182.4 2 0
github.com/scttfrdmn/cargoship/pkg/multiregion/failover.go:184.2,216.16 11 1
github.com/scttfrdmn/cargoship/pkg/multiregion/failover.go:216.16,219.3 2 0
github.com/scttfrdmn/cargoship/pkg/multiregion/failover.go:219.8,221.3 1 1
github.com/scttfrdmn/cargoship/pkg/multiregion/failover.go:222.2,226.16 3 1
github.com/scttfrdmn/cargoship/pkg/multiregion/failover.go:226.16,228.3 1 1
github.com/scttfrdmn/cargoship/pkg/multiregion/failover.go:229.2,232.15 2 1
github.com/scttfrdmn/cargoship/pkg/multiregion/failover.go:232.15,237.3 4 1
github.com/scttfrdmn/cargoship/pkg/multiregion/failover.go:239.2,239.16 1 1
github.com/scttfrdmn/cargoship/pkg/multiregion/failover.go:239.16,246.3 2 0
github.com/scttfrdmn/cargoship/pkg/multiregion/failover.go:248.2,254.12 2 1
github.com/scttfrdmn/cargoship/pkg/multiregion/failover.go:258.100,264.53 4 1
github.com/scttfrdmn/cargoship/pkg/multiregion/failover.go:264.53,266.3 1 1
github.com/scttfrdmn/cargoship/pkg/multiregion/failover.go:268.2,268.20 1 1
github.com/scttfrdmn/cargoship/pkg/multiregion/failover.go:272.67,277.13 4 1
github.com/scttfrdmn/cargoship/pkg/multiregion/failover.go:277.13,280.3 2 1
github.com/scttfrdmn/cargoship/pkg/multiregion/failover.go:282.2,288.29 5 1
github.com/scttfrdmn/cargoship/pkg/multiregion/failover.go:288.29,290.3 1 1
github.com/scttfrdmn/cargoship/pkg/multiregion/failover.go:292.2,296.39 1 1
github.com/scttfrdmn/cargoship/pkg/multiregion/failover.go:300.67,305.13 4 1
github.com/scttfrdmn/cargoship/pkg/multiregion/failover.go:305.13,308.3 2 1
github.com/scttfrdmn/cargoship/pkg/multiregion/failover.go:310.2,315.29 4 1
github.com/scttfrdmn/cargoship/pkg/multiregion/failover.go:315.29,317.3 1 1
github.com/scttfrdmn/cargoship/pkg/multiregion/failover.go:319.2,322.39 1 1
github.com/scttfrdmn/cargoship/pkg/multiregion/failover.go:326.94,329.36 2 1
github.com/scttfrdmn/cargoship/pkg/multiregion/failover.go:330.25,331.47 1 1
github.com/scttfrdmn/cargoship/pkg/multiregion/failover.go:332.24,333.46 1 1
github.com/scttfrdmn/cargoship/pkg/multiregion/failover.go:334.22,335.44 1 0
github.com/scttfrdmn/cargoship/pkg/multiregion/failover.go:336.10,337.81 1 0
github.com/scttfrdmn/cargoship/pkg/multiregion/failover.go:342.95,356.9 2 1
github.com/scttfrdmn/cargoship/pkg/multiregion/failover.go:357.34,358.33 1 1
github.com/scttfrdmn/cargoship/pkg/multiregion/failover.go:359.37,361.8 1 1
github.com/scttfrdmn/cargoship/pkg/multiregion/failover.go:364.2,364.12 1 1
github.com/scttfrdmn/cargoship/pkg/multiregion/failover.go:368.94,383.53 3 1
github.com/scttfrdmn/cargoship/pkg/multiregion/failover.go:383.53,385.3 1 1
github.com/scttfrdmn/cargoship/pkg/multiregion/failover.go:387.2,387.9 1 1
github.com/scttfrdmn/cargoship/pkg/multiregion/failover.go:388.34,389.33 1 0
github.com/scttfrdmn/cargoship/pkg/multiregion/failover.go:390.33,392.8 1 1
github.com/scttfrdmn/cargoship/pkg/multiregion/failover.go:395.2,395.12 1 1
github.com/scttfrdmn/cargoship/pkg/multiregion/failover.go:399.92,413.2 2 1
github.com/scttfrdmn/cargoship/pkg/multiregion/failover.go:416.76,421.46 4 1
github.com/scttfrdmn/cargoship/pkg/multiregion/failover.go:421.46,423.3 1 0
github.com/scttfrdmn/cargoship/pkg/multiregion/failover.go:425.2,425.19 1 1
github.com/scttfrdmn/cargoship/pkg/multiregion/failover.go:429.93,434.13 4 1
github.com/scttfrdmn/cargoship/pkg/multiregion/failover.go:434.13,436.3 1 1
github.com/scttfrdmn/cargoship/pkg/multiregion/failover.go:439.2,446.3 1 1
github.com/scttfrdmn/cargoship/pkg/multiregion/failover.go:450.73,457.2 4 1
github.com/scttfrdmn/cargoship/pkg/multiregion/failover.go:460.77,464.46 3 1
github.com/scttfrdmn/cargoship/pkg/multiregion/failover.go:464.46,465.89 1 1
github.com/scttfrdmn/cargoship/pkg/multiregion/failover.go:465.89,467.4 1 0
github.com/scttfrdmn/cargoship/pkg/multiregion/failover.go:470.2,470.14 1 1
github.com/scttfrdmn/cargoship/pkg/multiregion/load_balancer.go:60.82,67.2 1 1
github.com/scttfrdmn/cargoship/pkg/multiregion/load_balancer.go:70.100,71.20 1 1
github.com/scttfrdmn/cargoship/pkg/multiregion/load_balancer.go:71.20,73.3 1 1
github.com/scttfrdmn/cargoship/pkg/multiregion/load_balancer.go:76.2,77.16 2 1
github.com/scttfrdmn/cargoship/pkg/multiregion/load_balancer.go:77.16,79.3 1 0
github.com/scttfrdmn/cargoship/pkg/multiregion/load_balancer.go:81.2,81.32 1 1
github.com/scttfrdmn/cargoship/pkg/multiregion/load_balancer.go:81.32,83.3 1 1
github.com/scttfrdmn/cargoship/pkg/multiregion/load_balancer.go:86.2,86.44 1 1
github.com/scttfrdmn/cargoship/pkg/multiregion/load_balancer.go:86.44,87.86 1 1
github.com/scttfrdmn/cargoship/pkg/multiregion/load_balancer.go:87.86,92.4 2 1
github.com/scttfrdmn/cargoship/pkg/multiregion/load_balancer.go:96.2,97.16 2 1
github.com/scttfrdmn/cargoship/pkg/multiregion/load_balancer.go:97.16,99.3 1 0
github.com/scttfrdmn/cargoship/pkg/multiregion/load_balancer.go:102.2,102.44 1 1
github.com/scttfrdmn/cargoship/pkg/multiregion/load_balancer.go:102.44,104.3 1 1
github.com/scttfrdmn/cargoship/pkg/multiregion/load_balancer.go:106.2,111.20 2 1
github.com/scttfrdmn/cargoship/pkg/multiregion/load_balancer.go:115.92,118.35 2 1
github.com/scttfrdmn/cargoship/pkg/multiregion/load_balancer.go:118.35,122.84 2 1
github.com/scttfrdmn/cargoship/pkg/multiregion/load_balancer.go:122.84,124.49 1 1
github.com/scttfrdmn/cargoship/pkg/multiregion/load_balancer.go:124.49,126.5 1 1
github.com/scttfrdmn/cargoship/pkg/multiregion/load_balancer.go:130.2,130.30 1 1
github.com/scttfrdmn/cargoship/pkg/multiregion/load_balancer.go:134.118,135.22 1 1
github.com/scttfrdmn/cargoship/pkg/multiregion/load_balancer.go:135.22,137.3 1 1
github.com/scttfrdmn/cargoship/pkg/multiregion/load_balancer.go:140.2,140.35 1 1
github.com/scttfrdmn/cargoship/pkg/multiregion/load_balancer.go:140.35,141.46 1 1
github.com/scttfrdmn/cargoship/pkg/multiregion/load_balancer.go:141.46,150.4 4 1
github.com/scttfrdmn/cargoship/pkg/multiregion/load_balancer.go:153.2,153.56 1 1
github.com/scttfrdmn/cargoship/pkg/multiregion/load_balancer.go:157.129,158.42 1 1
github.com/scttfrdmn/cargoship/pkg/multiregion/load_balancer.go:159.31,160.42 1 1
github.com/scttfrdmn/cargoship/pkg/multiregion/load_balancer.go:161.29,162.40 1 1
github.com/scttfrdmn/cargoship/pkg/multiregion/load_balancer.go:163.28,164.41 1 1
github.com/scttfrdmn/cargoship/pkg/multiregion/load_balancer.go:165.31,166.52 1 1
github.com/scttfrdmn/cargoship/pkg/multiregion/load_balancer.go:167.10,168.42 1 0
github.com/scttfrdmn/cargoship/pkg/multiregion/load_balancer.go:173.75,174.23 1 1
github.com/scttfrdmn/cargoship/pkg/multiregion/load_balancer.go:174.23,176.3 1 0
github.com/scttfrdmn/cargoship/pkg/multiregion/load_balancer.go:178.2,184.23 5 1
github.com/scttfrdmn/cargoship/pkg/multiregion/load_balancer.go:188.73,189.23 1 1
github.com/scttfrdmn/cargoship/pkg/multiregion/load_balancer.go:189.23,191.3 1 0
github.com/scttfrdmn/cargoship/pkg/multiregion/load_balancer.go:194.2,195.33 2 1
github.com/scttfrdmn/cargoship/pkg/multiregion/load_balancer.go:195.33,197.3 1 1
github.com/scttfrdmn/cargoship/pkg/multiregion/load_balancer.go:199.2,199.22 1 1
github.com/scttfrdmn/cargoship/pkg/multiregion/load_balancer.go:199.22,202.3 1 0
github.com/scttfrdmn/cargoship/pkg/multiregion/load_balancer.go:205.2,211.33 5 1
github.com/scttfrdmn/cargoship/pkg/multiregion/load_balancer.go:211.33,213.29 2 1
github.com/scttfrdmn/cargoship/pkg/multiregion/load_balancer.go:213.29,215.4 1 1
github.com/scttfrdmn/cargoship/pkg/multiregion/load_balancer.go:219.2,219.32 1 0
github.com/scttfrdmn/cargoship/pkg/multiregion/load_balancer.go:223.74,224.23 1 1
github.com/scttfrdmn/cargoship/pkg/multiregion/load_balancer.go:224.23,226.3 1 0
github.com/scttfrdmn/cargoship/pkg/multiregion/load_balancer.go:230.2,230.36 1 1
github.com/scttfrdmn/cargoship/pkg/multiregion/load_balancer.go:234.100,235.23 1 1
github.com/scttfrdmn/cargoship/pkg/multiregion/load_balancer.go:235.23,237.3 1 0
github.com/scttfrdmn/cargoship/pkg/multiregion/load_balancer.go:246.2,246.36 1 1
github.com/scttfrdmn/cargoship/pkg/multiregion/load_balancer.go:250.75,251.23 1 1
github.com/scttfrdmn/cargoship/pkg/multiregion/load_balancer.go:251.23,253.3 1 0
github.com/scttfrdmn/cargoship/pkg/multiregion/load_balancer.go:256.2,257.37 2 1
github.com/scttfrdmn/cargoship/pkg/multiregion/load_balancer.go:257.37,258.44 1 1
github.com/scttfrdmn/cargoship/pkg/multiregion/load_balancer.go:258.44,260.4 1 0
github.com/scttfrdmn/cargoship/pkg/multiregion/load_balancer.go:263.2,263.19 1 1
github.com/scttfrdmn/cargoship/pkg/multiregion/load_balancer.go:267.117,270.22 2 1
github.com/scttfrdmn/cargoship/pkg/multiregion/load_balancer.go:270.22,272.3 1 1
github.com/scttfrdmn/cargoship/pkg/multiregion/load_balancer.go:274.2,278.13 4 1
github.com/scttfrdmn/cargoship/pkg/multiregion/load_balancer.go:278.13,280.3 1 1
github.com/scttfrdmn/cargoship/pkg/multiregion/load_balancer.go:283.2,283.73 1 1
github.com/scttfrdmn/cargoship/pkg/multiregion/load_balancer.go:283.73,288.3 4 0
github.com/scttfrdmn/cargoship/pkg/multiregion/load_balancer.go:291.2,291.42 1 1
github.com/scttfrdmn/cargoship/pkg/multiregion/load_balancer.go:291.42,292.41 1 1
github.com/scttfrdmn/cargoship/pkg/multiregion/load_balancer.go:292.41,301.4 6 1
github.com/scttfrdmn/cargoship/pkg/multiregion/load_balancer.go:305.2,309.12 4 0
github.com/scttfrdmn/cargoship/pkg/multiregion/load_balancer.go:313.94,315.22 2 1
github.com/scttfrdmn/cargoship/pkg/multiregion/load_balancer.go:315.22,317.3 1 1
github.com/scttfrdmn/cargoship/pkg/multiregion/load_balancer.go:319.2,327.3 3 1
github.com/scttfrdmn/cargoship/pkg/multiregion/load_balancer.go:331.82,341.2 1 1
github.com/scttfrdmn/cargoship/pkg/multiregion/load_balancer.go:344.57,349.58 4 1
github.com/scttfrdmn/cargoship/pkg/multiregion/load_balancer.go:349.58,350.71 1 1
github.com/scttfrdmn/cargoship/pkg/multiregion/load_balancer.go:350.71,352.4 1 1
github.com/scttfrdmn/cargoship/pkg/multiregion/load_balancer.go:357.81,368.49 7 1
github.com/scttfrdmn/cargoship/pkg/multiregion/load_balancer.go:368.49,371.3 2 1
github.com/scttfrdmn/cargoship/pkg/multiregion/load_balancer.go:373.2,376.14 3 1
github.com/scttfrdmn/cargoship/pkg/multiregion/load_balancer.go:380.79,385.44 4 1
github.com/scttfrdmn/cargoship/pkg/multiregion/load_balancer.go:385.44,388.3 2 0
github.com/scttfrdmn/cargoship/pkg/multiregion/load_balancer.go:390.2,394.14 4 1
github.com/scttfrdmn/cargoship/pkg/multiregion/load_balancer.go:398.73,399.45 1 1
github.com/scttfrdmn/cargoship/pkg/multiregion/load_balancer.go:399.45,401.3 1 0
github.com/scttfrdmn/cargoship/pkg/multiregion/load_balancer.go:403.2,404.35 2 1
github.com/scttfrdmn/cargoship/pkg/multiregion/load_balancer.go:404.35,406.3 1 1
github.com/scttfrdmn/cargoship/pkg/multiregion/load_balancer.go:408.2,411.6 3 1
github.com/scttfrdmn/cargoship/pkg/multiregion/load_balancer.go:411.6,412.10 1 1
github.com/scttfrdmn/cargoship/pkg/multiregion/load_balancer.go:413.21,414.10 1 1
github.com/scttfrdmn/cargoship/pkg/multiregion/load_balancer.go:415.19,416.31 1 0
github.com/scttfrdmn/cargoship/pkg/multiregion/region_selector.go:30.86,36.2 1 1
github.com/scttfrdmn/cargoship/pkg/multiregion/region_selector.go:39.108,40.20 1 1
github.com/scttfrdmn/cargoship/pkg/multiregion/region_selector.go:40.20,42.3 1 1
github.com/scttfrdmn/cargoship/pkg/multiregion/region_selector.go:45.2,46.32 2 1
github.com/scttfrdmn/cargoship/pkg/multiregion/region_selector.go:46.32,48.3 1 1
github.com/scttfrdmn/cargoship/pkg/multiregion/region_selector.go:51.2,51.35 1 1
github.com/scttfrdmn/cargoship/pkg/multiregion/region_selector.go:51.35,52.43 1 1
github.com/scttfrdmn/cargoship/pkg/multiregion/region_selector.go:52.43,53.86 1 1
github.com/scttfrdmn/cargoship/pkg/multiregion/region_selector.go:53.86,58.5 2 1
github.com/scttfrdmn/cargoship/pkg/multiregion/region_selector.go:61.3,63.29 1 1
github.com/scttfrdmn/cargoship/pkg/multiregion/region_selector.go:67.2,67.65 1 1
github.com/scttfrdmn/cargoship/pkg/multiregion/region_selector.go:71.122,72.20 1 1
github.com/scttfrdmn/cargoship/pkg/multiregion/region_selector.go:72.20,74.3 1 0
github.com/scttfrdmn/cargoship/pkg/multiregion/region_selector.go:76.2,76.16 1 1
github.com/scttfrdmn/cargoship/pkg/multiregion/region_selector.go:76.16,78.3 1 1
github.com/scttfrdmn/cargoship/pkg/multiregion/region_selector.go:81.2,82.32 2 1
github.com/scttfrdmn/cargoship/pkg/multiregion/region_selector.go:82.32,84.3 1 0
github.com/scttfrdmn/cargoship/pkg/multiregion/region_selector.go:87.2,87.35 1 1
github.com/scttfrdmn/cargoship/pkg/multiregion/region_selector.go:87.35,89.3 1 1
github.com/scttfrdmn/cargoship/pkg/multiregion/region_selector.go:92.2,95.35 2 1
github.com/scttfrdmn/cargoship/pkg/multiregion/region_selector.go:95.35,96.43 1 1
github.com/scttfrdmn/cargoship/pkg/multiregion/region_selector.go:96.43,97.86 1 1
github.com/scttfrdmn/cargoship/pkg/multiregion/region_selector.go:97.86,100.10 3 1
github.com/scttfrdmn/cargoship/pkg/multiregion/region_selector.go:106.2,110.41 3 1
github.com/scttfrdmn/cargoship/pkg/multiregion/region_selector.go:110.41,112.3 1 1
github.com/scttfrdmn/cargoship/pkg/multiregion/region_selector.go:114.2,114.42 1 1
github.com/scttfrdmn/cargoship/pkg/multiregion/region_selector.go:114.42,115.30 1 1
github.com/scttfrdmn/cargoship/pkg/multiregion/region_selector.go:115.30,118.4 2 1
github.com/scttfrdmn/cargoship/pkg/multiregion/region_selector.go:121.2,121.29 1 1
github.com/scttfrdmn/cargoship/pkg/multiregion/region_selector.go:125.122,138.2 5 1
github.com/scttfrdmn/cargoship/pkg/multiregion/region_selector.go:141.65,144.34 2 1
github.com/scttfrdmn/cargoship/pkg/multiregion/region_selector.go:144.34,146.84 2 1
github.com/scttfrdmn/cargoship/pkg/multiregion/region_selector.go:146.84,148.4 1 1
github.com/scttfrdmn/cargoship/pkg/multiregion/region_selector.go:151.2,151.25 1 1
github.com/scttfrdmn/cargoship/pkg/multiregion/region_selector.go:155.137,156.41 1 1
github.com/scttfrdmn/cargoship/pkg/multiregion/region_selector.go:157.31,158.42 1 1
github.com/scttfrdmn/cargoship/pkg/multiregion/region_selector.go:159.29,160.40 1 1
github.com/scttfrdmn/cargoship/pkg/multiregion/region_selector.go:161.28,162.41 1 1
github.com/scttfrdmn/cargoship/pkg/multiregion/region_selector.go:163.31,164.52 1 1
github.com/scttfrdmn/cargoship/pkg/multiregion/region_selector.go:165.10,166.42 1 0
github.com/scttfrdmn/cargoship/pkg/multiregion/region_selector.go:171.77,172.23 1 1
github.com/scttfrdmn/cargoship/pkg/multiregion/region_selector.go:172.23,174.3 1 0
github.com/scttfrdmn/cargoship/pkg/multiregion/region_selector.go:178.2,179.23 2 1
github.com/scttfrdmn/cargoship/pkg/multiregion/region_selector.go:183.75,184.23 1 1
github.com/scttfrdmn/cargoship/pkg/multiregion/region_selector.go:184.23,186.3 1 0
github.com/scttfrdmn/cargoship/pkg/multiregion/region_selector.go:189.2,190.33 2 1
github.com/scttfrdmn/cargoship/pkg/multiregion/region_selector.go:190.33,192.3 1 1
github.com/scttfrdmn/cargoship/pkg/multiregion/region_selector.go:194.2,194.22 1 1
github.com/scttfrdmn/cargoship/pkg/multiregion/region_selector.go:194.22,197.3 1 1
github.com/scttfrdmn/cargoship/pkg/multiregion/region_selector.go:201.2,204.33 3 1
github.com/scttfrdmn/cargoship/pkg/multiregion/region_selector.go:204.33,206.29 2 1
github.com/scttfrdmn/cargoship/pkg/multiregion/region_selector.go:206.29,208.4 1 1
github.com/scttfrdmn/cargoship/pkg/multiregion/region_selector.go:211.2,211.19 1 0
github.com/scttfrdmn/cargoship/pkg/multiregion/region_selector.go:215.76,216.23 1 1
github.com/scttfrdmn/cargoship/pkg/multiregion/region_selector.go:216.23,218.3 1 0
github.com/scttfrdmn/cargoship/pkg/multiregion/region_selector.go:220.2,226.33 5 1
github.com/scttfrdmn/cargoship/pkg/multiregion/region_selector.go:226.33,227.62 1 1
github.com/scttfrdmn/cargoship/pkg/multiregion/region_selector.go:227.62,228.46 1 1
github.com/scttfrdmn/cargoship/pkg/multiregion/region_selector.go:228.46,231.5 2 1
github.com/scttfrdmn/cargoship/pkg/multiregion/region_selector.go:235.2,235.19 1 1
github.com/scttfrdmn/cargoship/pkg/multiregion/region_selector.go:239.102,240.23 1 1
github.com/scttfrdmn/cargoship/pkg/multiregion/region_selector.go:240.23,242.3 1 1
github.com/scttfrdmn/cargoship/pkg/multiregion/region_selector.go:246.2,246.36 1 1
github.com/scttfrdmn/cargoship/pkg/multiregion/region_selector.go:250.77,251.23 1 1
github.com/scttfrdmn/cargoship/pkg/multiregion/region_selector.go:251.23,253.3 1 0
github.com/scttfrdmn/cargoship/pkg/multiregion/region_selector.go:256.2,259.48 3 1
github.com/scttfrdmn/cargoship/pkg/multiregion/region_selector.go:259.48,261.3 1 1
github.com/scttfrdmn/cargoship/pkg/multiregion/region_selector.go:263.2,263.25 1 1
github.com/scttfrdmn/cargoship/pkg/multiregion/region_selector.go:267.136,268.37 1 1
github.com/scttfrdmn/cargoship/pkg/multiregion/region_selector.go:268.37,270.3 1 1
github.com/scttfrdmn/cargoship/pkg/multiregion/region_selector.go:273.2,277.41 3 1
github.com/scttfrdmn/cargoship/pkg/multiregion/region_selector.go:278.28,279.43 1 0
github.com/scttfrdmn/cargoship/pkg/multiregion/region_selector.go:280.29,281.42 1 0
github.com/scttfrdmn/cargoship/pkg/multiregion/region_selector.go:282.10,283.44 1 1
github.com/scttfrdmn/cargoship/pkg/multiregion/region_selector.go:287.2,287.35 1 1
github.com/scttfrdmn/cargoship/pkg/multiregion/region_selector.go:287.35,289.3 1 1
github.com/scttfrdmn/cargoship/pkg/multiregion/region_selector.go:291.2,291.33 1 1
github.com/scttfrdmn/cargoship/pkg/multiregion/region_selector.go:295.73,299.42 3 1
github.com/scttfrdmn/cargoship/pkg/multiregion/region_selector.go:299.42,303.27 3 1
github.com/scttfrdmn/cargoship/pkg/multiregion/region_selector.go:303.27,305.4 1 0
github.com/scttfrdmn/cargoship/pkg/multiregion/region_selector.go:306.3,306.15 1 1
github.com/scttfrdmn/cargoship/pkg/multiregion/region_selector.go:306.15,308.4 1 0
github.com/scttfrdmn/cargoship/pkg/multiregion/region_selector.go:309.3,309.15 1 1
github.com/scttfrdmn/cargoship/pkg/multiregion/region_selector.go:309.15,311.4 1 0
github.com/scttfrdmn/cargoship/pkg/multiregion/region_selector.go:313.3,313.63 1 1
github.com/scttfrdmn/cargoship/pkg/multiregion/region_selector.go:318.72,319.42 1 1
github.com/scttfrdmn/cargoship/pkg/multiregion/region_selector.go:319.42,320.45 1 1
github.com/scttfrdmn/cargoship/pkg/multiregion/region_selector.go:320.45,322.4 1 0
github.com/scttfrdmn/cargoship/pkg/multiregion/region_selector.go:323.3,323.47 1 1
github.com/scttfrdmn/cargoship/pkg/multiregion/region_selector.go:328.74,329.42 1 1
github.com/scttfrdmn/cargoship/pkg/multiregion/region_selector.go:329.42,331.3 1 1
github.com/scttfrdmn/cargoship/pkg/multiregion/s3_transporter.go:60.140,61.19 1 1
github.com/scttfrdmn/cargoship/pkg/multiregion/s3_transporter.go:61.19,63.3 1 1
github.com/scttfrdmn/cargoship/pkg/multiregion/s3_transporter.go:65.2,65.19 1 1
github.com/scttfrdmn/cargoship/pkg/multiregion/s3_transporter.go:65.19,67.3 1 1
github.com/scttfrdmn/cargoship/pkg/multiregion/s3_transporter.go:70.2,72.16 3 1
github.com/scttfrdmn/cargoship/pkg/multiregion/s3_transporter.go:72.16,74.3 1 1
github.com/scttfrdmn/cargoship/pkg/multiregion/s3_transporter.go:76.2,86.16 3 1
github.com/scttfrdmn/cargoship/pkg/multiregion/s3_transporter.go:86.16,88.3 1 0
github.com/scttfrdmn/cargoship/pkg/multiregion/s3_transporter.go:90.2,95.15 2 1
github.com/scttfrdmn/cargoship/pkg/multiregion/s3_transporter.go:99.133,100.20 1 1
github.com/scttfrdmn/cargoship/pkg/multiregion/s3_transporter.go:100.20,102.3 1 1
github.com/scttfrdmn/cargoship/pkg/multiregion/s3_transporter.go:104.2,104.34 1 1
github.com/scttfrdmn/cargoship/pkg/multiregion/s3_transporter.go:104.34,110.3 1 1
github.com/scttfrdmn/cargoship/pkg/multiregion/s3_transporter.go:112.2,119.62 2 1
github.com/scttfrdmn/cargoship/pkg/multiregion/s3_transporter.go:119.62,121.3 1 0
github.com/scttfrdmn/cargoship/pkg/multiregion/s3_transporter.go:121.8,123.3 1 1
github.com/scttfrdmn/cargoship/pkg/multiregion/s3_transporter.go:127.139,130.16 2 1
github.com/scttfrdmn/cargoship/pkg/multiregion/s3_transporter.go:130.16,132.3 1 0
github.com/scttfrdmn/cargoship/pkg/multiregion/s3_transporter.go:135.2,136.16 2 1
github.com/scttfrdmn/cargoship/pkg/multiregion/s3_transporter.go:136.16,138.3 1 0
github.com/scttfrdmn/cargoship/pkg/multiregion/s3_transporter.go:141.2,142.16 2 1
github.com/scttfrdmn/cargoship/pkg/multiregion/s3_transporter.go:142.16,144.38 1 1
github.com/scttfrdmn/cargoship/pkg/multiregion/s3_transporter.go:144.38,146.4 1 1
github.com/scttfrdmn/cargoship/pkg/multiregion/s3_transporter.go:147.3,147.79 1 0
github.com/scttfrdmn/cargoship/pkg/multiregion/s3_transporter.go:150.2,158.8 1 0
github.com/scttfrdmn/cargoship/pkg/multiregion/s3_transporter.go:162.142,166.16 3 1
github.com/scttfrdmn/cargoship/pkg/multiregion/s3_transporter.go:166.16,168.3 1 1
github.com/scttfrdmn/cargoship/pkg/multiregion/s3_transporter.go:170.2,184.33 4 1
github.com/scttfrdmn/cargoship/pkg/multiregion/s3_transporter.go:184.33,185.22 1 1
github.com/scttfrdmn/cargoship/pkg/multiregion/s3_transporter.go:185.22,187.18 2 1
github.com/scttfrdmn/cargoship/pkg/multiregion/s3_transporter.go:187.18,190.5 2 0
github.com/scttfrdmn/cargoship/pkg/multiregion/s3_transporter.go:192.4,193.73 2 1
github.com/scttfrdmn/cargoship/pkg/multiregion/s3_transporter.go:198.2,204.36 6 1
github.com/scttfrdmn/cargoship/pkg/multiregion/s3_transporter.go:204.36,207.25 2 1
github.com/scttfrdmn/cargoship/pkg/multiregion/s3_transporter.go:207.25,213.4 3 1
github.com/scttfrdmn/cargoship/pkg/multiregion/s3_transporter.go:213.9,218.29 4 0
github.com/scttfrdmn/cargoship/pkg/multiregion/s3_transporter.go:218.29,220.5 1 0
github.com/scttfrdmn/cargoship/pkg/multiregion/s3_transporter.go:222.4,225.41 1 0
github.com/scttfrdmn/cargoship/pkg/multiregion/s3_transporter.go:230.2,230.23 1 1
github.com/scttfrdmn/cargoship/pkg/multiregion/s3_transporter.go:230.23,232.3 1 1
github.com/scttfrdmn/cargoship/pkg/multiregion/s3_transporter.go:234.2,235.33 2 0
github.com/scttfrdmn/cargoship/pkg/multiregion/s3_transporter.go:235.33,237.3 1 0
github.com/scttfrdmn/cargoship/pkg/multiregion/s3_transporter.go:239.2,239.66 1 0
github.com/scttfrdmn/cargoship/pkg/multiregion/s3_transporter.go:239.66,242.3 1 0
github.com/scttfrdmn/cargoship/pkg/multiregion/s3_transporter.go:245.2,247.39 3 0
github.com/scttfrdmn/cargoship/pkg/multiregion/s3_transporter.go:247.39,248.36 1 0
github.com/scttfrdmn/cargoship/pkg/multiregion/s3_transporter.go:248.36,250.4 1 0
github.com/scttfrdmn/cargoship/pkg/multiregion/s3_transporter.go:251.3,251.22 1 0
github.com/scttfrdmn/cargoship/pkg/multiregion/s3_transporter.go:251.22,253.4 1 0
github.com/scttfrdmn/cargoship/pkg/multiregion/s3_transporter.go:256.2,270.8 1 0
github.com/scttfrdmn/cargoship/pkg/multiregion/s3_transporter.go:274.185,283.63 3 1
github.com/scttfrdmn/cargoship/pkg/multiregion/s3_transporter.go:283.63,288.17 3 1
github.com/scttfrdmn/cargoship/pkg/multiregion/s3_transporter.go:288.17,289.12 1 0
github.com/scttfrdmn/cargoship/pkg/multiregion/s3_transporter.go:292.3,292.34 1 1
github.com/scttfrdmn/cargoship/pkg/multiregion/s3_transporter.go:292.34,293.12 1 1
github.com/scttfrdmn/cargoship/pkg/multiregion/s3_transporter.go:297.3,297.33 1 1
github.com/scttfrdmn/cargoship/pkg/multiregion/s3_transporter.go:297.33,299.4 1 1
github.com/scttfrdmn/cargoship/pkg/multiregion/s3_transporter.go:301.3,302.17 2 1
github.com/scttfrdmn/cargoship/pkg/multiregion/s3_transporter.go:302.17,306.12 2 0
github.com/scttfrdmn/cargoship/pkg/multiregion/s3_transporter.go:309.3,310.17 2 1
github.com/scttfrdmn/cargoship/pkg/multiregion/s3_transporter.go:310.17,315.12 2 1
github.com/scttfrdmn/cargoship/pkg/multiregion/s3_transporter.go:318.3,339.9 2 0
github.com/scttfrdmn/cargoship/pkg/multiregion/s3_transporter.go:342.2,343.44 1 1
github.com/scttfrdmn/cargoship/pkg/multiregion/s3_transporter.go:347.187,349.24 1 1
github.com/scttfrdmn/cargoship/pkg/multiregion/s3_transporter.go:349.24,351.3 1 1
github.com/scttfrdmn/cargoship/pkg/multiregion/s3_transporter.go:353.2,353.52 1 0
github.com/scttfrdmn/cargoship/pkg/multiregion/s3_transporter.go:357.118,362.13 4 1
github.com/scttfrdmn/cargoship/pkg/multiregion/s3_transporter.go:362.13,364.3 1 1
github.com/scttfrdmn/cargoship/pkg/multiregion/s3_transporter.go:366.2,366.25 1 1
github.com/scttfrdmn/cargoship/pkg/multiregion/s3_transporter.go:370.92,371.42 1 1
github.com/scttfrdmn/cargoship/pkg/multiregion/s3_transporter.go:371.42,374.17 2 1
github.com/scttfrdmn/cargoship/pkg/multiregion/s3_transporter.go:374.17,376.4 1 0
github.com/scttfrdmn/cargoship/pkg/multiregion/s3_transporter.go:379.3,387.28 5 1
github.com/scttfrdmn/cargoship/pkg/multiregion/s3_transporter.go:387.28,389.4 1 0
github.com/scttfrdmn/cargoship/pkg/multiregion/s3_transporter.go:391.3,392.17 2 1
github.com/scttfrdmn/cargoship/pkg/multiregion/s3_transporter.go:392.17,394.4 1 0
github.com/scttfrdmn/cargoship/pkg/multiregion/s3_transporter.go:396.3,400.64 2 1
github.com/scttfrdmn/cargoship/pkg/multiregion/s3_transporter.go:403.2,403.12 1 1
github.com/scttfrdmn/cargoship/pkg/multiregion/s3_transporter.go:407.72,411.26 2 1
github.com/scttfrdmn/cargoship/pkg/multiregion/s3_transporter.go:411.26,413.17 2 1
github.com/scttfrdmn/cargoship/pkg/multiregion/s3_transporter.go:413.17,415.4 1 0
github.com/scttfrdmn/cargoship/pkg/multiregion/s3_transporter.go:419.2,422.50 3 1
github.com/scttfrdmn/cargoship/pkg/multiregion/s3_transporter.go:422.50,423.25 1 1
github.com/scttfrdmn/cargoship/pkg/multiregion/s3_transporter.go:423.25,427.4 1 1
github.com/scttfrdmn/cargoship/pkg/multiregion/s3_transporter.go:430.2,431.12 2 1
github.com/scttfrdmn/cargoship/pkg/multiregion/s3_transporter.go:435.56,444.2 1 1
github.com/scttfrdmn/cargoship/pkg/multiregion/s3_transporter.go:447.52,503.2 1 1
github.com/scttfrdmn/cargoship/pkg/travelagent/server.go:34.41,35.25 1 1
github.com/scttfrdmn/cargoship/pkg/travelagent/server.go:35.25,37.3 1 1
github.com/scttfrdmn/cargoship/pkg/travelagent/server.go:41.64,42.25 1 1
github.com/scttfrdmn/cargoship/pkg/travelagent/server.go:42.25,43.29 1 1
github.com/scttfrdmn/cargoship/pkg/travelagent/server.go:43.29,45.32 2 0
github.com/scttfrdmn/cargoship/pkg/travelagent/server.go:48.2,48.25 1 1
github.com/scttfrdmn/cargoship/pkg/travelagent/server.go:48.25,50.3 1 1
github.com/scttfrdmn/cargoship/pkg/travelagent/server.go:54.45,55.25 1 1
github.com/scttfrdmn/cargoship/pkg/travelagent/server.go:55.25,57.3 1 1
github.com/scttfrdmn/cargoship/pkg/travelagent/server.go:61.49,62.25 1 1
github.com/scttfrdmn/cargoship/pkg/travelagent/server.go:62.25,64.3 1 1
github.com/scttfrdmn/cargoship/pkg/travelagent/server.go:68.47,70.16 2 1
github.com/scttfrdmn/cargoship/pkg/travelagent/server.go:70.16,71.13 1 0
github.com/scttfrdmn/cargoship/pkg/travelagent/server.go:74.2,78.27 2 1
github.com/scttfrdmn/cargoship/pkg/travelagent/server.go:78.27,80.3 1 1
github.com/scttfrdmn/cargoship/pkg/travelagent/server.go:82.2,82.17 1 1
github.com/scttfrdmn/cargoship/pkg/travelagent/server.go:82.17,86.3 3 1
github.com/scttfrdmn/cargoship/pkg/travelagent/server.go:88.2,94.24 6 1
github.com/scttfrdmn/cargoship/pkg/travelagent/server.go:94.24,98.3 3 1
github.com/scttfrdmn/cargoship/pkg/travelagent/server.go:99.2,99.10 1 1
github.com/scttfrdmn/cargoship/pkg/travelagent/server.go:102.80,105.46 2 1
github.com/scttfrdmn/cargoship/pkg/travelagent/server.go:105.46,107.22 2 1
github.com/scttfrdmn/cargoship/pkg/travelagent/server.go:107.22,109.4 1 1
github.com/scttfrdmn/cargoship/pkg/travelagent/server.go:110.3,110.49 1 1
github.com/scttfrdmn/cargoship/pkg/travelagent/server.go:110.49,112.4 1 0
github.com/scttfrdmn/cargoship/pkg/travelagent/server.go:113.3,113.13 1 1
github.com/scttfrdmn/cargoship/pkg/travelagent/server.go:114.17,116.3 1 0
github.com/scttfrdmn/cargoship/pkg/travelagent/server.go:117.2,117.18 1 1
github.com/scttfrdmn/cargoship/pkg/travelagent/server.go:120.83,122.16 2 1
github.com/scttfrdmn/cargoship/pkg/travelagent/server.go:122.16,124.3 1 0
github.com/scttfrdmn/cargoship/pkg/travelagent/server.go:125.2,125.45 1 1
github.com/scttfrdmn/cargoship/pkg/travelagent/server.go:125.45,128.3 2 1
github.com/scttfrdmn/cargoship/pkg/travelagent/server.go:131.53,133.2 1 1
github.com/scttfrdmn/cargoship/pkg/travelagent/server.go:136.33,139.45 2 1
github.com/scttfrdmn/cargoship/pkg/travelagent/server.go:139.45,141.20 2 1
github.com/scttfrdmn/cargoship/pkg/travelagent/server.go:141.20,142.51 1 1
github.com/scttfrdmn/cargoship/pkg/travelagent/server.go:142.51,144.5 1 0
github.com/scttfrdmn/cargoship/pkg/travelagent/server.go:146.3,146.13 1 1
github.com/scttfrdmn/cargoship/pkg/travelagent/server.go:150.55,158.2 5 0
github.com/scttfrdmn/cargoship/pkg/travelagent/server.go:161.30,173.2 7 1
github.com/scttfrdmn/cargoship/pkg/travelagent/server.go:176.29,178.2 1 1
github.com/scttfrdmn/cargoship/pkg/travelagent/server.go:181.33,183.2 1 1
github.com/scttfrdmn/cargoship/pkg/travelagent/server.go:185.71,186.77 1 1
github.com/scttfrdmn/cargoship/pkg/travelagent/server.go:186.77,195.3 6 1
github.com/scttfrdmn/cargoship/pkg/travelagent/server.go:198.75,201.16 3 1
github.com/scttfrdmn/cargoship/pkg/travelagent/server.go:201.16,204.3 2 0
github.com/scttfrdmn/cargoship/pkg/travelagent/server.go:205.2,207.16 3 1
github.com/scttfrdmn/cargoship/pkg/travelagent/server.go:207.16,210.3 2 0
github.com/scttfrdmn/cargoship/pkg/travelagent/server.go:211.2,212.18 2 1
github.com/scttfrdmn/cargoship/pkg/travelagent/server.go:215.61,216.16 1 1
github.com/scttfrdmn/cargoship/pkg/travelagent/server.go:216.16,218.3 1 0
github.com/scttfrdmn/cargoship/pkg/travelagent/server.go:221.59,230.2 6 0
github.com/scttfrdmn/cargoship/pkg/travelagent/server.go:232.96,234.36 2 1
github.com/scttfrdmn/cargoship/pkg/travelagent/server.go:234.36,237.3 2 1
github.com/scttfrdmn/cargoship/pkg/travelagent/server.go:238.2,238.37 1 1
github.com/scttfrdmn/cargoship/pkg/travelagent/server.go:238.37,241.3 2 1
github.com/scttfrdmn/cargoship/pkg/travelagent/server.go:242.2,242.22 1 1
github.com/scttfrdmn/cargoship/pkg/travelagent/server.go:245.77,248.16 3 1
github.com/scttfrdmn/cargoship/pkg/travelagent/server.go:248.16,250.3 1 0
github.com/scttfrdmn/cargoship/pkg/travelagent/server.go:252.2,253.16 2 1
github.com/scttfrdmn/cargoship/pkg/travelagent/server.go:253.16,255.3 1 1
github.com/scttfrdmn/cargoship/pkg/travelagent/server.go:257.2,257.35 1 1
github.com/scttfrdmn/cargoship/pkg/travelagent/server.go:257.35,260.3 2 0
github.com/scttfrdmn/cargoship/pkg/travelagent/server.go:269.2,270.72 2 1
github.com/scttfrdmn/cargoship/pkg/travelagent/server.go:270.72,274.3 2 0
github.com/scttfrdmn/cargoship/pkg/travelagent/server.go:276.2,277.16 2 1
github.com/scttfrdmn/cargoship/pkg/travelagent/server.go:277.16,280.3 2 0
github.com/scttfrdmn/cargoship/pkg/travelagent/server.go:282.2,284.28 2 1
github.com/scttfrdmn/cargoship/pkg/travelagent/server.go:284.28,288.18 1 1
github.com/scttfrdmn/cargoship/pkg/travelagent/server.go:288.18,291.4 2 0
github.com/scttfrdmn/cargoship/pkg/travelagent/server.go:295.2,299.17 1 1
github.com/scttfrdmn/cargoship/pkg/travelagent/server.go:299.17,302.3 2 0
github.com/scttfrdmn/cargoship/pkg/travelagent/server.go:305.50,311.2 5 1
github.com/scttfrdmn/cargoship/pkg/travelagent/travelagent.go:85.55,88.31 3 1
github.com/scttfrdmn/cargoship/pkg/travelagent/travelagent.go:88.31,89.18 1 1
github.com/scttfrdmn/cargoship/pkg/travelagent/travelagent.go:89.18,91.4 1 1
github.com/scttfrdmn/cargoship/pkg/travelagent/travelagent.go:91.9,93.4 1 1
github.com/scttfrdmn/cargoship/pkg/travelagent/travelagent.go:95.2,96.35 2 1
github.com/scttfrdmn/cargoship/pkg/travelagent/travelagent.go:96.35,98.3 1 1
github.com/scttfrdmn/cargoship/pkg/travelagent/travelagent.go:99.2,99.22 1 1
github.com/scttfrdmn/cargoship/pkg/travelagent/travelagent.go:103.41,107.2 3 1
github.com/scttfrdmn/cargoship/pkg/travelagent/travelagent.go:109.45,112.14 3 1
github.com/scttfrdmn/cargoship/pkg/travelagent/travelagent.go:112.14,113.28 1 0
github.com/scttfrdmn/cargoship/pkg/travelagent/travelagent.go:115.2,115.102 1 1
github.com/scttfrdmn/cargoship/pkg/travelagent/travelagent.go:119.85,122.84 2 1
github.com/scttfrdmn/cargoship/pkg/travelagent/travelagent.go:122.84,125.17 3 1
github.com/scttfrdmn/cargoship/pkg/travelagent/travelagent.go:125.17,127.4 1 0
github.com/scttfrdmn/cargoship/pkg/travelagent/travelagent.go:128.3,139.41 3 1
github.com/scttfrdmn/cargoship/pkg/travelagent/travelagent.go:139.41,141.4 1 0
github.com/scttfrdmn/cargoship/pkg/travelagent/travelagent.go:143.3,143.72 1 1
github.com/scttfrdmn/cargoship/pkg/travelagent/travelagent.go:143.72,150.96 2 0
github.com/scttfrdmn/cargoship/pkg/travelagent/travelagent.go:150.96,152.5 1 0
github.com/scttfrdmn/cargoship/pkg/travelagent/travelagent.go:154.3,154.13 1 1
github.com/scttfrdmn/cargoship/pkg/travelagent/travelagent.go:155.17,157.3 1 0
github.com/scttfrdmn/cargoship/pkg/travelagent/travelagent.go:159.2,160.16 2 1
github.com/scttfrdmn/cargoship/pkg/travelagent/travelagent.go:160.16,162.3 1 1
github.com/scttfrdmn/cargoship/pkg/travelagent/travelagent.go:163.2,163.26 1 1
github.com/scttfrdmn/cargoship/pkg/travelagent/travelagent.go:167.52,169.2 1 1
github.com/scttfrdmn/cargoship/pkg/travelagent/travelagent.go:172.43,174.2 1 1
github.com/scttfrdmn/cargoship/pkg/travelagent/travelagent.go:176.69,178.16 2 1
github.com/scttfrdmn/cargoship/pkg/travelagent/travelagent.go:178.16,180.3 1 0
github.com/scttfrdmn/cargoship/pkg/travelagent/travelagent.go:182.2,183.62 2 1
github.com/scttfrdmn/cargoship/pkg/travelagent/travelagent.go:183.62,185.3 1 0
github.com/scttfrdmn/cargoship/pkg/travelagent/travelagent.go:186.2,186.35 1 1
github.com/scttfrdmn/cargoship/pkg/travelagent/travelagent.go:186.35,188.3 1 1
github.com/scttfrdmn/cargoship/pkg/travelagent/travelagent.go:190.2,190.26 1 1
github.com/scttfrdmn/cargoship/pkg/travelagent/travelagent.go:194.58,196.17 2 1
github.com/scttfrdmn/cargoship/pkg/travelagent/travelagent.go:196.17,198.3 1 1
github.com/scttfrdmn/cargoship/pkg/travelagent/travelagent.go:199.2,204.17 5 1
github.com/scttfrdmn/cargoship/pkg/travelagent/travelagent.go:204.17,206.3 1 0
github.com/scttfrdmn/cargoship/pkg/travelagent/travelagent.go:208.2,208.47 1 1
github.com/scttfrdmn/cargoship/pkg/travelagent/travelagent.go:208.47,210.3 1 0
github.com/scttfrdmn/cargoship/pkg/travelagent/travelagent.go:212.2,212.39 1 1
github.com/scttfrdmn/cargoship/pkg/travelagent/travelagent.go:212.39,214.3 1 0
github.com/scttfrdmn/cargoship/pkg/travelagent/travelagent.go:216.2,217.16 2 1
github.com/scttfrdmn/cargoship/pkg/travelagent/travelagent.go:217.16,219.3 1 0
github.com/scttfrdmn/cargoship/pkg/travelagent/travelagent.go:220.2,222.50 3 1
github.com/scttfrdmn/cargoship/pkg/travelagent/travelagent.go:222.50,224.3 1 0
github.com/scttfrdmn/cargoship/pkg/travelagent/travelagent.go:225.2,225.12 1 1
github.com/scttfrdmn/cargoship/pkg/travelagent/travelagent.go:229.76,231.52 1 1
github.com/scttfrdmn/cargoship/pkg/travelagent/travelagent.go:231.52,234.3 2 0
github.com/scttfrdmn/cargoship/pkg/travelagent/travelagent.go:235.2,237.16 3 1
github.com/scttfrdmn/cargoship/pkg/travelagent/travelagent.go:237.16,239.3 1 0
github.com/scttfrdmn/cargoship/pkg/travelagent/travelagent.go:240.2,241.18 2 1
github.com/scttfrdmn/cargoship/pkg/travelagent/travelagent.go:241.18,243.3 1 1
github.com/scttfrdmn/cargoship/pkg/travelagent/travelagent.go:243.8,245.3 1 1
github.com/scttfrdmn/cargoship/pkg/travelagent/travelagent.go:246.2,246.16 1 1
github.com/scttfrdmn/cargoship/pkg/travelagent/travelagent.go:246.16,248.3 1 0
github.com/scttfrdmn/cargoship/pkg/travelagent/travelagent.go:250.2,251.16 2 1
github.com/scttfrdmn/cargoship/pkg/travelagent/travelagent.go:251.16,253.3 1 1
github.com/scttfrdmn/cargoship/pkg/travelagent/travelagent.go:254.2,254.16 1 1
github.com/scttfrdmn/cargoship/pkg/travelagent/travelagent.go:262.48,264.16 2 1
github.com/scttfrdmn/cargoship/pkg/travelagent/travelagent.go:264.16,266.3 1 1
github.com/scttfrdmn/cargoship/pkg/travelagent/travelagent.go:267.2,269.16 3 1
github.com/scttfrdmn/cargoship/pkg/travelagent/travelagent.go:269.16,271.3 1 1
github.com/scttfrdmn/cargoship/pkg/travelagent/travelagent.go:272.2,272.16 1 1
github.com/scttfrdmn/cargoship/pkg/travelagent/travelagent.go:275.88,278.42 3 1
github.com/scttfrdmn/cargoship/pkg/travelagent/travelagent.go:278.42,280.3 1 1
github.com/scttfrdmn/cargoship/pkg/travelagent/travelagent.go:282.2,282.17 1 1
github.com/scttfrdmn/cargoship/pkg/travelagent/travelagent.go:282.17,285.3 2 0
github.com/scttfrdmn/cargoship/pkg/travelagent/travelagent.go:287.2,289.16 3 1
github.com/scttfrdmn/cargoship/pkg/travelagent/travelagent.go:289.16,291.3 1 0
github.com/scttfrdmn/cargoship/pkg/travelagent/travelagent.go:293.2,295.79 2 1
github.com/scttfrdmn/cargoship/pkg/travelagent/travelagent.go:295.79,297.66 2 1
github.com/scttfrdmn/cargoship/pkg/travelagent/travelagent.go:297.66,299.4 1 1
github.com/scttfrdmn/cargoship/pkg/travelagent/travelagent.go:301.3,301.67 1 0
github.com/scttfrdmn/cargoship/pkg/travelagent/travelagent.go:304.2,305.21 2 1
github.com/scttfrdmn/cargoship/pkg/travelagent/travelagent.go:305.21,306.71 1 1
github.com/scttfrdmn/cargoship/pkg/travelagent/travelagent.go:306.71,308.4 1 0
github.com/scttfrdmn/cargoship/pkg/travelagent/travelagent.go:310.2,312.15 2 1
github.com/scttfrdmn/cargoship/pkg/travelagent/travelagent.go:318.45,319.44 1 1
github.com/scttfrdmn/cargoship/pkg/travelagent/travelagent.go:319.44,321.3 1 1
github.com/scttfrdmn/cargoship/pkg/travelagent/travelagent.go:324.32,325.44 1 1
github.com/scttfrdmn/cargoship/pkg/travelagent/travelagent.go:325.44,327.3 1 1
github.com/scttfrdmn/cargoship/pkg/travelagent/travelagent.go:331.40,332.38 1 1
github.com/scttfrdmn/cargoship/pkg/travelagent/travelagent.go:332.38,334.3 1 1
github.com/scttfrdmn/cargoship/pkg/travelagent/travelagent.go:338.31,341.16 3 1
github.com/scttfrdmn/cargoship/pkg/travelagent/travelagent.go:341.16,343.3 1 1
github.com/scttfrdmn/cargoship/pkg/travelagent/travelagent.go:344.2,344.38 1 1
github.com/scttfrdmn/cargoship/pkg/travelagent/travelagent.go:344.38,346.3 1 1
github.com/scttfrdmn/cargoship/pkg/travelagent/travelagent.go:350.29,351.38 1 1
github.com/scttfrdmn/cargoship/pkg/travelagent/travelagent.go:351.38,353.3 1 1
github.com/scttfrdmn/cargoship/pkg/travelagent/travelagent.go:357.33,358.38 1 1
github.com/scttfrdmn/cargoship/pkg/travelagent/travelagent.go:358.38,360.3 1 1
github.com/scttfrdmn/cargoship/pkg/travelagent/travelagent.go:364.42,366.16 2 1
github.com/scttfrdmn/cargoship/pkg/travelagent/travelagent.go:366.16,368.3 1 1
github.com/scttfrdmn/cargoship/pkg/travelagent/travelagent.go:369.2,370.16 2 1
github.com/scttfrdmn/cargoship/pkg/travelagent/travelagent.go:370.16,372.3 1 0
github.com/scttfrdmn/cargoship/pkg/travelagent/travelagent.go:373.2,373.38 1 1
github.com/scttfrdmn/cargoship/pkg/travelagent/travelagent.go:373.38,376.3 2 1
github.com/scttfrdmn/cargoship/pkg/travelagent/travelagent.go:380.40,381.38 1 1
github.com/scttfrdmn/cargoship/pkg/travelagent/travelagent.go:381.38,383.3 1 1
github.com/scttfrdmn/cargoship/pkg/travelagent/travelagent.go:387.50,388.38 1 1
github.com/scttfrdmn/cargoship/pkg/travelagent/travelagent.go:388.38,390.3 1 1
github.com/scttfrdmn/cargoship/pkg/travelagent/travelagent.go:394.54,395.38 1 1
github.com/scttfrdmn/cargoship/pkg/travelagent/travelagent.go:395.38,397.3 1 1
github.com/scttfrdmn/cargoship/pkg/travelagent/travelagent.go:401.38,402.38 1 1
github.com/scttfrdmn/cargoship/pkg/travelagent/travelagent.go:402.38,404.3 1 1
github.com/scttfrdmn/cargoship/pkg/travelagent/travelagent.go:408.50,409.38 1 1
github.com/scttfrdmn/cargoship/pkg/travelagent/travelagent.go:409.38,411.3 1 1
github.com/scttfrdmn/cargoship/pkg/travelagent/travelagent.go:415.41,417.16 2 1
github.com/scttfrdmn/cargoship/pkg/travelagent/travelagent.go:417.16,419.3 1 0
github.com/scttfrdmn/cargoship/pkg/travelagent/travelagent.go:420.2,421.16 2 1
github.com/scttfrdmn/cargoship/pkg/travelagent/travelagent.go:421.16,423.3 1 0
github.com/scttfrdmn/cargoship/pkg/travelagent/travelagent.go:424.2,426.20 3 1
github.com/scttfrdmn/cargoship/pkg/travelagent/travelagent.go:426.20,428.17 2 1
github.com/scttfrdmn/cargoship/pkg/travelagent/travelagent.go:428.17,430.4 1 0
github.com/scttfrdmn/cargoship/pkg/travelagent/travelagent.go:431.3,433.17 3 1
github.com/scttfrdmn/cargoship/pkg/travelagent/travelagent.go:433.17,435.4 1 0
github.com/scttfrdmn/cargoship/pkg/travelagent/travelagent.go:436.8,438.17 2 1
github.com/scttfrdmn/cargoship/pkg/travelagent/travelagent.go:438.17,440.4 1 0
github.com/scttfrdmn/cargoship/pkg/travelagent/travelagent.go:441.3,442.17 2 1
github.com/scttfrdmn/cargoship/pkg/travelagent/travelagent.go:442.17,444.4 1 0
github.com/scttfrdmn/cargoship/pkg/travelagent/travelagent.go:445.3,446.17 2 1
github.com/scttfrdmn/cargoship/pkg/travelagent/travelagent.go:446.17,448.4 1 0
github.com/scttfrdmn/cargoship/pkg/travelagent/travelagent.go:451.2,452.17 2 1
github.com/scttfrdmn/cargoship/pkg/travelagent/travelagent.go:452.17,454.3 1 0
github.com/scttfrdmn/cargoship/pkg/travelagent/travelagent.go:456.2,456.38 1 1
github.com/scttfrdmn/cargoship/pkg/travelagent/travelagent.go:456.38,457.22 1 1
github.com/scttfrdmn/cargoship/pkg/travelagent/travelagent.go:457.22,459.4 1 1
github.com/scttfrdmn/cargoship/pkg/travelagent/travelagent.go:460.3,460.18 1 1
github.com/scttfrdmn/cargoship/pkg/travelagent/travelagent.go:460.18,462.4 1 1
github.com/scttfrdmn/cargoship/pkg/travelagent/travelagent.go:463.3,464.39 2 1
github.com/scttfrdmn/cargoship/pkg/travelagent/travelagent.go:469.51,477.33 2 1
github.com/scttfrdmn/cargoship/pkg/travelagent/travelagent.go:477.33,479.17 2 1
github.com/scttfrdmn/cargoship/pkg/travelagent/travelagent.go:479.17,481.4 1 1
github.com/scttfrdmn/cargoship/pkg/travelagent/travelagent.go:482.3,482.10 1 1
github.com/scttfrdmn/cargoship/pkg/travelagent/travelagent.go:486.2,490.35 3 1
github.com/scttfrdmn/cargoship/pkg/travelagent/travelagent.go:490.35,492.3 1 0
github.com/scttfrdmn/cargoship/pkg/travelagent/travelagent.go:494.2,494.19 1 1
github.com/scttfrdmn/cargoship/pkg/travelagent/travelagent.go:494.19,496.3 1 1
github.com/scttfrdmn/cargoship/pkg/travelagent/travelagent.go:497.2,497.20 1 1
github.com/scttfrdmn/cargoship/pkg/travelagent/travelagent.go:497.20,499.3 1 1
github.com/scttfrdmn/cargoship/pkg/travelagent/travelagent.go:501.2,501.16 1 1
github.com/scttfrdmn/cargoship/pkg/travelagent/travelagent.go:505.61,509.18 2 1
github.com/scttfrdmn/cargoship/pkg/travelagent/travelagent.go:509.18,511.3 1 1
github.com/scttfrdmn/cargoship/pkg/travelagent/travelagent.go:512.2,512.9 1 1
github.com/scttfrdmn/cargoship/pkg/travelagent/travelagent.go:513.38,520.40 2 0
github.com/scttfrdmn/cargoship/pkg/travelagent/travelagent.go:520.40,522.4 1 0
github.com/scttfrdmn/cargoship/pkg/travelagent/travelagent.go:523.3,523.39 1 0
github.com/scttfrdmn/cargoship/pkg/travelagent/travelagent.go:523.39,525.4 1 0
github.com/scttfrdmn/cargoship/pkg/travelagent/travelagent.go:526.3,526.43 1 0
github.com/scttfrdmn/cargoship/pkg/travelagent/travelagent.go:526.43,528.4 1 0
github.com/scttfrdmn/cargoship/pkg/travelagent/travelagent.go:530.37,531.119 1 0
github.com/scttfrdmn/cargoship/pkg/travelagent/travelagent.go:534.2,534.9 1 1
github.com/scttfrdmn/cargoship/pkg/travelagent/travelagent.go:535.26,536.30 1 1
github.com/scttfrdmn/cargoship/pkg/travelagent/travelagent.go:537.45,541.46 4 0
github.com/scttfrdmn/cargoship/pkg/travelagent/travelagent.go:542.46,543.26 1 0
github.com/scttfrdmn/cargoship/pkg/travelagent/travelagent.go:544.10,545.33 1 0
github.com/scttfrdmn/cargoship/pkg/travelagent/travelagent.go:548.2,548.61 1 1
github.com/scttfrdmn/cargoship/pkg/travelagent/travelagent.go:548.61,550.3 1 0
github.com/scttfrdmn/cargoship/pkg/travelagent/travelagent.go:551.2,551.10 1 1
github.com/scttfrdmn/cargoship/pkg/travelagent/travelagent.go:554.26,557.2 2 1
github.com/scttfrdmn/cargoship/pkg/travelagent/travelagent.go:563.47,565.2 1 1
github.com/scttfrdmn/cargoship/pkg/travelagent/travelagent.go:568.51,572.2 3 1
github.com/scttfrdmn/cargoship/pkg/travelagent/travelagent.go:586.45,587.11 1 1
github.com/scttfrdmn/cargoship/pkg/travelagent/travelagent.go:588.17,589.28 1 1
github.com/scttfrdmn/cargoship/pkg/travelagent/travelagent.go:590.21,591.31 1 1
github.com/scttfrdmn/cargoship/pkg/travelagent/travelagent.go:592.18,593.29 1 0
github.com/scttfrdmn/cargoship/pkg/travelagent/travelagent.go:594.16,595.27 1 0
github.com/scttfrdmn/cargoship/pkg/travelagent/travelagent.go:596.10,597.67 1 0
github.com/scttfrdmn/cargoship/pkg/travelagent/travelagent.go:601.33,602.11 1 1
github.com/scttfrdmn/cargoship/pkg/travelagent/travelagent.go:603.21,604.19 1 1
github.com/scttfrdmn/cargoship/pkg/travelagent/travelagent.go:605.24,606.23 1 1
github.com/scttfrdmn/cargoship/pkg/travelagent/travelagent.go:607.22,608.20 1 1
github.com/scttfrdmn/cargoship/pkg/travelagent/travelagent.go:609.20,610.18 1 1
github.com/scttfrdmn/cargoship/pkg/travelagent/travelagent.go:611.10,612.26 1 0
github.com/scttfrdmn/cargoship/pkg/travelagent/travelagent.go:631.26,633.16 2 1
github.com/scttfrdmn/cargoship/pkg/travelagent/travelagent.go:633.16,635.3 1 0
github.com/scttfrdmn/cargoship/pkg/travelagent/travelagent.go:639.36,648.2 7 1
github.com/scttfrdmn/cargoship/pkg/travelagent/travelagent.go:650.28,651.16 1 1
github.com/scttfrdmn/cargoship/pkg/travelagent/travelagent.go:651.16,652.13 1 0
github.com/scttfrdmn/cargoship/pkg/travelagent/travelagent.go:656.32,657.11 1 1
github.com/scttfrdmn/cargoship/pkg/travelagent/travelagent.go:657.11,658.63 1 0
github.com/scttfrdmn/cargoship/pkg/travelagent/travelagent.go:660.2,660.18 1 1
